Created output directory: output/llama3/2b_4h100
Dependency graph not loaded. Generating a new one.
Parsing mlir_file: /home/hice1/wguo303/changhai/shared/scratch/workloads/llama3-2b.mlir
----------------------------------------
Input file          | /home/hice1/wguo303/changhai/shared/scratch/workloads/llama3-2b.mlir
Number of non-expanded ops:| 19299
Split strategy      | linear_split
----------------------------------------
Dependency graph saved to output/llama3/2b_4h100/dependency_graph.dot
Number of splits: 2891
Creating new MLIR modules for each split:
Saving private functions to: output/llama3/2b_4h100/private_functions.mlir
Removed 0 empty mlir nodes from dependency graph
Dependency graph pickled and saved to output/llama3/2b_4h100/dependency_graph.pkl
Parsed 2891 modules from the MLIR file.
No cached results found at: /storage/ice1/5/1/cman8/shared/hespas_workload/output/llama3/2b_4h100/cache.json
>>>> DiGraph with 2891 nodes and 2890 edges
-----------------------------------------------------------
Translating MLIR to HLO:
xla-translate --stablehlo-to-hlo-text -o /storage/ice1/5/1/cman8/shared/hespas_workload/output/llama3/2b_4h100/mini_module_2890.hlo output/llama3/2b_4h100/mini_module_2890.mlir
hlo_runner_main --num_repeats=5 --profile_execution=true --hlo_argument_mode=uninitialized /storage/ice1/5/1/cman8/shared/hespas_workload/output/llama3/2b_4h100/mini_module_2890.hlo
------------------------------------------------
Runtime estimate for mini_module_2890.mlir - runtime: 5.768000000000001
-----------------------------------------------------------
Translating MLIR to HLO:
xla-translate --stablehlo-to-hlo-text -o /storage/ice1/5/1/cman8/shared/hespas_workload/output/llama3/2b_4h100/mini_module_2888.hlo output/llama3/2b_4h100/mini_module_2888.mlir
hlo_runner_main --num_repeats=5 --profile_execution=true --hlo_argument_mode=uninitialized /storage/ice1/5/1/cman8/shared/hespas_workload/output/llama3/2b_4h100/mini_module_2888.hlo
------------------------------------------------
Runtime estimate for mini_module_2888.mlir - runtime: 5.768000000000001
-----------------------------------------------------------
Cache hit (2888) for mini_module_2886.mlir - runtime: 5.768000000000001
-----------------------------------------------------------
Cache hit (2888) for mini_module_2884.mlir - runtime: 5.768000000000001
-----------------------------------------------------------
Cache hit (2888) for mini_module_2882.mlir - runtime: 5.768000000000001
-----------------------------------------------------------
Cache hit (2888) for mini_module_2880.mlir - runtime: 5.768000000000001
-----------------------------------------------------------
Translating MLIR to HLO:
xla-translate --stablehlo-to-hlo-text -o /storage/ice1/5/1/cman8/shared/hespas_workload/output/llama3/2b_4h100/mini_module_2878.hlo output/llama3/2b_4h100/mini_module_2878.mlir
hlo_runner_main --num_repeats=5 --profile_execution=true --hlo_argument_mode=uninitialized /storage/ice1/5/1/cman8/shared/hespas_workload/output/llama3/2b_4h100/mini_module_2878.hlo
------------------------------------------------
Runtime estimate for mini_module_2878.mlir - runtime: 5.936000000000001
-----------------------------------------------------------
Cache hit (2888) for mini_module_2876.mlir - runtime: 5.768000000000001
-----------------------------------------------------------
Cache hit (2888) for mini_module_2874.mlir - runtime: 5.768000000000001
-----------------------------------------------------------
Cache hit (2888) for mini_module_2872.mlir - runtime: 5.768000000000001
-----------------------------------------------------------
Cache hit (2888) for mini_module_2870.mlir - runtime: 5.768000000000001
-----------------------------------------------------------
Cache hit (2888) for mini_module_2868.mlir - runtime: 5.768000000000001
-----------------------------------------------------------
Cache hit (2888) for mini_module_2866.mlir - runtime: 5.768000000000001
-----------------------------------------------------------
Cache hit (2878) for mini_module_2864.mlir - runtime: 5.936000000000001
-----------------------------------------------------------
Cache hit (2888) for mini_module_2862.mlir - runtime: 5.768000000000001
-----------------------------------------------------------
Cache hit (2888) for mini_module_2860.mlir - runtime: 5.768000000000001
-----------------------------------------------------------
Cache hit (2888) for mini_module_2858.mlir - runtime: 5.768000000000001
-----------------------------------------------------------
Cache hit (2888) for mini_module_2856.mlir - runtime: 5.768000000000001
-----------------------------------------------------------
Cache hit (2888) for mini_module_2854.mlir - runtime: 5.768000000000001
-----------------------------------------------------------
Cache hit (2888) for mini_module_2852.mlir - runtime: 5.768000000000001
-----------------------------------------------------------
Cache hit (2878) for mini_module_2850.mlir - runtime: 5.936000000000001
-----------------------------------------------------------
Cache hit (2888) for mini_module_2848.mlir - runtime: 5.768000000000001
-----------------------------------------------------------
Cache hit (2888) for mini_module_2846.mlir - runtime: 5.768000000000001
-----------------------------------------------------------
Cache hit (2888) for mini_module_2844.mlir - runtime: 5.768000000000001
-----------------------------------------------------------
Cache hit (2888) for mini_module_2842.mlir - runtime: 5.768000000000001
-----------------------------------------------------------
Cache hit (2888) for mini_module_2840.mlir - runtime: 5.768000000000001
-----------------------------------------------------------
Cache hit (2888) for mini_module_2838.mlir - runtime: 5.768000000000001
-----------------------------------------------------------
Cache hit (2878) for mini_module_2836.mlir - runtime: 5.936000000000001
-----------------------------------------------------------
Cache hit (2888) for mini_module_2834.mlir - runtime: 5.768000000000001
-----------------------------------------------------------
Cache hit (2888) for mini_module_2832.mlir - runtime: 5.768000000000001
-----------------------------------------------------------
Cache hit (2888) for mini_module_2830.mlir - runtime: 5.768000000000001
-----------------------------------------------------------
Cache hit (2888) for mini_module_2828.mlir - runtime: 5.768000000000001
-----------------------------------------------------------
Cache hit (2888) for mini_module_2826.mlir - runtime: 5.768000000000001
-----------------------------------------------------------
Cache hit (2888) for mini_module_2824.mlir - runtime: 5.768000000000001
-----------------------------------------------------------
Cache hit (2878) for mini_module_2822.mlir - runtime: 5.936000000000001
-----------------------------------------------------------
Cache hit (2888) for mini_module_2820.mlir - runtime: 5.768000000000001
-----------------------------------------------------------
Cache hit (2888) for mini_module_2818.mlir - runtime: 5.768000000000001
-----------------------------------------------------------
Cache hit (2888) for mini_module_2816.mlir - runtime: 5.768000000000001
-----------------------------------------------------------
Cache hit (2888) for mini_module_2814.mlir - runtime: 5.768000000000001
-----------------------------------------------------------
Cache hit (2888) for mini_module_2812.mlir - runtime: 5.768000000000001
-----------------------------------------------------------
Cache hit (2888) for mini_module_2810.mlir - runtime: 5.768000000000001
-----------------------------------------------------------
Cache hit (2878) for mini_module_2808.mlir - runtime: 5.936000000000001
-----------------------------------------------------------
Cache hit (2888) for mini_module_2806.mlir - runtime: 5.768000000000001
-----------------------------------------------------------
Cache hit (2888) for mini_module_2804.mlir - runtime: 5.768000000000001
-----------------------------------------------------------
Cache hit (2888) for mini_module_2802.mlir - runtime: 5.768000000000001
-----------------------------------------------------------
Cache hit (2888) for mini_module_2800.mlir - runtime: 5.768000000000001
-----------------------------------------------------------
Cache hit (2888) for mini_module_2798.mlir - runtime: 5.768000000000001
-----------------------------------------------------------
Cache hit (2888) for mini_module_2796.mlir - runtime: 5.768000000000001
-----------------------------------------------------------
Cache hit (2878) for mini_module_2794.mlir - runtime: 5.936000000000001
-----------------------------------------------------------
Cache hit (2888) for mini_module_2792.mlir - runtime: 5.768000000000001
-----------------------------------------------------------
Cache hit (2888) for mini_module_2790.mlir - runtime: 5.768000000000001
-----------------------------------------------------------
Cache hit (2888) for mini_module_2788.mlir - runtime: 5.768000000000001
-----------------------------------------------------------
Cache hit (2888) for mini_module_2786.mlir - runtime: 5.768000000000001
-----------------------------------------------------------
Cache hit (2888) for mini_module_2784.mlir - runtime: 5.768000000000001
-----------------------------------------------------------
Cache hit (2888) for mini_module_2782.mlir - runtime: 5.768000000000001
-----------------------------------------------------------
Cache hit (2878) for mini_module_2780.mlir - runtime: 5.936000000000001
-----------------------------------------------------------
Cache hit (2888) for mini_module_2778.mlir - runtime: 5.768000000000001
-----------------------------------------------------------
Cache hit (2888) for mini_module_2776.mlir - runtime: 5.768000000000001
-----------------------------------------------------------
Cache hit (2888) for mini_module_2774.mlir - runtime: 5.768000000000001
-----------------------------------------------------------
Cache hit (2888) for mini_module_2772.mlir - runtime: 5.768000000000001
-----------------------------------------------------------
Cache hit (2888) for mini_module_2770.mlir - runtime: 5.768000000000001
-----------------------------------------------------------
Cache hit (2888) for mini_module_2768.mlir - runtime: 5.768000000000001
-----------------------------------------------------------
Cache hit (2878) for mini_module_2766.mlir - runtime: 5.936000000000001
-----------------------------------------------------------
Cache hit (2888) for mini_module_2764.mlir - runtime: 5.768000000000001
-----------------------------------------------------------
Cache hit (2888) for mini_module_2762.mlir - runtime: 5.768000000000001
-----------------------------------------------------------
Cache hit (2888) for mini_module_2760.mlir - runtime: 5.768000000000001
-----------------------------------------------------------
Cache hit (2888) for mini_module_2758.mlir - runtime: 5.768000000000001
-----------------------------------------------------------
Cache hit (2888) for mini_module_2756.mlir - runtime: 5.768000000000001
-----------------------------------------------------------
Cache hit (2888) for mini_module_2754.mlir - runtime: 5.768000000000001
-----------------------------------------------------------
Cache hit (2878) for mini_module_2752.mlir - runtime: 5.936000000000001
-----------------------------------------------------------
Cache hit (2888) for mini_module_2750.mlir - runtime: 5.768000000000001
-----------------------------------------------------------
Cache hit (2888) for mini_module_2748.mlir - runtime: 5.768000000000001
-----------------------------------------------------------
Cache hit (2888) for mini_module_2746.mlir - runtime: 5.768000000000001
-----------------------------------------------------------
Cache hit (2888) for mini_module_2744.mlir - runtime: 5.768000000000001
-----------------------------------------------------------
Cache hit (2888) for mini_module_2742.mlir - runtime: 5.768000000000001
-----------------------------------------------------------
Cache hit (2888) for mini_module_2740.mlir - runtime: 5.768000000000001
-----------------------------------------------------------
Cache hit (2878) for mini_module_2738.mlir - runtime: 5.936000000000001
-----------------------------------------------------------
Cache hit (2888) for mini_module_2736.mlir - runtime: 5.768000000000001
-----------------------------------------------------------
Cache hit (2888) for mini_module_2734.mlir - runtime: 5.768000000000001
-----------------------------------------------------------
Cache hit (2888) for mini_module_2732.mlir - runtime: 5.768000000000001
-----------------------------------------------------------
Cache hit (2888) for mini_module_2730.mlir - runtime: 5.768000000000001
-----------------------------------------------------------
Cache hit (2888) for mini_module_2728.mlir - runtime: 5.768000000000001
-----------------------------------------------------------
Cache hit (2888) for mini_module_2726.mlir - runtime: 5.768000000000001
-----------------------------------------------------------
Cache hit (2878) for mini_module_2724.mlir - runtime: 5.936000000000001
-----------------------------------------------------------
Cache hit (2888) for mini_module_2722.mlir - runtime: 5.768000000000001
-----------------------------------------------------------
Cache hit (2888) for mini_module_2720.mlir - runtime: 5.768000000000001
-----------------------------------------------------------
Cache hit (2888) for mini_module_2718.mlir - runtime: 5.768000000000001
-----------------------------------------------------------
Cache hit (2888) for mini_module_2716.mlir - runtime: 5.768000000000001
-----------------------------------------------------------
Cache hit (2888) for mini_module_2714.mlir - runtime: 5.768000000000001
-----------------------------------------------------------
Cache hit (2888) for mini_module_2712.mlir - runtime: 5.768000000000001
-----------------------------------------------------------
Cache hit (2878) for mini_module_2710.mlir - runtime: 5.936000000000001
-----------------------------------------------------------
Cache hit (2888) for mini_module_2708.mlir - runtime: 5.768000000000001
-----------------------------------------------------------
Cache hit (2888) for mini_module_2706.mlir - runtime: 5.768000000000001
-----------------------------------------------------------
Cache hit (2888) for mini_module_2704.mlir - runtime: 5.768000000000001
-----------------------------------------------------------
Cache hit (2888) for mini_module_2702.mlir - runtime: 5.768000000000001
-----------------------------------------------------------
Cache hit (2888) for mini_module_2700.mlir - runtime: 5.768000000000001
-----------------------------------------------------------
Cache hit (2888) for mini_module_2698.mlir - runtime: 5.768000000000001
-----------------------------------------------------------
Cache hit (2878) for mini_module_2696.mlir - runtime: 5.936000000000001
-----------------------------------------------------------
Cache hit (2888) for mini_module_2694.mlir - runtime: 5.768000000000001
-----------------------------------------------------------
Cache hit (2888) for mini_module_2692.mlir - runtime: 5.768000000000001
-----------------------------------------------------------
Cache hit (2888) for mini_module_2690.mlir - runtime: 5.768000000000001
-----------------------------------------------------------
Cache hit (2888) for mini_module_2688.mlir - runtime: 5.768000000000001
-----------------------------------------------------------
Cache hit (2888) for mini_module_2686.mlir - runtime: 5.768000000000001
-----------------------------------------------------------
Cache hit (2888) for mini_module_2684.mlir - runtime: 5.768000000000001
-----------------------------------------------------------
Cache hit (2878) for mini_module_2682.mlir - runtime: 5.936000000000001
-----------------------------------------------------------
Cache hit (2888) for mini_module_2680.mlir - runtime: 5.768000000000001
-----------------------------------------------------------
Cache hit (2888) for mini_module_2678.mlir - runtime: 5.768000000000001
-----------------------------------------------------------
Cache hit (2888) for mini_module_2676.mlir - runtime: 5.768000000000001
-----------------------------------------------------------
Cache hit (2888) for mini_module_2674.mlir - runtime: 5.768000000000001
-----------------------------------------------------------
Cache hit (2888) for mini_module_2672.mlir - runtime: 5.768000000000001
-----------------------------------------------------------
Cache hit (2888) for mini_module_2670.mlir - runtime: 5.768000000000001
-----------------------------------------------------------
Cache hit (2878) for mini_module_2668.mlir - runtime: 5.936000000000001
-----------------------------------------------------------
Cache hit (2888) for mini_module_2666.mlir - runtime: 5.768000000000001
-----------------------------------------------------------
Cache hit (2888) for mini_module_2664.mlir - runtime: 5.768000000000001
-----------------------------------------------------------
Cache hit (2888) for mini_module_2662.mlir - runtime: 5.768000000000001
-----------------------------------------------------------
Cache hit (2888) for mini_module_2660.mlir - runtime: 5.768000000000001
-----------------------------------------------------------
Cache hit (2888) for mini_module_2658.mlir - runtime: 5.768000000000001
-----------------------------------------------------------
Cache hit (2888) for mini_module_2656.mlir - runtime: 5.768000000000001
-----------------------------------------------------------
Cache hit (2878) for mini_module_2654.mlir - runtime: 5.936000000000001
-----------------------------------------------------------
Cache hit (2888) for mini_module_2652.mlir - runtime: 5.768000000000001
-----------------------------------------------------------
Cache hit (2888) for mini_module_2650.mlir - runtime: 5.768000000000001
-----------------------------------------------------------
Cache hit (2888) for mini_module_2648.mlir - runtime: 5.768000000000001
-----------------------------------------------------------
Cache hit (2888) for mini_module_2646.mlir - runtime: 5.768000000000001
-----------------------------------------------------------
Cache hit (2888) for mini_module_2644.mlir - runtime: 5.768000000000001
-----------------------------------------------------------
Cache hit (2888) for mini_module_2642.mlir - runtime: 5.768000000000001
-----------------------------------------------------------
Cache hit (2878) for mini_module_2640.mlir - runtime: 5.936000000000001
-----------------------------------------------------------
Cache hit (2888) for mini_module_2638.mlir - runtime: 5.768000000000001
-----------------------------------------------------------
Cache hit (2888) for mini_module_2636.mlir - runtime: 5.768000000000001
-----------------------------------------------------------
Cache hit (2888) for mini_module_2634.mlir - runtime: 5.768000000000001
-----------------------------------------------------------
Cache hit (2888) for mini_module_2632.mlir - runtime: 5.768000000000001
-----------------------------------------------------------
Cache hit (2888) for mini_module_2630.mlir - runtime: 5.768000000000001
-----------------------------------------------------------
Cache hit (2888) for mini_module_2628.mlir - runtime: 5.768000000000001
-----------------------------------------------------------
Cache hit (2878) for mini_module_2626.mlir - runtime: 5.936000000000001
-----------------------------------------------------------
Cache hit (2888) for mini_module_2624.mlir - runtime: 5.768000000000001
-----------------------------------------------------------
Cache hit (2888) for mini_module_2622.mlir - runtime: 5.768000000000001
-----------------------------------------------------------
Cache hit (2888) for mini_module_2620.mlir - runtime: 5.768000000000001
-----------------------------------------------------------
Cache hit (2888) for mini_module_2618.mlir - runtime: 5.768000000000001
-----------------------------------------------------------
Cache hit (2888) for mini_module_2616.mlir - runtime: 5.768000000000001
-----------------------------------------------------------
Cache hit (2888) for mini_module_2614.mlir - runtime: 5.768000000000001
-----------------------------------------------------------
Cache hit (2878) for mini_module_2612.mlir - runtime: 5.936000000000001
-----------------------------------------------------------
Cache hit (2888) for mini_module_2610.mlir - runtime: 5.768000000000001
-----------------------------------------------------------
Cache hit (2888) for mini_module_2608.mlir - runtime: 5.768000000000001
-----------------------------------------------------------
Cache hit (2888) for mini_module_2606.mlir - runtime: 5.768000000000001
-----------------------------------------------------------
Cache hit (2888) for mini_module_2604.mlir - runtime: 5.768000000000001
-----------------------------------------------------------
Cache hit (2888) for mini_module_2602.mlir - runtime: 5.768000000000001
-----------------------------------------------------------
Cache hit (2888) for mini_module_2600.mlir - runtime: 5.768000000000001
-----------------------------------------------------------
Cache hit (2878) for mini_module_2598.mlir - runtime: 5.936000000000001
-----------------------------------------------------------
Cache hit (2888) for mini_module_2596.mlir - runtime: 5.768000000000001
-----------------------------------------------------------
Cache hit (2888) for mini_module_2594.mlir - runtime: 5.768000000000001
-----------------------------------------------------------
Cache hit (2888) for mini_module_2592.mlir - runtime: 5.768000000000001
-----------------------------------------------------------
Cache hit (2888) for mini_module_2590.mlir - runtime: 5.768000000000001
-----------------------------------------------------------
Cache hit (2888) for mini_module_2588.mlir - runtime: 5.768000000000001
-----------------------------------------------------------
Cache hit (2888) for mini_module_2586.mlir - runtime: 5.768000000000001
-----------------------------------------------------------
Cache hit (2878) for mini_module_2584.mlir - runtime: 5.936000000000001
-----------------------------------------------------------
Cache hit (2888) for mini_module_2582.mlir - runtime: 5.768000000000001
-----------------------------------------------------------
Cache hit (2888) for mini_module_2580.mlir - runtime: 5.768000000000001
-----------------------------------------------------------
Cache hit (2888) for mini_module_2578.mlir - runtime: 5.768000000000001
-----------------------------------------------------------
Cache hit (2888) for mini_module_2576.mlir - runtime: 5.768000000000001
-----------------------------------------------------------
Cache hit (2888) for mini_module_2574.mlir - runtime: 5.768000000000001
-----------------------------------------------------------
Cache hit (2888) for mini_module_2572.mlir - runtime: 5.768000000000001
-----------------------------------------------------------
Cache hit (2878) for mini_module_2570.mlir - runtime: 5.936000000000001
-----------------------------------------------------------
Cache hit (2888) for mini_module_2568.mlir - runtime: 5.768000000000001
-----------------------------------------------------------
Cache hit (2888) for mini_module_2566.mlir - runtime: 5.768000000000001
-----------------------------------------------------------
Cache hit (2888) for mini_module_2564.mlir - runtime: 5.768000000000001
-----------------------------------------------------------
Cache hit (2888) for mini_module_2562.mlir - runtime: 5.768000000000001
-----------------------------------------------------------
Cache hit (2888) for mini_module_2560.mlir - runtime: 5.768000000000001
-----------------------------------------------------------
Cache hit (2888) for mini_module_2558.mlir - runtime: 5.768000000000001
-----------------------------------------------------------
Cache hit (2878) for mini_module_2556.mlir - runtime: 5.936000000000001
-----------------------------------------------------------
Cache hit (2888) for mini_module_2554.mlir - runtime: 5.768000000000001
-----------------------------------------------------------
Cache hit (2888) for mini_module_2552.mlir - runtime: 5.768000000000001
-----------------------------------------------------------
Cache hit (2888) for mini_module_2550.mlir - runtime: 5.768000000000001
-----------------------------------------------------------
Cache hit (2888) for mini_module_2548.mlir - runtime: 5.768000000000001
-----------------------------------------------------------
Cache hit (2888) for mini_module_2546.mlir - runtime: 5.768000000000001
-----------------------------------------------------------
Cache hit (2888) for mini_module_2544.mlir - runtime: 5.768000000000001
-----------------------------------------------------------
Cache hit (2878) for mini_module_2542.mlir - runtime: 5.936000000000001
-----------------------------------------------------------
Cache hit (2888) for mini_module_2540.mlir - runtime: 5.768000000000001
-----------------------------------------------------------
Cache hit (2888) for mini_module_2538.mlir - runtime: 5.768000000000001
-----------------------------------------------------------
Cache hit (2888) for mini_module_2536.mlir - runtime: 5.768000000000001
-----------------------------------------------------------
Cache hit (2888) for mini_module_2534.mlir - runtime: 5.768000000000001
-----------------------------------------------------------
Cache hit (2888) for mini_module_2532.mlir - runtime: 5.768000000000001
-----------------------------------------------------------
Cache hit (2888) for mini_module_2530.mlir - runtime: 5.768000000000001
-----------------------------------------------------------
Cache hit (2878) for mini_module_2528.mlir - runtime: 5.936000000000001
-----------------------------------------------------------
Cache hit (2888) for mini_module_2526.mlir - runtime: 5.768000000000001
-----------------------------------------------------------
Cache hit (2888) for mini_module_2524.mlir - runtime: 5.768000000000001
-----------------------------------------------------------
Cache hit (2888) for mini_module_2522.mlir - runtime: 5.768000000000001
-----------------------------------------------------------
Cache hit (2888) for mini_module_2520.mlir - runtime: 5.768000000000001
-----------------------------------------------------------
Cache hit (2888) for mini_module_2518.mlir - runtime: 5.768000000000001
-----------------------------------------------------------
Cache hit (2888) for mini_module_2516.mlir - runtime: 5.768000000000001
-----------------------------------------------------------
Cache hit (2878) for mini_module_2514.mlir - runtime: 5.936000000000001
-----------------------------------------------------------
Cache hit (2888) for mini_module_2512.mlir - runtime: 5.768000000000001
-----------------------------------------------------------
Cache hit (2888) for mini_module_2510.mlir - runtime: 5.768000000000001
-----------------------------------------------------------
Cache hit (2888) for mini_module_2508.mlir - runtime: 5.768000000000001
-----------------------------------------------------------
Cache hit (2888) for mini_module_2506.mlir - runtime: 5.768000000000001
-----------------------------------------------------------
Cache hit (2888) for mini_module_2504.mlir - runtime: 5.768000000000001
-----------------------------------------------------------
Cache hit (2888) for mini_module_2502.mlir - runtime: 5.768000000000001
-----------------------------------------------------------
Cache hit (2878) for mini_module_2500.mlir - runtime: 5.936000000000001
-----------------------------------------------------------
Cache hit (2888) for mini_module_2498.mlir - runtime: 5.768000000000001
-----------------------------------------------------------
Cache hit (2888) for mini_module_2496.mlir - runtime: 5.768000000000001
-----------------------------------------------------------
Cache hit (2890) for mini_module_2494.mlir - runtime: 5.768000000000001
-----------------------------------------------------------
Translating MLIR to HLO:
xla-translate --stablehlo-to-hlo-text -o /storage/ice1/5/1/cman8/shared/hespas_workload/output/llama3/2b_4h100/mini_module_2492.hlo output/llama3/2b_4h100/mini_module_2492.mlir
hlo_runner_main --num_repeats=5 --profile_execution=true --hlo_argument_mode=uninitialized /storage/ice1/5/1/cman8/shared/hespas_workload/output/llama3/2b_4h100/mini_module_2492.hlo
------------------------------------------------
Runtime estimate for mini_module_2492.mlir - runtime: 58.17600000000001
-----------------------------------------------------------
Translating MLIR to HLO:
xla-translate --stablehlo-to-hlo-text -o /storage/ice1/5/1/cman8/shared/hespas_workload/output/llama3/2b_4h100/mini_module_2490.hlo output/llama3/2b_4h100/mini_module_2490.mlir
hlo_runner_main --num_repeats=5 --profile_execution=true --hlo_argument_mode=uninitialized /storage/ice1/5/1/cman8/shared/hespas_workload/output/llama3/2b_4h100/mini_module_2490.hlo
------------------------------------------------
Runtime estimate for mini_module_2490.mlir - runtime: 58.264
-----------------------------------------------------------
Translating MLIR to HLO:
xla-translate --stablehlo-to-hlo-text -o /storage/ice1/5/1/cman8/shared/hespas_workload/output/llama3/2b_4h100/mini_module_2488.hlo output/llama3/2b_4h100/mini_module_2488.mlir
hlo_runner_main --num_repeats=5 --profile_execution=true --hlo_argument_mode=uninitialized /storage/ice1/5/1/cman8/shared/hespas_workload/output/llama3/2b_4h100/mini_module_2488.hlo
------------------------------------------------
Runtime estimate for mini_module_2488.mlir - runtime: 11.472000000000001
-----------------------------------------------------------
Cache hit (2488) for mini_module_2486.mlir - runtime: 11.472000000000001
-----------------------------------------------------------
Translating MLIR to HLO:
xla-translate --stablehlo-to-hlo-text -o /storage/ice1/5/1/cman8/shared/hespas_workload/output/llama3/2b_4h100/mini_module_2484.hlo output/llama3/2b_4h100/mini_module_2484.mlir
hlo_runner_main --num_repeats=5 --profile_execution=true --hlo_argument_mode=uninitialized /storage/ice1/5/1/cman8/shared/hespas_workload/output/llama3/2b_4h100/mini_module_2484.hlo
------------------------------------------------
Runtime estimate for mini_module_2484.mlir - runtime: 11.736
-----------------------------------------------------------
Translating MLIR to HLO:
xla-translate --stablehlo-to-hlo-text -o /storage/ice1/5/1/cman8/shared/hespas_workload/output/llama3/2b_4h100/mini_module_2482.hlo output/llama3/2b_4h100/mini_module_2482.mlir
hlo_runner_main --num_repeats=5 --profile_execution=true --hlo_argument_mode=uninitialized /storage/ice1/5/1/cman8/shared/hespas_workload/output/llama3/2b_4h100/mini_module_2482.hlo
------------------------------------------------
Runtime estimate for mini_module_2482.mlir - runtime: 11.72
-----------------------------------------------------------
Translating MLIR to HLO:
xla-translate --stablehlo-to-hlo-text -o /storage/ice1/5/1/cman8/shared/hespas_workload/output/llama3/2b_4h100/mini_module_2480.hlo output/llama3/2b_4h100/mini_module_2480.mlir
hlo_runner_main --num_repeats=5 --profile_execution=true --hlo_argument_mode=uninitialized /storage/ice1/5/1/cman8/shared/hespas_workload/output/llama3/2b_4h100/mini_module_2480.hlo
------------------------------------------------
Runtime estimate for mini_module_2480.mlir - runtime: 12.048000000000002
-----------------------------------------------------------
Translating MLIR to HLO:
xla-translate --stablehlo-to-hlo-text -o /storage/ice1/5/1/cman8/shared/hespas_workload/output/llama3/2b_4h100/mini_module_2478.hlo output/llama3/2b_4h100/mini_module_2478.mlir
hlo_runner_main --num_repeats=5 --profile_execution=true --hlo_argument_mode=uninitialized /storage/ice1/5/1/cman8/shared/hespas_workload/output/llama3/2b_4h100/mini_module_2478.hlo
------------------------------------------------
Runtime estimate for mini_module_2478.mlir - runtime: 12.712000000000002
-----------------------------------------------------------
Cache hit (2478) for mini_module_2476.mlir - runtime: 12.712000000000002
-----------------------------------------------------------
Cache hit (2488) for mini_module_2474.mlir - runtime: 11.472000000000001
-----------------------------------------------------------
Cache hit (2488) for mini_module_2472.mlir - runtime: 11.472000000000001
-----------------------------------------------------------
Cache hit (2484) for mini_module_2470.mlir - runtime: 11.736
-----------------------------------------------------------
Cache hit (2482) for mini_module_2468.mlir - runtime: 11.72
-----------------------------------------------------------
Cache hit (2480) for mini_module_2466.mlir - runtime: 12.048000000000002
-----------------------------------------------------------
Cache hit (2478) for mini_module_2464.mlir - runtime: 12.712000000000002
-----------------------------------------------------------
Cache hit (2478) for mini_module_2462.mlir - runtime: 12.712000000000002
-----------------------------------------------------------
Cache hit (2488) for mini_module_2460.mlir - runtime: 11.472000000000001
-----------------------------------------------------------
Cache hit (2488) for mini_module_2458.mlir - runtime: 11.472000000000001
-----------------------------------------------------------
Cache hit (2484) for mini_module_2456.mlir - runtime: 11.736
-----------------------------------------------------------
Cache hit (2482) for mini_module_2454.mlir - runtime: 11.72
-----------------------------------------------------------
Cache hit (2480) for mini_module_2452.mlir - runtime: 12.048000000000002
-----------------------------------------------------------
Cache hit (2478) for mini_module_2450.mlir - runtime: 12.712000000000002
-----------------------------------------------------------
Cache hit (2478) for mini_module_2448.mlir - runtime: 12.712000000000002
-----------------------------------------------------------
Cache hit (2488) for mini_module_2446.mlir - runtime: 11.472000000000001
-----------------------------------------------------------
Cache hit (2488) for mini_module_2444.mlir - runtime: 11.472000000000001
-----------------------------------------------------------
Cache hit (2484) for mini_module_2442.mlir - runtime: 11.736
-----------------------------------------------------------
Cache hit (2482) for mini_module_2440.mlir - runtime: 11.72
-----------------------------------------------------------
Cache hit (2480) for mini_module_2438.mlir - runtime: 12.048000000000002
-----------------------------------------------------------
Cache hit (2478) for mini_module_2436.mlir - runtime: 12.712000000000002
-----------------------------------------------------------
Cache hit (2478) for mini_module_2434.mlir - runtime: 12.712000000000002
-----------------------------------------------------------
Cache hit (2488) for mini_module_2432.mlir - runtime: 11.472000000000001
-----------------------------------------------------------
Cache hit (2488) for mini_module_2430.mlir - runtime: 11.472000000000001
-----------------------------------------------------------
Cache hit (2484) for mini_module_2428.mlir - runtime: 11.736
-----------------------------------------------------------
Cache hit (2482) for mini_module_2426.mlir - runtime: 11.72
-----------------------------------------------------------
Cache hit (2480) for mini_module_2424.mlir - runtime: 12.048000000000002
-----------------------------------------------------------
Cache hit (2478) for mini_module_2422.mlir - runtime: 12.712000000000002
-----------------------------------------------------------
Cache hit (2478) for mini_module_2420.mlir - runtime: 12.712000000000002
-----------------------------------------------------------
Cache hit (2488) for mini_module_2418.mlir - runtime: 11.472000000000001
-----------------------------------------------------------
Cache hit (2488) for mini_module_2416.mlir - runtime: 11.472000000000001
-----------------------------------------------------------
Cache hit (2484) for mini_module_2414.mlir - runtime: 11.736
-----------------------------------------------------------
Cache hit (2482) for mini_module_2412.mlir - runtime: 11.72
-----------------------------------------------------------
Cache hit (2480) for mini_module_2410.mlir - runtime: 12.048000000000002
-----------------------------------------------------------
Cache hit (2478) for mini_module_2408.mlir - runtime: 12.712000000000002
-----------------------------------------------------------
Cache hit (2478) for mini_module_2406.mlir - runtime: 12.712000000000002
-----------------------------------------------------------
Cache hit (2488) for mini_module_2404.mlir - runtime: 11.472000000000001
-----------------------------------------------------------
Cache hit (2488) for mini_module_2402.mlir - runtime: 11.472000000000001
-----------------------------------------------------------
Cache hit (2484) for mini_module_2400.mlir - runtime: 11.736
-----------------------------------------------------------
Cache hit (2482) for mini_module_2398.mlir - runtime: 11.72
-----------------------------------------------------------
Cache hit (2480) for mini_module_2396.mlir - runtime: 12.048000000000002
-----------------------------------------------------------
Cache hit (2478) for mini_module_2394.mlir - runtime: 12.712000000000002
-----------------------------------------------------------
Cache hit (2478) for mini_module_2392.mlir - runtime: 12.712000000000002
-----------------------------------------------------------
Cache hit (2488) for mini_module_2390.mlir - runtime: 11.472000000000001
-----------------------------------------------------------
Cache hit (2488) for mini_module_2388.mlir - runtime: 11.472000000000001
-----------------------------------------------------------
Cache hit (2484) for mini_module_2386.mlir - runtime: 11.736
-----------------------------------------------------------
Cache hit (2482) for mini_module_2384.mlir - runtime: 11.72
-----------------------------------------------------------
Cache hit (2480) for mini_module_2382.mlir - runtime: 12.048000000000002
-----------------------------------------------------------
Cache hit (2478) for mini_module_2380.mlir - runtime: 12.712000000000002
-----------------------------------------------------------
Cache hit (2478) for mini_module_2378.mlir - runtime: 12.712000000000002
-----------------------------------------------------------
Cache hit (2488) for mini_module_2376.mlir - runtime: 11.472000000000001
-----------------------------------------------------------
Cache hit (2488) for mini_module_2374.mlir - runtime: 11.472000000000001
-----------------------------------------------------------
Cache hit (2484) for mini_module_2372.mlir - runtime: 11.736
-----------------------------------------------------------
Cache hit (2482) for mini_module_2370.mlir - runtime: 11.72
-----------------------------------------------------------
Cache hit (2480) for mini_module_2368.mlir - runtime: 12.048000000000002
-----------------------------------------------------------
Cache hit (2478) for mini_module_2366.mlir - runtime: 12.712000000000002
-----------------------------------------------------------
Cache hit (2478) for mini_module_2364.mlir - runtime: 12.712000000000002
-----------------------------------------------------------
Cache hit (2488) for mini_module_2362.mlir - runtime: 11.472000000000001
-----------------------------------------------------------
Cache hit (2488) for mini_module_2360.mlir - runtime: 11.472000000000001
-----------------------------------------------------------
Cache hit (2484) for mini_module_2358.mlir - runtime: 11.736
-----------------------------------------------------------
Cache hit (2482) for mini_module_2356.mlir - runtime: 11.72
-----------------------------------------------------------
Cache hit (2480) for mini_module_2354.mlir - runtime: 12.048000000000002
-----------------------------------------------------------
Cache hit (2478) for mini_module_2352.mlir - runtime: 12.712000000000002
-----------------------------------------------------------
Cache hit (2478) for mini_module_2350.mlir - runtime: 12.712000000000002
-----------------------------------------------------------
Cache hit (2488) for mini_module_2348.mlir - runtime: 11.472000000000001
-----------------------------------------------------------
Cache hit (2488) for mini_module_2346.mlir - runtime: 11.472000000000001
-----------------------------------------------------------
Cache hit (2484) for mini_module_2344.mlir - runtime: 11.736
-----------------------------------------------------------
Cache hit (2482) for mini_module_2342.mlir - runtime: 11.72
-----------------------------------------------------------
Cache hit (2480) for mini_module_2340.mlir - runtime: 12.048000000000002
-----------------------------------------------------------
Cache hit (2478) for mini_module_2338.mlir - runtime: 12.712000000000002
-----------------------------------------------------------
Cache hit (2478) for mini_module_2336.mlir - runtime: 12.712000000000002
-----------------------------------------------------------
Cache hit (2488) for mini_module_2334.mlir - runtime: 11.472000000000001
-----------------------------------------------------------
Cache hit (2488) for mini_module_2332.mlir - runtime: 11.472000000000001
-----------------------------------------------------------
Cache hit (2484) for mini_module_2330.mlir - runtime: 11.736
-----------------------------------------------------------
Cache hit (2482) for mini_module_2328.mlir - runtime: 11.72
-----------------------------------------------------------
Cache hit (2480) for mini_module_2326.mlir - runtime: 12.048000000000002
-----------------------------------------------------------
Cache hit (2478) for mini_module_2324.mlir - runtime: 12.712000000000002
-----------------------------------------------------------
Cache hit (2478) for mini_module_2322.mlir - runtime: 12.712000000000002
-----------------------------------------------------------
Cache hit (2488) for mini_module_2320.mlir - runtime: 11.472000000000001
-----------------------------------------------------------
Cache hit (2488) for mini_module_2318.mlir - runtime: 11.472000000000001
-----------------------------------------------------------
Cache hit (2484) for mini_module_2316.mlir - runtime: 11.736
-----------------------------------------------------------
Cache hit (2482) for mini_module_2314.mlir - runtime: 11.72
-----------------------------------------------------------
Cache hit (2480) for mini_module_2312.mlir - runtime: 12.048000000000002
-----------------------------------------------------------
Cache hit (2478) for mini_module_2310.mlir - runtime: 12.712000000000002
-----------------------------------------------------------
Cache hit (2478) for mini_module_2308.mlir - runtime: 12.712000000000002
-----------------------------------------------------------
Cache hit (2488) for mini_module_2306.mlir - runtime: 11.472000000000001
-----------------------------------------------------------
Cache hit (2488) for mini_module_2304.mlir - runtime: 11.472000000000001
-----------------------------------------------------------
Cache hit (2484) for mini_module_2302.mlir - runtime: 11.736
-----------------------------------------------------------
Cache hit (2482) for mini_module_2300.mlir - runtime: 11.72
-----------------------------------------------------------
Cache hit (2480) for mini_module_2298.mlir - runtime: 12.048000000000002
-----------------------------------------------------------
Cache hit (2478) for mini_module_2296.mlir - runtime: 12.712000000000002
-----------------------------------------------------------
Cache hit (2478) for mini_module_2294.mlir - runtime: 12.712000000000002
-----------------------------------------------------------
Cache hit (2488) for mini_module_2292.mlir - runtime: 11.472000000000001
-----------------------------------------------------------
Cache hit (2488) for mini_module_2290.mlir - runtime: 11.472000000000001
-----------------------------------------------------------
Cache hit (2484) for mini_module_2288.mlir - runtime: 11.736
-----------------------------------------------------------
Cache hit (2482) for mini_module_2286.mlir - runtime: 11.72
-----------------------------------------------------------
Cache hit (2480) for mini_module_2284.mlir - runtime: 12.048000000000002
-----------------------------------------------------------
Cache hit (2478) for mini_module_2282.mlir - runtime: 12.712000000000002
-----------------------------------------------------------
Cache hit (2478) for mini_module_2280.mlir - runtime: 12.712000000000002
-----------------------------------------------------------
Cache hit (2488) for mini_module_2278.mlir - runtime: 11.472000000000001
-----------------------------------------------------------
Cache hit (2488) for mini_module_2276.mlir - runtime: 11.472000000000001
-----------------------------------------------------------
Cache hit (2484) for mini_module_2274.mlir - runtime: 11.736
-----------------------------------------------------------
Cache hit (2482) for mini_module_2272.mlir - runtime: 11.72
-----------------------------------------------------------
Cache hit (2480) for mini_module_2270.mlir - runtime: 12.048000000000002
-----------------------------------------------------------
Cache hit (2478) for mini_module_2268.mlir - runtime: 12.712000000000002
-----------------------------------------------------------
Cache hit (2478) for mini_module_2266.mlir - runtime: 12.712000000000002
-----------------------------------------------------------
Cache hit (2488) for mini_module_2264.mlir - runtime: 11.472000000000001
-----------------------------------------------------------
Cache hit (2488) for mini_module_2262.mlir - runtime: 11.472000000000001
-----------------------------------------------------------
Cache hit (2484) for mini_module_2260.mlir - runtime: 11.736
-----------------------------------------------------------
Cache hit (2482) for mini_module_2258.mlir - runtime: 11.72
-----------------------------------------------------------
Cache hit (2480) for mini_module_2256.mlir - runtime: 12.048000000000002
-----------------------------------------------------------
Cache hit (2478) for mini_module_2254.mlir - runtime: 12.712000000000002
-----------------------------------------------------------
Cache hit (2478) for mini_module_2252.mlir - runtime: 12.712000000000002
-----------------------------------------------------------
Cache hit (2488) for mini_module_2250.mlir - runtime: 11.472000000000001
-----------------------------------------------------------
Cache hit (2488) for mini_module_2248.mlir - runtime: 11.472000000000001
-----------------------------------------------------------
Cache hit (2484) for mini_module_2246.mlir - runtime: 11.736
-----------------------------------------------------------
Cache hit (2482) for mini_module_2244.mlir - runtime: 11.72
-----------------------------------------------------------
Cache hit (2480) for mini_module_2242.mlir - runtime: 12.048000000000002
-----------------------------------------------------------
Cache hit (2478) for mini_module_2240.mlir - runtime: 12.712000000000002
-----------------------------------------------------------
Cache hit (2478) for mini_module_2238.mlir - runtime: 12.712000000000002
-----------------------------------------------------------
Cache hit (2488) for mini_module_2236.mlir - runtime: 11.472000000000001
-----------------------------------------------------------
Cache hit (2488) for mini_module_2234.mlir - runtime: 11.472000000000001
-----------------------------------------------------------
Cache hit (2484) for mini_module_2232.mlir - runtime: 11.736
-----------------------------------------------------------
Cache hit (2482) for mini_module_2230.mlir - runtime: 11.72
-----------------------------------------------------------
Cache hit (2480) for mini_module_2228.mlir - runtime: 12.048000000000002
-----------------------------------------------------------
Cache hit (2478) for mini_module_2226.mlir - runtime: 12.712000000000002
-----------------------------------------------------------
Cache hit (2478) for mini_module_2224.mlir - runtime: 12.712000000000002
-----------------------------------------------------------
Cache hit (2488) for mini_module_2222.mlir - runtime: 11.472000000000001
-----------------------------------------------------------
Cache hit (2488) for mini_module_2220.mlir - runtime: 11.472000000000001
-----------------------------------------------------------
Cache hit (2484) for mini_module_2218.mlir - runtime: 11.736
-----------------------------------------------------------
Cache hit (2482) for mini_module_2216.mlir - runtime: 11.72
-----------------------------------------------------------
Cache hit (2480) for mini_module_2214.mlir - runtime: 12.048000000000002
-----------------------------------------------------------
Cache hit (2478) for mini_module_2212.mlir - runtime: 12.712000000000002
-----------------------------------------------------------
Cache hit (2478) for mini_module_2210.mlir - runtime: 12.712000000000002
-----------------------------------------------------------
Cache hit (2488) for mini_module_2208.mlir - runtime: 11.472000000000001
-----------------------------------------------------------
Cache hit (2488) for mini_module_2206.mlir - runtime: 11.472000000000001
-----------------------------------------------------------
Cache hit (2484) for mini_module_2204.mlir - runtime: 11.736
-----------------------------------------------------------
Cache hit (2482) for mini_module_2202.mlir - runtime: 11.72
-----------------------------------------------------------
Cache hit (2480) for mini_module_2200.mlir - runtime: 12.048000000000002
-----------------------------------------------------------
Cache hit (2478) for mini_module_2198.mlir - runtime: 12.712000000000002
-----------------------------------------------------------
Cache hit (2478) for mini_module_2196.mlir - runtime: 12.712000000000002
-----------------------------------------------------------
Cache hit (2488) for mini_module_2194.mlir - runtime: 11.472000000000001
-----------------------------------------------------------
Cache hit (2488) for mini_module_2192.mlir - runtime: 11.472000000000001
-----------------------------------------------------------
Cache hit (2484) for mini_module_2190.mlir - runtime: 11.736
-----------------------------------------------------------
Cache hit (2482) for mini_module_2188.mlir - runtime: 11.72
-----------------------------------------------------------
Cache hit (2480) for mini_module_2186.mlir - runtime: 12.048000000000002
-----------------------------------------------------------
Cache hit (2478) for mini_module_2184.mlir - runtime: 12.712000000000002
-----------------------------------------------------------
Cache hit (2478) for mini_module_2182.mlir - runtime: 12.712000000000002
-----------------------------------------------------------
Cache hit (2488) for mini_module_2180.mlir - runtime: 11.472000000000001
-----------------------------------------------------------
Cache hit (2488) for mini_module_2178.mlir - runtime: 11.472000000000001
-----------------------------------------------------------
Cache hit (2484) for mini_module_2176.mlir - runtime: 11.736
-----------------------------------------------------------
Cache hit (2482) for mini_module_2174.mlir - runtime: 11.72
-----------------------------------------------------------
Cache hit (2480) for mini_module_2172.mlir - runtime: 12.048000000000002
-----------------------------------------------------------
Cache hit (2478) for mini_module_2170.mlir - runtime: 12.712000000000002
-----------------------------------------------------------
Cache hit (2478) for mini_module_2168.mlir - runtime: 12.712000000000002
-----------------------------------------------------------
Cache hit (2488) for mini_module_2166.mlir - runtime: 11.472000000000001
-----------------------------------------------------------
Cache hit (2488) for mini_module_2164.mlir - runtime: 11.472000000000001
-----------------------------------------------------------
Cache hit (2484) for mini_module_2162.mlir - runtime: 11.736
-----------------------------------------------------------
Cache hit (2482) for mini_module_2160.mlir - runtime: 11.72
-----------------------------------------------------------
Cache hit (2480) for mini_module_2158.mlir - runtime: 12.048000000000002
-----------------------------------------------------------
Cache hit (2478) for mini_module_2156.mlir - runtime: 12.712000000000002
-----------------------------------------------------------
Cache hit (2478) for mini_module_2154.mlir - runtime: 12.712000000000002
-----------------------------------------------------------
Cache hit (2488) for mini_module_2152.mlir - runtime: 11.472000000000001
-----------------------------------------------------------
Cache hit (2488) for mini_module_2150.mlir - runtime: 11.472000000000001
-----------------------------------------------------------
Cache hit (2484) for mini_module_2148.mlir - runtime: 11.736
-----------------------------------------------------------
Cache hit (2482) for mini_module_2146.mlir - runtime: 11.72
-----------------------------------------------------------
Cache hit (2480) for mini_module_2144.mlir - runtime: 12.048000000000002
-----------------------------------------------------------
Cache hit (2478) for mini_module_2142.mlir - runtime: 12.712000000000002
-----------------------------------------------------------
Cache hit (2478) for mini_module_2140.mlir - runtime: 12.712000000000002
-----------------------------------------------------------
Cache hit (2488) for mini_module_2138.mlir - runtime: 11.472000000000001
-----------------------------------------------------------
Cache hit (2488) for mini_module_2136.mlir - runtime: 11.472000000000001
-----------------------------------------------------------
Cache hit (2484) for mini_module_2134.mlir - runtime: 11.736
-----------------------------------------------------------
Cache hit (2482) for mini_module_2132.mlir - runtime: 11.72
-----------------------------------------------------------
Cache hit (2480) for mini_module_2130.mlir - runtime: 12.048000000000002
-----------------------------------------------------------
Cache hit (2478) for mini_module_2128.mlir - runtime: 12.712000000000002
-----------------------------------------------------------
Cache hit (2478) for mini_module_2126.mlir - runtime: 12.712000000000002
-----------------------------------------------------------
Cache hit (2488) for mini_module_2124.mlir - runtime: 11.472000000000001
-----------------------------------------------------------
Cache hit (2488) for mini_module_2122.mlir - runtime: 11.472000000000001
-----------------------------------------------------------
Cache hit (2484) for mini_module_2120.mlir - runtime: 11.736
-----------------------------------------------------------
Cache hit (2482) for mini_module_2118.mlir - runtime: 11.72
-----------------------------------------------------------
Cache hit (2480) for mini_module_2116.mlir - runtime: 12.048000000000002
-----------------------------------------------------------
Cache hit (2478) for mini_module_2114.mlir - runtime: 12.712000000000002
-----------------------------------------------------------
Cache hit (2478) for mini_module_2112.mlir - runtime: 12.712000000000002
-----------------------------------------------------------
Cache hit (2488) for mini_module_2110.mlir - runtime: 11.472000000000001
-----------------------------------------------------------
Cache hit (2488) for mini_module_2108.mlir - runtime: 11.472000000000001
-----------------------------------------------------------
Cache hit (2484) for mini_module_2106.mlir - runtime: 11.736
-----------------------------------------------------------
Cache hit (2482) for mini_module_2104.mlir - runtime: 11.72
-----------------------------------------------------------
Cache hit (2480) for mini_module_2102.mlir - runtime: 12.048000000000002
-----------------------------------------------------------
Cache hit (2478) for mini_module_2100.mlir - runtime: 12.712000000000002
-----------------------------------------------------------
Translating MLIR to HLO:
xla-translate --stablehlo-to-hlo-text -o /storage/ice1/5/1/cman8/shared/hespas_workload/output/llama3/2b_4h100/mini_module_2098.hlo output/llama3/2b_4h100/mini_module_2098.mlir
hlo_runner_main --num_repeats=5 --profile_execution=true --hlo_argument_mode=uninitialized /storage/ice1/5/1/cman8/shared/hespas_workload/output/llama3/2b_4h100/mini_module_2098.hlo
------------------------------------------------
Runtime estimate for mini_module_2098.mlir - runtime: 14.688
-----------------------------------------------------------
Translating MLIR to HLO:
xla-translate --stablehlo-to-hlo-text -o /storage/ice1/5/1/cman8/shared/hespas_workload/output/llama3/2b_4h100/mini_module_2096.hlo output/llama3/2b_4h100/mini_module_2096.mlir
hlo_runner_main --num_repeats=5 --profile_execution=true --hlo_argument_mode=uninitialized /storage/ice1/5/1/cman8/shared/hespas_workload/output/llama3/2b_4h100/mini_module_2096.hlo
------------------------------------------------
Runtime estimate for mini_module_2096.mlir - runtime: 852.3440000000002
-----------------------------------------------------------
Translating MLIR to HLO:
xla-translate --stablehlo-to-hlo-text -o /storage/ice1/5/1/cman8/shared/hespas_workload/output/llama3/2b_4h100/mini_module_2094.hlo output/llama3/2b_4h100/mini_module_2094.mlir
hlo_runner_main --num_repeats=5 --profile_execution=true --hlo_argument_mode=uninitialized /storage/ice1/5/1/cman8/shared/hespas_workload/output/llama3/2b_4h100/mini_module_2094.hlo
------------------------------------------------
Runtime estimate for mini_module_2094.mlir - runtime: 58.376000000000005
-----------------------------------------------------------
Translating MLIR to HLO:
xla-translate --stablehlo-to-hlo-text -o /storage/ice1/5/1/cman8/shared/hespas_workload/output/llama3/2b_4h100/mini_module_2092.hlo output/llama3/2b_4h100/mini_module_2092.mlir
hlo_runner_main --num_repeats=5 --profile_execution=true --hlo_argument_mode=uninitialized /storage/ice1/5/1/cman8/shared/hespas_workload/output/llama3/2b_4h100/mini_module_2092.hlo
------------------------------------------------
Runtime estimate for mini_module_2092.mlir - runtime: 58.47200000000001
-----------------------------------------------------------
Translating MLIR to HLO:
xla-translate --stablehlo-to-hlo-text -o /storage/ice1/5/1/cman8/shared/hespas_workload/output/llama3/2b_4h100/mini_module_2090.hlo output/llama3/2b_4h100/mini_module_2090.mlir
hlo_runner_main --num_repeats=5 --profile_execution=true --hlo_argument_mode=uninitialized /storage/ice1/5/1/cman8/shared/hespas_workload/output/llama3/2b_4h100/mini_module_2090.hlo
------------------------------------------------
Runtime estimate for mini_module_2090.mlir - runtime: 11.552000000000001
-----------------------------------------------------------
Cache hit (2090) for mini_module_2088.mlir - runtime: 11.552000000000001
-----------------------------------------------------------
Translating MLIR to HLO:
xla-translate --stablehlo-to-hlo-text -o /storage/ice1/5/1/cman8/shared/hespas_workload/output/llama3/2b_4h100/mini_module_2086.hlo output/llama3/2b_4h100/mini_module_2086.mlir
hlo_runner_main --num_repeats=5 --profile_execution=true --hlo_argument_mode=uninitialized /storage/ice1/5/1/cman8/shared/hespas_workload/output/llama3/2b_4h100/mini_module_2086.hlo
------------------------------------------------
Runtime estimate for mini_module_2086.mlir - runtime: 11.832000000000003
-----------------------------------------------------------
Translating MLIR to HLO:
xla-translate --stablehlo-to-hlo-text -o /storage/ice1/5/1/cman8/shared/hespas_workload/output/llama3/2b_4h100/mini_module_2084.hlo output/llama3/2b_4h100/mini_module_2084.mlir
hlo_runner_main --num_repeats=5 --profile_execution=true --hlo_argument_mode=uninitialized /storage/ice1/5/1/cman8/shared/hespas_workload/output/llama3/2b_4h100/mini_module_2084.hlo
------------------------------------------------
Runtime estimate for mini_module_2084.mlir - runtime: 11.672000000000002
-----------------------------------------------------------
Translating MLIR to HLO:
xla-translate --stablehlo-to-hlo-text -o /storage/ice1/5/1/cman8/shared/hespas_workload/output/llama3/2b_4h100/mini_module_2082.hlo output/llama3/2b_4h100/mini_module_2082.mlir
hlo_runner_main --num_repeats=5 --profile_execution=true --hlo_argument_mode=uninitialized /storage/ice1/5/1/cman8/shared/hespas_workload/output/llama3/2b_4h100/mini_module_2082.hlo
------------------------------------------------
Runtime estimate for mini_module_2082.mlir - runtime: 12.144000000000002
-----------------------------------------------------------
Translating MLIR to HLO:
xla-translate --stablehlo-to-hlo-text -o /storage/ice1/5/1/cman8/shared/hespas_workload/output/llama3/2b_4h100/mini_module_2080.hlo output/llama3/2b_4h100/mini_module_2080.mlir
hlo_runner_main --num_repeats=5 --profile_execution=true --hlo_argument_mode=uninitialized /storage/ice1/5/1/cman8/shared/hespas_workload/output/llama3/2b_4h100/mini_module_2080.hlo
------------------------------------------------
Runtime estimate for mini_module_2080.mlir - runtime: 12.560000000000002
-----------------------------------------------------------
Cache hit (2080) for mini_module_2078.mlir - runtime: 12.560000000000002
-----------------------------------------------------------
Cache hit (2090) for mini_module_2076.mlir - runtime: 11.552000000000001
-----------------------------------------------------------
Cache hit (2090) for mini_module_2074.mlir - runtime: 11.552000000000001
-----------------------------------------------------------
Cache hit (2086) for mini_module_2072.mlir - runtime: 11.832000000000003
-----------------------------------------------------------
Cache hit (2084) for mini_module_2070.mlir - runtime: 11.672000000000002
-----------------------------------------------------------
Cache hit (2082) for mini_module_2068.mlir - runtime: 12.144000000000002
-----------------------------------------------------------
Cache hit (2080) for mini_module_2066.mlir - runtime: 12.560000000000002
-----------------------------------------------------------
Cache hit (2080) for mini_module_2064.mlir - runtime: 12.560000000000002
-----------------------------------------------------------
Cache hit (2090) for mini_module_2062.mlir - runtime: 11.552000000000001
-----------------------------------------------------------
Cache hit (2090) for mini_module_2060.mlir - runtime: 11.552000000000001
-----------------------------------------------------------
Cache hit (2086) for mini_module_2058.mlir - runtime: 11.832000000000003
-----------------------------------------------------------
Cache hit (2084) for mini_module_2056.mlir - runtime: 11.672000000000002
-----------------------------------------------------------
Cache hit (2082) for mini_module_2054.mlir - runtime: 12.144000000000002
-----------------------------------------------------------
Cache hit (2080) for mini_module_2052.mlir - runtime: 12.560000000000002
-----------------------------------------------------------
Cache hit (2080) for mini_module_2050.mlir - runtime: 12.560000000000002
-----------------------------------------------------------
Cache hit (2090) for mini_module_2048.mlir - runtime: 11.552000000000001
-----------------------------------------------------------
Cache hit (2090) for mini_module_2046.mlir - runtime: 11.552000000000001
-----------------------------------------------------------
Cache hit (2086) for mini_module_2044.mlir - runtime: 11.832000000000003
-----------------------------------------------------------
Cache hit (2084) for mini_module_2042.mlir - runtime: 11.672000000000002
-----------------------------------------------------------
Cache hit (2082) for mini_module_2040.mlir - runtime: 12.144000000000002
-----------------------------------------------------------
Cache hit (2080) for mini_module_2038.mlir - runtime: 12.560000000000002
-----------------------------------------------------------
Cache hit (2080) for mini_module_2036.mlir - runtime: 12.560000000000002
-----------------------------------------------------------
Cache hit (2090) for mini_module_2034.mlir - runtime: 11.552000000000001
-----------------------------------------------------------
Cache hit (2090) for mini_module_2032.mlir - runtime: 11.552000000000001
-----------------------------------------------------------
Cache hit (2086) for mini_module_2030.mlir - runtime: 11.832000000000003
-----------------------------------------------------------
Cache hit (2084) for mini_module_2028.mlir - runtime: 11.672000000000002
-----------------------------------------------------------
Cache hit (2082) for mini_module_2026.mlir - runtime: 12.144000000000002
-----------------------------------------------------------
Cache hit (2080) for mini_module_2024.mlir - runtime: 12.560000000000002
-----------------------------------------------------------
Cache hit (2080) for mini_module_2022.mlir - runtime: 12.560000000000002
-----------------------------------------------------------
Cache hit (2090) for mini_module_2020.mlir - runtime: 11.552000000000001
-----------------------------------------------------------
Cache hit (2090) for mini_module_2018.mlir - runtime: 11.552000000000001
-----------------------------------------------------------
Cache hit (2086) for mini_module_2016.mlir - runtime: 11.832000000000003
-----------------------------------------------------------
Cache hit (2084) for mini_module_2014.mlir - runtime: 11.672000000000002
-----------------------------------------------------------
Cache hit (2082) for mini_module_2012.mlir - runtime: 12.144000000000002
-----------------------------------------------------------
Cache hit (2080) for mini_module_2010.mlir - runtime: 12.560000000000002
-----------------------------------------------------------
Cache hit (2080) for mini_module_2008.mlir - runtime: 12.560000000000002
-----------------------------------------------------------
Cache hit (2090) for mini_module_2006.mlir - runtime: 11.552000000000001
-----------------------------------------------------------
Cache hit (2090) for mini_module_2004.mlir - runtime: 11.552000000000001
-----------------------------------------------------------
Cache hit (2086) for mini_module_2002.mlir - runtime: 11.832000000000003
-----------------------------------------------------------
Cache hit (2084) for mini_module_2000.mlir - runtime: 11.672000000000002
-----------------------------------------------------------
Cache hit (2082) for mini_module_1998.mlir - runtime: 12.144000000000002
-----------------------------------------------------------
Cache hit (2080) for mini_module_1996.mlir - runtime: 12.560000000000002
-----------------------------------------------------------
Cache hit (2080) for mini_module_1994.mlir - runtime: 12.560000000000002
-----------------------------------------------------------
Cache hit (2090) for mini_module_1992.mlir - runtime: 11.552000000000001
-----------------------------------------------------------
Cache hit (2090) for mini_module_1990.mlir - runtime: 11.552000000000001
-----------------------------------------------------------
Cache hit (2086) for mini_module_1988.mlir - runtime: 11.832000000000003
-----------------------------------------------------------
Cache hit (2084) for mini_module_1986.mlir - runtime: 11.672000000000002
-----------------------------------------------------------
Cache hit (2082) for mini_module_1984.mlir - runtime: 12.144000000000002
-----------------------------------------------------------
Cache hit (2080) for mini_module_1982.mlir - runtime: 12.560000000000002
-----------------------------------------------------------
Cache hit (2080) for mini_module_1980.mlir - runtime: 12.560000000000002
-----------------------------------------------------------
Cache hit (2090) for mini_module_1978.mlir - runtime: 11.552000000000001
-----------------------------------------------------------
Cache hit (2090) for mini_module_1976.mlir - runtime: 11.552000000000001
-----------------------------------------------------------
Cache hit (2086) for mini_module_1974.mlir - runtime: 11.832000000000003
-----------------------------------------------------------
Cache hit (2084) for mini_module_1972.mlir - runtime: 11.672000000000002
-----------------------------------------------------------
Cache hit (2082) for mini_module_1970.mlir - runtime: 12.144000000000002
-----------------------------------------------------------
Cache hit (2080) for mini_module_1968.mlir - runtime: 12.560000000000002
-----------------------------------------------------------
Cache hit (2080) for mini_module_1966.mlir - runtime: 12.560000000000002
-----------------------------------------------------------
Cache hit (2090) for mini_module_1964.mlir - runtime: 11.552000000000001
-----------------------------------------------------------
Cache hit (2090) for mini_module_1962.mlir - runtime: 11.552000000000001
-----------------------------------------------------------
Cache hit (2086) for mini_module_1960.mlir - runtime: 11.832000000000003
-----------------------------------------------------------
Cache hit (2084) for mini_module_1958.mlir - runtime: 11.672000000000002
-----------------------------------------------------------
Cache hit (2082) for mini_module_1956.mlir - runtime: 12.144000000000002
-----------------------------------------------------------
Cache hit (2080) for mini_module_1954.mlir - runtime: 12.560000000000002
-----------------------------------------------------------
Cache hit (2080) for mini_module_1952.mlir - runtime: 12.560000000000002
-----------------------------------------------------------
Cache hit (2090) for mini_module_1950.mlir - runtime: 11.552000000000001
-----------------------------------------------------------
Cache hit (2090) for mini_module_1948.mlir - runtime: 11.552000000000001
-----------------------------------------------------------
Cache hit (2086) for mini_module_1946.mlir - runtime: 11.832000000000003
-----------------------------------------------------------
Cache hit (2084) for mini_module_1944.mlir - runtime: 11.672000000000002
-----------------------------------------------------------
Cache hit (2082) for mini_module_1942.mlir - runtime: 12.144000000000002
-----------------------------------------------------------
Cache hit (2080) for mini_module_1940.mlir - runtime: 12.560000000000002
-----------------------------------------------------------
Cache hit (2080) for mini_module_1938.mlir - runtime: 12.560000000000002
-----------------------------------------------------------
Cache hit (2090) for mini_module_1936.mlir - runtime: 11.552000000000001
-----------------------------------------------------------
Cache hit (2090) for mini_module_1934.mlir - runtime: 11.552000000000001
-----------------------------------------------------------
Cache hit (2086) for mini_module_1932.mlir - runtime: 11.832000000000003
-----------------------------------------------------------
Cache hit (2084) for mini_module_1930.mlir - runtime: 11.672000000000002
-----------------------------------------------------------
Cache hit (2082) for mini_module_1928.mlir - runtime: 12.144000000000002
-----------------------------------------------------------
Cache hit (2080) for mini_module_1926.mlir - runtime: 12.560000000000002
-----------------------------------------------------------
Cache hit (2080) for mini_module_1924.mlir - runtime: 12.560000000000002
-----------------------------------------------------------
Cache hit (2090) for mini_module_1922.mlir - runtime: 11.552000000000001
-----------------------------------------------------------
Cache hit (2090) for mini_module_1920.mlir - runtime: 11.552000000000001
-----------------------------------------------------------
Cache hit (2086) for mini_module_1918.mlir - runtime: 11.832000000000003
-----------------------------------------------------------
Cache hit (2084) for mini_module_1916.mlir - runtime: 11.672000000000002
-----------------------------------------------------------
Cache hit (2082) for mini_module_1914.mlir - runtime: 12.144000000000002
-----------------------------------------------------------
Cache hit (2080) for mini_module_1912.mlir - runtime: 12.560000000000002
-----------------------------------------------------------
Cache hit (2080) for mini_module_1910.mlir - runtime: 12.560000000000002
-----------------------------------------------------------
Cache hit (2090) for mini_module_1908.mlir - runtime: 11.552000000000001
-----------------------------------------------------------
Cache hit (2090) for mini_module_1906.mlir - runtime: 11.552000000000001
-----------------------------------------------------------
Cache hit (2086) for mini_module_1904.mlir - runtime: 11.832000000000003
-----------------------------------------------------------
Cache hit (2084) for mini_module_1902.mlir - runtime: 11.672000000000002
-----------------------------------------------------------
Cache hit (2082) for mini_module_1900.mlir - runtime: 12.144000000000002
-----------------------------------------------------------
Cache hit (2080) for mini_module_1898.mlir - runtime: 12.560000000000002
-----------------------------------------------------------
Cache hit (2080) for mini_module_1896.mlir - runtime: 12.560000000000002
-----------------------------------------------------------
Cache hit (2090) for mini_module_1894.mlir - runtime: 11.552000000000001
-----------------------------------------------------------
Cache hit (2090) for mini_module_1892.mlir - runtime: 11.552000000000001
-----------------------------------------------------------
Cache hit (2086) for mini_module_1890.mlir - runtime: 11.832000000000003
-----------------------------------------------------------
Cache hit (2084) for mini_module_1888.mlir - runtime: 11.672000000000002
-----------------------------------------------------------
Cache hit (2082) for mini_module_1886.mlir - runtime: 12.144000000000002
-----------------------------------------------------------
Cache hit (2080) for mini_module_1884.mlir - runtime: 12.560000000000002
-----------------------------------------------------------
Cache hit (2080) for mini_module_1882.mlir - runtime: 12.560000000000002
-----------------------------------------------------------
Cache hit (2090) for mini_module_1880.mlir - runtime: 11.552000000000001
-----------------------------------------------------------
Cache hit (2090) for mini_module_1878.mlir - runtime: 11.552000000000001
-----------------------------------------------------------
Cache hit (2086) for mini_module_1876.mlir - runtime: 11.832000000000003
-----------------------------------------------------------
Cache hit (2084) for mini_module_1874.mlir - runtime: 11.672000000000002
-----------------------------------------------------------
Cache hit (2082) for mini_module_1872.mlir - runtime: 12.144000000000002
-----------------------------------------------------------
Cache hit (2080) for mini_module_1870.mlir - runtime: 12.560000000000002
-----------------------------------------------------------
Cache hit (2080) for mini_module_1868.mlir - runtime: 12.560000000000002
-----------------------------------------------------------
Cache hit (2090) for mini_module_1866.mlir - runtime: 11.552000000000001
-----------------------------------------------------------
Cache hit (2090) for mini_module_1864.mlir - runtime: 11.552000000000001
-----------------------------------------------------------
Cache hit (2086) for mini_module_1862.mlir - runtime: 11.832000000000003
-----------------------------------------------------------
Cache hit (2084) for mini_module_1860.mlir - runtime: 11.672000000000002
-----------------------------------------------------------
Cache hit (2082) for mini_module_1858.mlir - runtime: 12.144000000000002
-----------------------------------------------------------
Cache hit (2080) for mini_module_1856.mlir - runtime: 12.560000000000002
-----------------------------------------------------------
Cache hit (2080) for mini_module_1854.mlir - runtime: 12.560000000000002
-----------------------------------------------------------
Cache hit (2090) for mini_module_1852.mlir - runtime: 11.552000000000001
-----------------------------------------------------------
Cache hit (2090) for mini_module_1850.mlir - runtime: 11.552000000000001
-----------------------------------------------------------
Cache hit (2086) for mini_module_1848.mlir - runtime: 11.832000000000003
-----------------------------------------------------------
Cache hit (2084) for mini_module_1846.mlir - runtime: 11.672000000000002
-----------------------------------------------------------
Cache hit (2082) for mini_module_1844.mlir - runtime: 12.144000000000002
-----------------------------------------------------------
Cache hit (2080) for mini_module_1842.mlir - runtime: 12.560000000000002
-----------------------------------------------------------
Cache hit (2080) for mini_module_1840.mlir - runtime: 12.560000000000002
-----------------------------------------------------------
Cache hit (2090) for mini_module_1838.mlir - runtime: 11.552000000000001
-----------------------------------------------------------
Cache hit (2090) for mini_module_1836.mlir - runtime: 11.552000000000001
-----------------------------------------------------------
Cache hit (2086) for mini_module_1834.mlir - runtime: 11.832000000000003
-----------------------------------------------------------
Cache hit (2084) for mini_module_1832.mlir - runtime: 11.672000000000002
-----------------------------------------------------------
Cache hit (2082) for mini_module_1830.mlir - runtime: 12.144000000000002
-----------------------------------------------------------
Cache hit (2080) for mini_module_1828.mlir - runtime: 12.560000000000002
-----------------------------------------------------------
Cache hit (2080) for mini_module_1826.mlir - runtime: 12.560000000000002
-----------------------------------------------------------
Cache hit (2090) for mini_module_1824.mlir - runtime: 11.552000000000001
-----------------------------------------------------------
Cache hit (2090) for mini_module_1822.mlir - runtime: 11.552000000000001
-----------------------------------------------------------
Cache hit (2086) for mini_module_1820.mlir - runtime: 11.832000000000003
-----------------------------------------------------------
Cache hit (2084) for mini_module_1818.mlir - runtime: 11.672000000000002
-----------------------------------------------------------
Cache hit (2082) for mini_module_1816.mlir - runtime: 12.144000000000002
-----------------------------------------------------------
Cache hit (2080) for mini_module_1814.mlir - runtime: 12.560000000000002
-----------------------------------------------------------
Cache hit (2080) for mini_module_1812.mlir - runtime: 12.560000000000002
-----------------------------------------------------------
Cache hit (2090) for mini_module_1810.mlir - runtime: 11.552000000000001
-----------------------------------------------------------
Cache hit (2090) for mini_module_1808.mlir - runtime: 11.552000000000001
-----------------------------------------------------------
Cache hit (2086) for mini_module_1806.mlir - runtime: 11.832000000000003
-----------------------------------------------------------
Cache hit (2084) for mini_module_1804.mlir - runtime: 11.672000000000002
-----------------------------------------------------------
Cache hit (2082) for mini_module_1802.mlir - runtime: 12.144000000000002
-----------------------------------------------------------
Cache hit (2080) for mini_module_1800.mlir - runtime: 12.560000000000002
-----------------------------------------------------------
Cache hit (2080) for mini_module_1798.mlir - runtime: 12.560000000000002
-----------------------------------------------------------
Cache hit (2090) for mini_module_1796.mlir - runtime: 11.552000000000001
-----------------------------------------------------------
Cache hit (2090) for mini_module_1794.mlir - runtime: 11.552000000000001
-----------------------------------------------------------
Cache hit (2086) for mini_module_1792.mlir - runtime: 11.832000000000003
-----------------------------------------------------------
Cache hit (2084) for mini_module_1790.mlir - runtime: 11.672000000000002
-----------------------------------------------------------
Cache hit (2082) for mini_module_1788.mlir - runtime: 12.144000000000002
-----------------------------------------------------------
Cache hit (2080) for mini_module_1786.mlir - runtime: 12.560000000000002
-----------------------------------------------------------
Cache hit (2080) for mini_module_1784.mlir - runtime: 12.560000000000002
-----------------------------------------------------------
Cache hit (2090) for mini_module_1782.mlir - runtime: 11.552000000000001
-----------------------------------------------------------
Cache hit (2090) for mini_module_1780.mlir - runtime: 11.552000000000001
-----------------------------------------------------------
Cache hit (2086) for mini_module_1778.mlir - runtime: 11.832000000000003
-----------------------------------------------------------
Cache hit (2084) for mini_module_1776.mlir - runtime: 11.672000000000002
-----------------------------------------------------------
Cache hit (2082) for mini_module_1774.mlir - runtime: 12.144000000000002
-----------------------------------------------------------
Cache hit (2080) for mini_module_1772.mlir - runtime: 12.560000000000002
-----------------------------------------------------------
Cache hit (2080) for mini_module_1770.mlir - runtime: 12.560000000000002
-----------------------------------------------------------
Cache hit (2090) for mini_module_1768.mlir - runtime: 11.552000000000001
-----------------------------------------------------------
Cache hit (2090) for mini_module_1766.mlir - runtime: 11.552000000000001
-----------------------------------------------------------
Cache hit (2086) for mini_module_1764.mlir - runtime: 11.832000000000003
-----------------------------------------------------------
Cache hit (2084) for mini_module_1762.mlir - runtime: 11.672000000000002
-----------------------------------------------------------
Cache hit (2082) for mini_module_1760.mlir - runtime: 12.144000000000002
-----------------------------------------------------------
Cache hit (2080) for mini_module_1758.mlir - runtime: 12.560000000000002
-----------------------------------------------------------
Cache hit (2080) for mini_module_1756.mlir - runtime: 12.560000000000002
-----------------------------------------------------------
Cache hit (2090) for mini_module_1754.mlir - runtime: 11.552000000000001
-----------------------------------------------------------
Cache hit (2090) for mini_module_1752.mlir - runtime: 11.552000000000001
-----------------------------------------------------------
Cache hit (2086) for mini_module_1750.mlir - runtime: 11.832000000000003
-----------------------------------------------------------
Cache hit (2084) for mini_module_1748.mlir - runtime: 11.672000000000002
-----------------------------------------------------------
Cache hit (2082) for mini_module_1746.mlir - runtime: 12.144000000000002
-----------------------------------------------------------
Cache hit (2080) for mini_module_1744.mlir - runtime: 12.560000000000002
-----------------------------------------------------------
Cache hit (2080) for mini_module_1742.mlir - runtime: 12.560000000000002
-----------------------------------------------------------
Cache hit (2090) for mini_module_1740.mlir - runtime: 11.552000000000001
-----------------------------------------------------------
Cache hit (2090) for mini_module_1738.mlir - runtime: 11.552000000000001
-----------------------------------------------------------
Cache hit (2086) for mini_module_1736.mlir - runtime: 11.832000000000003
-----------------------------------------------------------
Cache hit (2084) for mini_module_1734.mlir - runtime: 11.672000000000002
-----------------------------------------------------------
Cache hit (2082) for mini_module_1732.mlir - runtime: 12.144000000000002
-----------------------------------------------------------
Cache hit (2080) for mini_module_1730.mlir - runtime: 12.560000000000002
-----------------------------------------------------------
Cache hit (2080) for mini_module_1728.mlir - runtime: 12.560000000000002
-----------------------------------------------------------
Cache hit (2090) for mini_module_1726.mlir - runtime: 11.552000000000001
-----------------------------------------------------------
Cache hit (2090) for mini_module_1724.mlir - runtime: 11.552000000000001
-----------------------------------------------------------
Cache hit (2086) for mini_module_1722.mlir - runtime: 11.832000000000003
-----------------------------------------------------------
Cache hit (2084) for mini_module_1720.mlir - runtime: 11.672000000000002
-----------------------------------------------------------
Cache hit (2082) for mini_module_1718.mlir - runtime: 12.144000000000002
-----------------------------------------------------------
Cache hit (2080) for mini_module_1716.mlir - runtime: 12.560000000000002
-----------------------------------------------------------
Cache hit (2080) for mini_module_1714.mlir - runtime: 12.560000000000002
-----------------------------------------------------------
Cache hit (2090) for mini_module_1712.mlir - runtime: 11.552000000000001
-----------------------------------------------------------
Cache hit (2090) for mini_module_1710.mlir - runtime: 11.552000000000001
-----------------------------------------------------------
Cache hit (2086) for mini_module_1708.mlir - runtime: 11.832000000000003
-----------------------------------------------------------
Cache hit (2084) for mini_module_1706.mlir - runtime: 11.672000000000002
-----------------------------------------------------------
Cache hit (2082) for mini_module_1704.mlir - runtime: 12.144000000000002
-----------------------------------------------------------
Cache hit (2080) for mini_module_1702.mlir - runtime: 12.560000000000002
-----------------------------------------------------------
Translating MLIR to HLO:
xla-translate --stablehlo-to-hlo-text -o /storage/ice1/5/1/cman8/shared/hespas_workload/output/llama3/2b_4h100/mini_module_1700.hlo output/llama3/2b_4h100/mini_module_1700.mlir
hlo_runner_main --num_repeats=5 --profile_execution=true --hlo_argument_mode=uninitialized /storage/ice1/5/1/cman8/shared/hespas_workload/output/llama3/2b_4h100/mini_module_1700.hlo
------------------------------------------------
Runtime estimate for mini_module_1700.mlir - runtime: 862.2160000000001
-----------------------------------------------------------
Translating MLIR to HLO:
xla-translate --stablehlo-to-hlo-text -o /storage/ice1/5/1/cman8/shared/hespas_workload/output/llama3/2b_4h100/mini_module_1699.hlo output/llama3/2b_4h100/mini_module_1699.mlir
hlo_runner_main --num_repeats=5 --profile_execution=true --hlo_argument_mode=uninitialized /storage/ice1/5/1/cman8/shared/hespas_workload/output/llama3/2b_4h100/mini_module_1699.hlo
------------------------------------------------
Runtime estimate for mini_module_1699.mlir - runtime: 714.8720000000001
-----------------------------------------------------------
Translating MLIR to HLO:
xla-translate --stablehlo-to-hlo-text -o /storage/ice1/5/1/cman8/shared/hespas_workload/output/llama3/2b_4h100/mini_module_1698.hlo output/llama3/2b_4h100/mini_module_1698.mlir
hlo_runner_main --num_repeats=5 --profile_execution=true --hlo_argument_mode=uninitialized /storage/ice1/5/1/cman8/shared/hespas_workload/output/llama3/2b_4h100/mini_module_1698.hlo
------------------------------------------------
Runtime estimate for mini_module_1698.mlir - runtime: 763.5680000000001
-----------------------------------------------------------
Translating MLIR to HLO:
xla-translate --stablehlo-to-hlo-text -o /storage/ice1/5/1/cman8/shared/hespas_workload/output/llama3/2b_4h100/mini_module_1697.hlo output/llama3/2b_4h100/mini_module_1697.mlir
hlo_runner_main --num_repeats=5 --profile_execution=true --hlo_argument_mode=uninitialized /storage/ice1/5/1/cman8/shared/hespas_workload/output/llama3/2b_4h100/mini_module_1697.hlo
------------------------------------------------
Runtime estimate for mini_module_1697.mlir - runtime: 765.912
-----------------------------------------------------------
Translating MLIR to HLO:
xla-translate --stablehlo-to-hlo-text -o /storage/ice1/5/1/cman8/shared/hespas_workload/output/llama3/2b_4h100/mini_module_1696.hlo output/llama3/2b_4h100/mini_module_1696.mlir
hlo_runner_main --num_repeats=5 --profile_execution=true --hlo_argument_mode=uninitialized /storage/ice1/5/1/cman8/shared/hespas_workload/output/llama3/2b_4h100/mini_module_1696.hlo
------------------------------------------------
Runtime estimate for mini_module_1696.mlir - runtime: 515.2640000000001
-----------------------------------------------------------
Translating MLIR to HLO:
xla-translate --stablehlo-to-hlo-text -o /storage/ice1/5/1/cman8/shared/hespas_workload/output/llama3/2b_4h100/mini_module_1694.hlo output/llama3/2b_4h100/mini_module_1694.mlir
hlo_runner_main --num_repeats=5 --profile_execution=true --hlo_argument_mode=uninitialized /storage/ice1/5/1/cman8/shared/hespas_workload/output/llama3/2b_4h100/mini_module_1694.hlo
------------------------------------------------
Runtime estimate for mini_module_1694.mlir - runtime: 66.12000000000002
-----------------------------------------------------------
Translating MLIR to HLO:
xla-translate --stablehlo-to-hlo-text -o /storage/ice1/5/1/cman8/shared/hespas_workload/output/llama3/2b_4h100/mini_module_1692.hlo output/llama3/2b_4h100/mini_module_1692.mlir
hlo_runner_main --num_repeats=5 --profile_execution=true --hlo_argument_mode=uninitialized /storage/ice1/5/1/cman8/shared/hespas_workload/output/llama3/2b_4h100/mini_module_1692.hlo
------------------------------------------------
Runtime estimate for mini_module_1692.mlir - runtime: 2703.8880000000004
-----------------------------------------------------------
Translating MLIR to HLO:
xla-translate --stablehlo-to-hlo-text -o /storage/ice1/5/1/cman8/shared/hespas_workload/output/llama3/2b_4h100/mini_module_1690.hlo output/llama3/2b_4h100/mini_module_1690.mlir
hlo_runner_main --num_repeats=5 --profile_execution=true --hlo_argument_mode=uninitialized /storage/ice1/5/1/cman8/shared/hespas_workload/output/llama3/2b_4h100/mini_module_1690.hlo
------------------------------------------------
Runtime estimate for mini_module_1690.mlir - runtime: 55.968
-----------------------------------------------------------
Translating MLIR to HLO:
xla-translate --stablehlo-to-hlo-text -o /storage/ice1/5/1/cman8/shared/hespas_workload/output/llama3/2b_4h100/mini_module_1688.hlo output/llama3/2b_4h100/mini_module_1688.mlir
hlo_runner_main --num_repeats=5 --profile_execution=true --hlo_argument_mode=uninitialized /storage/ice1/5/1/cman8/shared/hespas_workload/output/llama3/2b_4h100/mini_module_1688.hlo
------------------------------------------------
Runtime estimate for mini_module_1688.mlir - runtime: 2736.28
-----------------------------------------------------------
Translating MLIR to HLO:
xla-translate --stablehlo-to-hlo-text -o /storage/ice1/5/1/cman8/shared/hespas_workload/output/llama3/2b_4h100/mini_module_1686.hlo output/llama3/2b_4h100/mini_module_1686.mlir
hlo_runner_main --num_repeats=5 --profile_execution=true --hlo_argument_mode=uninitialized /storage/ice1/5/1/cman8/shared/hespas_workload/output/llama3/2b_4h100/mini_module_1686.hlo
------------------------------------------------
Runtime estimate for mini_module_1686.mlir - runtime: 10.112000000000002
-----------------------------------------------------------
Translating MLIR to HLO:
xla-translate --stablehlo-to-hlo-text -o /storage/ice1/5/1/cman8/shared/hespas_workload/output/llama3/2b_4h100/mini_module_1684.hlo output/llama3/2b_4h100/mini_module_1684.mlir
hlo_runner_main --num_repeats=5 --profile_execution=true --hlo_argument_mode=uninitialized /storage/ice1/5/1/cman8/shared/hespas_workload/output/llama3/2b_4h100/mini_module_1684.hlo
------------------------------------------------
Runtime estimate for mini_module_1684.mlir - runtime: 112.896
-----------------------------------------------------------
Cache hit (1686) for mini_module_1682.mlir - runtime: 10.112000000000002
-----------------------------------------------------------
Cache hit (1684) for mini_module_1680.mlir - runtime: 112.896
-----------------------------------------------------------
Translating MLIR to HLO:
xla-translate --stablehlo-to-hlo-text -o /storage/ice1/5/1/cman8/shared/hespas_workload/output/llama3/2b_4h100/mini_module_1678.hlo output/llama3/2b_4h100/mini_module_1678.mlir
hlo_runner_main --num_repeats=5 --profile_execution=true --hlo_argument_mode=uninitialized /storage/ice1/5/1/cman8/shared/hespas_workload/output/llama3/2b_4h100/mini_module_1678.hlo
------------------------------------------------
Runtime estimate for mini_module_1678.mlir - runtime: 9.728000000000002
-----------------------------------------------------------
Translating MLIR to HLO:
xla-translate --stablehlo-to-hlo-text -o /storage/ice1/5/1/cman8/shared/hespas_workload/output/llama3/2b_4h100/mini_module_1676.hlo output/llama3/2b_4h100/mini_module_1676.mlir
hlo_runner_main --num_repeats=5 --profile_execution=true --hlo_argument_mode=uninitialized /storage/ice1/5/1/cman8/shared/hespas_workload/output/llama3/2b_4h100/mini_module_1676.hlo
------------------------------------------------
Runtime estimate for mini_module_1676.mlir - runtime: 145.472
-----------------------------------------------------------
Cache hit (1686) for mini_module_1674.mlir - runtime: 10.112000000000002
-----------------------------------------------------------
Translating MLIR to HLO:
xla-translate --stablehlo-to-hlo-text -o /storage/ice1/5/1/cman8/shared/hespas_workload/output/llama3/2b_4h100/mini_module_1672.hlo output/llama3/2b_4h100/mini_module_1672.mlir
hlo_runner_main --num_repeats=5 --profile_execution=true --hlo_argument_mode=uninitialized /storage/ice1/5/1/cman8/shared/hespas_workload/output/llama3/2b_4h100/mini_module_1672.hlo
------------------------------------------------
Runtime estimate for mini_module_1672.mlir - runtime: 130.68000000000004
-----------------------------------------------------------
Translating MLIR to HLO:
xla-translate --stablehlo-to-hlo-text -o /storage/ice1/5/1/cman8/shared/hespas_workload/output/llama3/2b_4h100/mini_module_1670.hlo output/llama3/2b_4h100/mini_module_1670.mlir
hlo_runner_main --num_repeats=5 --profile_execution=true --hlo_argument_mode=uninitialized /storage/ice1/5/1/cman8/shared/hespas_workload/output/llama3/2b_4h100/mini_module_1670.hlo
------------------------------------------------
Runtime estimate for mini_module_1670.mlir - runtime: 70.92800000000001
-----------------------------------------------------------
Translating MLIR to HLO:
xla-translate --stablehlo-to-hlo-text -o /storage/ice1/5/1/cman8/shared/hespas_workload/output/llama3/2b_4h100/mini_module_1668.hlo output/llama3/2b_4h100/mini_module_1668.mlir
hlo_runner_main --num_repeats=5 --profile_execution=true --hlo_argument_mode=uninitialized /storage/ice1/5/1/cman8/shared/hespas_workload/output/llama3/2b_4h100/mini_module_1668.hlo
------------------------------------------------
Runtime estimate for mini_module_1668.mlir - runtime: 40.67200000000001
-----------------------------------------------------------
Translating MLIR to HLO:
xla-translate --stablehlo-to-hlo-text -o /storage/ice1/5/1/cman8/shared/hespas_workload/output/llama3/2b_4h100/mini_module_1666.hlo output/llama3/2b_4h100/mini_module_1666.mlir
hlo_runner_main --num_repeats=5 --profile_execution=true --hlo_argument_mode=uninitialized /storage/ice1/5/1/cman8/shared/hespas_workload/output/llama3/2b_4h100/mini_module_1666.hlo
------------------------------------------------
Runtime estimate for mini_module_1666.mlir - runtime: 11.392000000000001
-----------------------------------------------------------
Translating MLIR to HLO:
xla-translate --stablehlo-to-hlo-text -o /storage/ice1/5/1/cman8/shared/hespas_workload/output/llama3/2b_4h100/mini_module_1664.hlo output/llama3/2b_4h100/mini_module_1664.mlir
hlo_runner_main --num_repeats=5 --profile_execution=true --hlo_argument_mode=uninitialized /storage/ice1/5/1/cman8/shared/hespas_workload/output/llama3/2b_4h100/mini_module_1664.hlo
------------------------------------------------
Runtime estimate for mini_module_1664.mlir - runtime: 252.32000000000002
-----------------------------------------------------------
Translating MLIR to HLO:
xla-translate --stablehlo-to-hlo-text -o /storage/ice1/5/1/cman8/shared/hespas_workload/output/llama3/2b_4h100/mini_module_1662.hlo output/llama3/2b_4h100/mini_module_1662.mlir
hlo_runner_main --num_repeats=5 --profile_execution=true --hlo_argument_mode=uninitialized /storage/ice1/5/1/cman8/shared/hespas_workload/output/llama3/2b_4h100/mini_module_1662.hlo
------------------------------------------------
Runtime estimate for mini_module_1662.mlir - runtime: 10.608
-----------------------------------------------------------
Translating MLIR to HLO:
xla-translate --stablehlo-to-hlo-text -o /storage/ice1/5/1/cman8/shared/hespas_workload/output/llama3/2b_4h100/mini_module_1660.hlo output/llama3/2b_4h100/mini_module_1660.mlir
hlo_runner_main --num_repeats=5 --profile_execution=true --hlo_argument_mode=uninitialized /storage/ice1/5/1/cman8/shared/hespas_workload/output/llama3/2b_4h100/mini_module_1660.hlo
------------------------------------------------
Runtime estimate for mini_module_1660.mlir - runtime: 193.14400000000003
-----------------------------------------------------------
Cache hit (1662) for mini_module_1658.mlir - runtime: 10.608
-----------------------------------------------------------
Translating MLIR to HLO:
xla-translate --stablehlo-to-hlo-text -o /storage/ice1/5/1/cman8/shared/hespas_workload/output/llama3/2b_4h100/mini_module_1656.hlo output/llama3/2b_4h100/mini_module_1656.mlir
hlo_runner_main --num_repeats=5 --profile_execution=true --hlo_argument_mode=uninitialized /storage/ice1/5/1/cman8/shared/hespas_workload/output/llama3/2b_4h100/mini_module_1656.hlo
------------------------------------------------
Runtime estimate for mini_module_1656.mlir - runtime: 230.97600000000003
-----------------------------------------------------------
Cache hit (1686) for mini_module_1654.mlir - runtime: 10.112000000000002
-----------------------------------------------------------
Cache hit (1684) for mini_module_1652.mlir - runtime: 112.896
-----------------------------------------------------------
Cache hit (1686) for mini_module_1650.mlir - runtime: 10.112000000000002
-----------------------------------------------------------
Cache hit (1684) for mini_module_1648.mlir - runtime: 112.896
-----------------------------------------------------------
Cache hit (1678) for mini_module_1646.mlir - runtime: 9.728000000000002
-----------------------------------------------------------
Cache hit (1676) for mini_module_1644.mlir - runtime: 145.472
-----------------------------------------------------------
Cache hit (1686) for mini_module_1642.mlir - runtime: 10.112000000000002
-----------------------------------------------------------
Cache hit (1672) for mini_module_1640.mlir - runtime: 130.68000000000004
-----------------------------------------------------------
Cache hit (1670) for mini_module_1638.mlir - runtime: 70.92800000000001
-----------------------------------------------------------
Cache hit (1668) for mini_module_1636.mlir - runtime: 40.67200000000001
-----------------------------------------------------------
Cache hit (1666) for mini_module_1634.mlir - runtime: 11.392000000000001
-----------------------------------------------------------
Cache hit (1664) for mini_module_1632.mlir - runtime: 252.32000000000002
-----------------------------------------------------------
Cache hit (1662) for mini_module_1630.mlir - runtime: 10.608
-----------------------------------------------------------
Cache hit (1660) for mini_module_1628.mlir - runtime: 193.14400000000003
-----------------------------------------------------------
Cache hit (1662) for mini_module_1626.mlir - runtime: 10.608
-----------------------------------------------------------
Cache hit (1656) for mini_module_1624.mlir - runtime: 230.97600000000003
-----------------------------------------------------------
Cache hit (1686) for mini_module_1622.mlir - runtime: 10.112000000000002
-----------------------------------------------------------
Cache hit (1684) for mini_module_1620.mlir - runtime: 112.896
-----------------------------------------------------------
Cache hit (1686) for mini_module_1618.mlir - runtime: 10.112000000000002
-----------------------------------------------------------
Cache hit (1684) for mini_module_1616.mlir - runtime: 112.896
-----------------------------------------------------------
Cache hit (1678) for mini_module_1614.mlir - runtime: 9.728000000000002
-----------------------------------------------------------
Cache hit (1676) for mini_module_1612.mlir - runtime: 145.472
-----------------------------------------------------------
Cache hit (1686) for mini_module_1610.mlir - runtime: 10.112000000000002
-----------------------------------------------------------
Cache hit (1672) for mini_module_1608.mlir - runtime: 130.68000000000004
-----------------------------------------------------------
Cache hit (1670) for mini_module_1606.mlir - runtime: 70.92800000000001
-----------------------------------------------------------
Cache hit (1668) for mini_module_1604.mlir - runtime: 40.67200000000001
-----------------------------------------------------------
Cache hit (1666) for mini_module_1602.mlir - runtime: 11.392000000000001
-----------------------------------------------------------
Cache hit (1664) for mini_module_1600.mlir - runtime: 252.32000000000002
-----------------------------------------------------------
Cache hit (1662) for mini_module_1598.mlir - runtime: 10.608
-----------------------------------------------------------
Cache hit (1660) for mini_module_1596.mlir - runtime: 193.14400000000003
-----------------------------------------------------------
Cache hit (1662) for mini_module_1594.mlir - runtime: 10.608
-----------------------------------------------------------
Cache hit (1656) for mini_module_1592.mlir - runtime: 230.97600000000003
-----------------------------------------------------------
Cache hit (1686) for mini_module_1590.mlir - runtime: 10.112000000000002
-----------------------------------------------------------
Cache hit (1684) for mini_module_1588.mlir - runtime: 112.896
-----------------------------------------------------------
Cache hit (1686) for mini_module_1586.mlir - runtime: 10.112000000000002
-----------------------------------------------------------
Cache hit (1684) for mini_module_1584.mlir - runtime: 112.896
-----------------------------------------------------------
Cache hit (1678) for mini_module_1582.mlir - runtime: 9.728000000000002
-----------------------------------------------------------
Cache hit (1676) for mini_module_1580.mlir - runtime: 145.472
-----------------------------------------------------------
Cache hit (1686) for mini_module_1578.mlir - runtime: 10.112000000000002
-----------------------------------------------------------
Cache hit (1672) for mini_module_1576.mlir - runtime: 130.68000000000004
-----------------------------------------------------------
Cache hit (1670) for mini_module_1574.mlir - runtime: 70.92800000000001
-----------------------------------------------------------
Cache hit (1668) for mini_module_1572.mlir - runtime: 40.67200000000001
-----------------------------------------------------------
Cache hit (1666) for mini_module_1570.mlir - runtime: 11.392000000000001
-----------------------------------------------------------
Cache hit (1664) for mini_module_1568.mlir - runtime: 252.32000000000002
-----------------------------------------------------------
Cache hit (1662) for mini_module_1566.mlir - runtime: 10.608
-----------------------------------------------------------
Cache hit (1660) for mini_module_1564.mlir - runtime: 193.14400000000003
-----------------------------------------------------------
Cache hit (1662) for mini_module_1562.mlir - runtime: 10.608
-----------------------------------------------------------
Cache hit (1656) for mini_module_1560.mlir - runtime: 230.97600000000003
-----------------------------------------------------------
Cache hit (1686) for mini_module_1558.mlir - runtime: 10.112000000000002
-----------------------------------------------------------
Cache hit (1684) for mini_module_1556.mlir - runtime: 112.896
-----------------------------------------------------------
Cache hit (1686) for mini_module_1554.mlir - runtime: 10.112000000000002
-----------------------------------------------------------
Cache hit (1684) for mini_module_1552.mlir - runtime: 112.896
-----------------------------------------------------------
Cache hit (1678) for mini_module_1550.mlir - runtime: 9.728000000000002
-----------------------------------------------------------
Cache hit (1676) for mini_module_1548.mlir - runtime: 145.472
-----------------------------------------------------------
Cache hit (1686) for mini_module_1546.mlir - runtime: 10.112000000000002
-----------------------------------------------------------
Cache hit (1672) for mini_module_1544.mlir - runtime: 130.68000000000004
-----------------------------------------------------------
Cache hit (1670) for mini_module_1542.mlir - runtime: 70.92800000000001
-----------------------------------------------------------
Cache hit (1668) for mini_module_1540.mlir - runtime: 40.67200000000001
-----------------------------------------------------------
Cache hit (1666) for mini_module_1538.mlir - runtime: 11.392000000000001
-----------------------------------------------------------
Cache hit (1664) for mini_module_1536.mlir - runtime: 252.32000000000002
-----------------------------------------------------------
Cache hit (1662) for mini_module_1534.mlir - runtime: 10.608
-----------------------------------------------------------
Cache hit (1660) for mini_module_1532.mlir - runtime: 193.14400000000003
-----------------------------------------------------------
Cache hit (1662) for mini_module_1530.mlir - runtime: 10.608
-----------------------------------------------------------
Cache hit (1656) for mini_module_1528.mlir - runtime: 230.97600000000003
-----------------------------------------------------------
Cache hit (1686) for mini_module_1526.mlir - runtime: 10.112000000000002
-----------------------------------------------------------
Cache hit (1684) for mini_module_1524.mlir - runtime: 112.896
-----------------------------------------------------------
Cache hit (1686) for mini_module_1522.mlir - runtime: 10.112000000000002
-----------------------------------------------------------
Cache hit (1684) for mini_module_1520.mlir - runtime: 112.896
-----------------------------------------------------------
Cache hit (1678) for mini_module_1518.mlir - runtime: 9.728000000000002
-----------------------------------------------------------
Cache hit (1676) for mini_module_1516.mlir - runtime: 145.472
-----------------------------------------------------------
Cache hit (1686) for mini_module_1514.mlir - runtime: 10.112000000000002
-----------------------------------------------------------
Cache hit (1672) for mini_module_1512.mlir - runtime: 130.68000000000004
-----------------------------------------------------------
Cache hit (1670) for mini_module_1510.mlir - runtime: 70.92800000000001
-----------------------------------------------------------
Cache hit (1668) for mini_module_1508.mlir - runtime: 40.67200000000001
-----------------------------------------------------------
Cache hit (1666) for mini_module_1506.mlir - runtime: 11.392000000000001
-----------------------------------------------------------
Cache hit (1664) for mini_module_1504.mlir - runtime: 252.32000000000002
-----------------------------------------------------------
Cache hit (1662) for mini_module_1502.mlir - runtime: 10.608
-----------------------------------------------------------
Cache hit (1660) for mini_module_1500.mlir - runtime: 193.14400000000003
-----------------------------------------------------------
Cache hit (1662) for mini_module_1498.mlir - runtime: 10.608
-----------------------------------------------------------
Cache hit (1656) for mini_module_1496.mlir - runtime: 230.97600000000003
-----------------------------------------------------------
Cache hit (1686) for mini_module_1494.mlir - runtime: 10.112000000000002
-----------------------------------------------------------
Cache hit (1684) for mini_module_1492.mlir - runtime: 112.896
-----------------------------------------------------------
Cache hit (1686) for mini_module_1490.mlir - runtime: 10.112000000000002
-----------------------------------------------------------
Cache hit (1684) for mini_module_1488.mlir - runtime: 112.896
-----------------------------------------------------------
Cache hit (1678) for mini_module_1486.mlir - runtime: 9.728000000000002
-----------------------------------------------------------
Cache hit (1676) for mini_module_1484.mlir - runtime: 145.472
-----------------------------------------------------------
Cache hit (1686) for mini_module_1482.mlir - runtime: 10.112000000000002
-----------------------------------------------------------
Cache hit (1672) for mini_module_1480.mlir - runtime: 130.68000000000004
-----------------------------------------------------------
Cache hit (1670) for mini_module_1478.mlir - runtime: 70.92800000000001
-----------------------------------------------------------
Cache hit (1668) for mini_module_1476.mlir - runtime: 40.67200000000001
-----------------------------------------------------------
Cache hit (1666) for mini_module_1474.mlir - runtime: 11.392000000000001
-----------------------------------------------------------
Cache hit (1664) for mini_module_1472.mlir - runtime: 252.32000000000002
-----------------------------------------------------------
Cache hit (1662) for mini_module_1470.mlir - runtime: 10.608
-----------------------------------------------------------
Cache hit (1660) for mini_module_1468.mlir - runtime: 193.14400000000003
-----------------------------------------------------------
Cache hit (1662) for mini_module_1466.mlir - runtime: 10.608
-----------------------------------------------------------
Cache hit (1656) for mini_module_1464.mlir - runtime: 230.97600000000003
-----------------------------------------------------------
Cache hit (1686) for mini_module_1462.mlir - runtime: 10.112000000000002
-----------------------------------------------------------
Cache hit (1684) for mini_module_1460.mlir - runtime: 112.896
-----------------------------------------------------------
Cache hit (1686) for mini_module_1458.mlir - runtime: 10.112000000000002
-----------------------------------------------------------
Cache hit (1684) for mini_module_1456.mlir - runtime: 112.896
-----------------------------------------------------------
Cache hit (1678) for mini_module_1454.mlir - runtime: 9.728000000000002
-----------------------------------------------------------
Cache hit (1676) for mini_module_1452.mlir - runtime: 145.472
-----------------------------------------------------------
Cache hit (1686) for mini_module_1450.mlir - runtime: 10.112000000000002
-----------------------------------------------------------
Cache hit (1672) for mini_module_1448.mlir - runtime: 130.68000000000004
-----------------------------------------------------------
Cache hit (1670) for mini_module_1446.mlir - runtime: 70.92800000000001
-----------------------------------------------------------
Cache hit (1668) for mini_module_1444.mlir - runtime: 40.67200000000001
-----------------------------------------------------------
Cache hit (1666) for mini_module_1442.mlir - runtime: 11.392000000000001
-----------------------------------------------------------
Cache hit (1664) for mini_module_1440.mlir - runtime: 252.32000000000002
-----------------------------------------------------------
Cache hit (1662) for mini_module_1438.mlir - runtime: 10.608
-----------------------------------------------------------
Cache hit (1660) for mini_module_1436.mlir - runtime: 193.14400000000003
-----------------------------------------------------------
Cache hit (1662) for mini_module_1434.mlir - runtime: 10.608
-----------------------------------------------------------
Cache hit (1656) for mini_module_1432.mlir - runtime: 230.97600000000003
-----------------------------------------------------------
Cache hit (1686) for mini_module_1430.mlir - runtime: 10.112000000000002
-----------------------------------------------------------
Cache hit (1684) for mini_module_1428.mlir - runtime: 112.896
-----------------------------------------------------------
Cache hit (1686) for mini_module_1426.mlir - runtime: 10.112000000000002
-----------------------------------------------------------
Cache hit (1684) for mini_module_1424.mlir - runtime: 112.896
-----------------------------------------------------------
Cache hit (1678) for mini_module_1422.mlir - runtime: 9.728000000000002
-----------------------------------------------------------
Cache hit (1676) for mini_module_1420.mlir - runtime: 145.472
-----------------------------------------------------------
Cache hit (1686) for mini_module_1418.mlir - runtime: 10.112000000000002
-----------------------------------------------------------
Cache hit (1672) for mini_module_1416.mlir - runtime: 130.68000000000004
-----------------------------------------------------------
Cache hit (1670) for mini_module_1414.mlir - runtime: 70.92800000000001
-----------------------------------------------------------
Cache hit (1668) for mini_module_1412.mlir - runtime: 40.67200000000001
-----------------------------------------------------------
Cache hit (1666) for mini_module_1410.mlir - runtime: 11.392000000000001
-----------------------------------------------------------
Cache hit (1664) for mini_module_1408.mlir - runtime: 252.32000000000002
-----------------------------------------------------------
Cache hit (1662) for mini_module_1406.mlir - runtime: 10.608
-----------------------------------------------------------
Cache hit (1660) for mini_module_1404.mlir - runtime: 193.14400000000003
-----------------------------------------------------------
Cache hit (1662) for mini_module_1402.mlir - runtime: 10.608
-----------------------------------------------------------
Cache hit (1656) for mini_module_1400.mlir - runtime: 230.97600000000003
-----------------------------------------------------------
Cache hit (1686) for mini_module_1398.mlir - runtime: 10.112000000000002
-----------------------------------------------------------
Cache hit (1684) for mini_module_1396.mlir - runtime: 112.896
-----------------------------------------------------------
Cache hit (1686) for mini_module_1394.mlir - runtime: 10.112000000000002
-----------------------------------------------------------
Cache hit (1684) for mini_module_1392.mlir - runtime: 112.896
-----------------------------------------------------------
Cache hit (1678) for mini_module_1390.mlir - runtime: 9.728000000000002
-----------------------------------------------------------
Cache hit (1676) for mini_module_1388.mlir - runtime: 145.472
-----------------------------------------------------------
Cache hit (1686) for mini_module_1386.mlir - runtime: 10.112000000000002
-----------------------------------------------------------
Cache hit (1672) for mini_module_1384.mlir - runtime: 130.68000000000004
-----------------------------------------------------------
Cache hit (1670) for mini_module_1382.mlir - runtime: 70.92800000000001
-----------------------------------------------------------
Cache hit (1668) for mini_module_1380.mlir - runtime: 40.67200000000001
-----------------------------------------------------------
Cache hit (1666) for mini_module_1378.mlir - runtime: 11.392000000000001
-----------------------------------------------------------
Cache hit (1664) for mini_module_1376.mlir - runtime: 252.32000000000002
-----------------------------------------------------------
Cache hit (1662) for mini_module_1374.mlir - runtime: 10.608
-----------------------------------------------------------
Cache hit (1660) for mini_module_1372.mlir - runtime: 193.14400000000003
-----------------------------------------------------------
Cache hit (1662) for mini_module_1370.mlir - runtime: 10.608
-----------------------------------------------------------
Cache hit (1656) for mini_module_1368.mlir - runtime: 230.97600000000003
-----------------------------------------------------------
Cache hit (1686) for mini_module_1366.mlir - runtime: 10.112000000000002
-----------------------------------------------------------
Cache hit (1684) for mini_module_1364.mlir - runtime: 112.896
-----------------------------------------------------------
Cache hit (1686) for mini_module_1362.mlir - runtime: 10.112000000000002
-----------------------------------------------------------
Cache hit (1684) for mini_module_1360.mlir - runtime: 112.896
-----------------------------------------------------------
Cache hit (1678) for mini_module_1358.mlir - runtime: 9.728000000000002
-----------------------------------------------------------
Cache hit (1676) for mini_module_1356.mlir - runtime: 145.472
-----------------------------------------------------------
Cache hit (1686) for mini_module_1354.mlir - runtime: 10.112000000000002
-----------------------------------------------------------
Cache hit (1672) for mini_module_1352.mlir - runtime: 130.68000000000004
-----------------------------------------------------------
Cache hit (1670) for mini_module_1350.mlir - runtime: 70.92800000000001
-----------------------------------------------------------
Cache hit (1668) for mini_module_1348.mlir - runtime: 40.67200000000001
-----------------------------------------------------------
Cache hit (1666) for mini_module_1346.mlir - runtime: 11.392000000000001
-----------------------------------------------------------
Cache hit (1664) for mini_module_1344.mlir - runtime: 252.32000000000002
-----------------------------------------------------------
Cache hit (1662) for mini_module_1342.mlir - runtime: 10.608
-----------------------------------------------------------
Cache hit (1660) for mini_module_1340.mlir - runtime: 193.14400000000003
-----------------------------------------------------------
Cache hit (1662) for mini_module_1338.mlir - runtime: 10.608
-----------------------------------------------------------
Cache hit (1656) for mini_module_1336.mlir - runtime: 230.97600000000003
-----------------------------------------------------------
Cache hit (1686) for mini_module_1334.mlir - runtime: 10.112000000000002
-----------------------------------------------------------
Cache hit (1684) for mini_module_1332.mlir - runtime: 112.896
-----------------------------------------------------------
Cache hit (1686) for mini_module_1330.mlir - runtime: 10.112000000000002
-----------------------------------------------------------
Cache hit (1684) for mini_module_1328.mlir - runtime: 112.896
-----------------------------------------------------------
Cache hit (1678) for mini_module_1326.mlir - runtime: 9.728000000000002
-----------------------------------------------------------
Cache hit (1676) for mini_module_1324.mlir - runtime: 145.472
-----------------------------------------------------------
Cache hit (1686) for mini_module_1322.mlir - runtime: 10.112000000000002
-----------------------------------------------------------
Cache hit (1672) for mini_module_1320.mlir - runtime: 130.68000000000004
-----------------------------------------------------------
Cache hit (1670) for mini_module_1318.mlir - runtime: 70.92800000000001
-----------------------------------------------------------
Cache hit (1668) for mini_module_1316.mlir - runtime: 40.67200000000001
-----------------------------------------------------------
Cache hit (1666) for mini_module_1314.mlir - runtime: 11.392000000000001
-----------------------------------------------------------
Cache hit (1664) for mini_module_1312.mlir - runtime: 252.32000000000002
-----------------------------------------------------------
Cache hit (1662) for mini_module_1310.mlir - runtime: 10.608
-----------------------------------------------------------
Cache hit (1660) for mini_module_1308.mlir - runtime: 193.14400000000003
-----------------------------------------------------------
Cache hit (1662) for mini_module_1306.mlir - runtime: 10.608
-----------------------------------------------------------
Cache hit (1656) for mini_module_1304.mlir - runtime: 230.97600000000003
-----------------------------------------------------------
Cache hit (1686) for mini_module_1302.mlir - runtime: 10.112000000000002
-----------------------------------------------------------
Cache hit (1684) for mini_module_1300.mlir - runtime: 112.896
-----------------------------------------------------------
Cache hit (1686) for mini_module_1298.mlir - runtime: 10.112000000000002
-----------------------------------------------------------
Cache hit (1684) for mini_module_1296.mlir - runtime: 112.896
-----------------------------------------------------------
Cache hit (1678) for mini_module_1294.mlir - runtime: 9.728000000000002
-----------------------------------------------------------
Cache hit (1676) for mini_module_1292.mlir - runtime: 145.472
-----------------------------------------------------------
Cache hit (1686) for mini_module_1290.mlir - runtime: 10.112000000000002
-----------------------------------------------------------
Cache hit (1672) for mini_module_1288.mlir - runtime: 130.68000000000004
-----------------------------------------------------------
Cache hit (1670) for mini_module_1286.mlir - runtime: 70.92800000000001
-----------------------------------------------------------
Cache hit (1668) for mini_module_1284.mlir - runtime: 40.67200000000001
-----------------------------------------------------------
Cache hit (1666) for mini_module_1282.mlir - runtime: 11.392000000000001
-----------------------------------------------------------
Cache hit (1664) for mini_module_1280.mlir - runtime: 252.32000000000002
-----------------------------------------------------------
Cache hit (1662) for mini_module_1278.mlir - runtime: 10.608
-----------------------------------------------------------
Cache hit (1660) for mini_module_1276.mlir - runtime: 193.14400000000003
-----------------------------------------------------------
Cache hit (1662) for mini_module_1274.mlir - runtime: 10.608
-----------------------------------------------------------
Cache hit (1656) for mini_module_1272.mlir - runtime: 230.97600000000003
-----------------------------------------------------------
Cache hit (1686) for mini_module_1270.mlir - runtime: 10.112000000000002
-----------------------------------------------------------
Cache hit (1684) for mini_module_1268.mlir - runtime: 112.896
-----------------------------------------------------------
Cache hit (1686) for mini_module_1266.mlir - runtime: 10.112000000000002
-----------------------------------------------------------
Cache hit (1684) for mini_module_1264.mlir - runtime: 112.896
-----------------------------------------------------------
Cache hit (1678) for mini_module_1262.mlir - runtime: 9.728000000000002
-----------------------------------------------------------
Cache hit (1676) for mini_module_1260.mlir - runtime: 145.472
-----------------------------------------------------------
Cache hit (1686) for mini_module_1258.mlir - runtime: 10.112000000000002
-----------------------------------------------------------
Cache hit (1672) for mini_module_1256.mlir - runtime: 130.68000000000004
-----------------------------------------------------------
Cache hit (1670) for mini_module_1254.mlir - runtime: 70.92800000000001
-----------------------------------------------------------
Cache hit (1668) for mini_module_1252.mlir - runtime: 40.67200000000001
-----------------------------------------------------------
Cache hit (1666) for mini_module_1250.mlir - runtime: 11.392000000000001
-----------------------------------------------------------
Cache hit (1664) for mini_module_1248.mlir - runtime: 252.32000000000002
-----------------------------------------------------------
Cache hit (1662) for mini_module_1246.mlir - runtime: 10.608
-----------------------------------------------------------
Cache hit (1660) for mini_module_1244.mlir - runtime: 193.14400000000003
-----------------------------------------------------------
Cache hit (1662) for mini_module_1242.mlir - runtime: 10.608
-----------------------------------------------------------
Cache hit (1656) for mini_module_1240.mlir - runtime: 230.97600000000003
-----------------------------------------------------------
Cache hit (1686) for mini_module_1238.mlir - runtime: 10.112000000000002
-----------------------------------------------------------
Cache hit (1684) for mini_module_1236.mlir - runtime: 112.896
-----------------------------------------------------------
Cache hit (1686) for mini_module_1234.mlir - runtime: 10.112000000000002
-----------------------------------------------------------
Cache hit (1684) for mini_module_1232.mlir - runtime: 112.896
-----------------------------------------------------------
Cache hit (1678) for mini_module_1230.mlir - runtime: 9.728000000000002
-----------------------------------------------------------
Cache hit (1676) for mini_module_1228.mlir - runtime: 145.472
-----------------------------------------------------------
Cache hit (1686) for mini_module_1226.mlir - runtime: 10.112000000000002
-----------------------------------------------------------
Cache hit (1672) for mini_module_1224.mlir - runtime: 130.68000000000004
-----------------------------------------------------------
Cache hit (1670) for mini_module_1222.mlir - runtime: 70.92800000000001
-----------------------------------------------------------
Cache hit (1668) for mini_module_1220.mlir - runtime: 40.67200000000001
-----------------------------------------------------------
Cache hit (1666) for mini_module_1218.mlir - runtime: 11.392000000000001
-----------------------------------------------------------
Cache hit (1664) for mini_module_1216.mlir - runtime: 252.32000000000002
-----------------------------------------------------------
Cache hit (1662) for mini_module_1214.mlir - runtime: 10.608
-----------------------------------------------------------
Cache hit (1660) for mini_module_1212.mlir - runtime: 193.14400000000003
-----------------------------------------------------------
Cache hit (1662) for mini_module_1210.mlir - runtime: 10.608
-----------------------------------------------------------
Cache hit (1656) for mini_module_1208.mlir - runtime: 230.97600000000003
-----------------------------------------------------------
Cache hit (1686) for mini_module_1206.mlir - runtime: 10.112000000000002
-----------------------------------------------------------
Cache hit (1684) for mini_module_1204.mlir - runtime: 112.896
-----------------------------------------------------------
Cache hit (1686) for mini_module_1202.mlir - runtime: 10.112000000000002
-----------------------------------------------------------
Cache hit (1684) for mini_module_1200.mlir - runtime: 112.896
-----------------------------------------------------------
Cache hit (1678) for mini_module_1198.mlir - runtime: 9.728000000000002
-----------------------------------------------------------
Cache hit (1676) for mini_module_1196.mlir - runtime: 145.472
-----------------------------------------------------------
Cache hit (1686) for mini_module_1194.mlir - runtime: 10.112000000000002
-----------------------------------------------------------
Cache hit (1672) for mini_module_1192.mlir - runtime: 130.68000000000004
-----------------------------------------------------------
Cache hit (1670) for mini_module_1190.mlir - runtime: 70.92800000000001
-----------------------------------------------------------
Cache hit (1668) for mini_module_1188.mlir - runtime: 40.67200000000001
-----------------------------------------------------------
Cache hit (1666) for mini_module_1186.mlir - runtime: 11.392000000000001
-----------------------------------------------------------
Cache hit (1664) for mini_module_1184.mlir - runtime: 252.32000000000002
-----------------------------------------------------------
Cache hit (1662) for mini_module_1182.mlir - runtime: 10.608
-----------------------------------------------------------
Cache hit (1660) for mini_module_1180.mlir - runtime: 193.14400000000003
-----------------------------------------------------------
Cache hit (1662) for mini_module_1178.mlir - runtime: 10.608
-----------------------------------------------------------
Cache hit (1656) for mini_module_1176.mlir - runtime: 230.97600000000003
-----------------------------------------------------------
Cache hit (1686) for mini_module_1174.mlir - runtime: 10.112000000000002
-----------------------------------------------------------
Cache hit (1684) for mini_module_1172.mlir - runtime: 112.896
-----------------------------------------------------------
Cache hit (1686) for mini_module_1170.mlir - runtime: 10.112000000000002
-----------------------------------------------------------
Cache hit (1684) for mini_module_1168.mlir - runtime: 112.896
-----------------------------------------------------------
Cache hit (1678) for mini_module_1166.mlir - runtime: 9.728000000000002
-----------------------------------------------------------
Cache hit (1676) for mini_module_1164.mlir - runtime: 145.472
-----------------------------------------------------------
Cache hit (1686) for mini_module_1162.mlir - runtime: 10.112000000000002
-----------------------------------------------------------
Cache hit (1672) for mini_module_1160.mlir - runtime: 130.68000000000004
-----------------------------------------------------------
Cache hit (1670) for mini_module_1158.mlir - runtime: 70.92800000000001
-----------------------------------------------------------
Cache hit (1668) for mini_module_1156.mlir - runtime: 40.67200000000001
-----------------------------------------------------------
Cache hit (1666) for mini_module_1154.mlir - runtime: 11.392000000000001
-----------------------------------------------------------
Cache hit (1664) for mini_module_1152.mlir - runtime: 252.32000000000002
-----------------------------------------------------------
Cache hit (1662) for mini_module_1150.mlir - runtime: 10.608
-----------------------------------------------------------
Cache hit (1660) for mini_module_1148.mlir - runtime: 193.14400000000003
-----------------------------------------------------------
Cache hit (1662) for mini_module_1146.mlir - runtime: 10.608
-----------------------------------------------------------
Cache hit (1656) for mini_module_1144.mlir - runtime: 230.97600000000003
-----------------------------------------------------------
Cache hit (1686) for mini_module_1142.mlir - runtime: 10.112000000000002
-----------------------------------------------------------
Cache hit (1684) for mini_module_1140.mlir - runtime: 112.896
-----------------------------------------------------------
Cache hit (1686) for mini_module_1138.mlir - runtime: 10.112000000000002
-----------------------------------------------------------
Cache hit (1684) for mini_module_1136.mlir - runtime: 112.896
-----------------------------------------------------------
Cache hit (1678) for mini_module_1134.mlir - runtime: 9.728000000000002
-----------------------------------------------------------
Cache hit (1676) for mini_module_1132.mlir - runtime: 145.472
-----------------------------------------------------------
Cache hit (1686) for mini_module_1130.mlir - runtime: 10.112000000000002
-----------------------------------------------------------
Cache hit (1672) for mini_module_1128.mlir - runtime: 130.68000000000004
-----------------------------------------------------------
Cache hit (1670) for mini_module_1126.mlir - runtime: 70.92800000000001
-----------------------------------------------------------
Cache hit (1668) for mini_module_1124.mlir - runtime: 40.67200000000001
-----------------------------------------------------------
Cache hit (1666) for mini_module_1122.mlir - runtime: 11.392000000000001
-----------------------------------------------------------
Cache hit (1664) for mini_module_1120.mlir - runtime: 252.32000000000002
-----------------------------------------------------------
Cache hit (1662) for mini_module_1118.mlir - runtime: 10.608
-----------------------------------------------------------
Cache hit (1660) for mini_module_1116.mlir - runtime: 193.14400000000003
-----------------------------------------------------------
Cache hit (1662) for mini_module_1114.mlir - runtime: 10.608
-----------------------------------------------------------
Cache hit (1656) for mini_module_1112.mlir - runtime: 230.97600000000003
-----------------------------------------------------------
Cache hit (1686) for mini_module_1110.mlir - runtime: 10.112000000000002
-----------------------------------------------------------
Cache hit (1684) for mini_module_1108.mlir - runtime: 112.896
-----------------------------------------------------------
Cache hit (1686) for mini_module_1106.mlir - runtime: 10.112000000000002
-----------------------------------------------------------
Cache hit (1684) for mini_module_1104.mlir - runtime: 112.896
-----------------------------------------------------------
Cache hit (1678) for mini_module_1102.mlir - runtime: 9.728000000000002
-----------------------------------------------------------
Cache hit (1676) for mini_module_1100.mlir - runtime: 145.472
-----------------------------------------------------------
Cache hit (1686) for mini_module_1098.mlir - runtime: 10.112000000000002
-----------------------------------------------------------
Cache hit (1672) for mini_module_1096.mlir - runtime: 130.68000000000004
-----------------------------------------------------------
Cache hit (1670) for mini_module_1094.mlir - runtime: 70.92800000000001
-----------------------------------------------------------
Cache hit (1668) for mini_module_1092.mlir - runtime: 40.67200000000001
-----------------------------------------------------------
Cache hit (1666) for mini_module_1090.mlir - runtime: 11.392000000000001
-----------------------------------------------------------
Cache hit (1664) for mini_module_1088.mlir - runtime: 252.32000000000002
-----------------------------------------------------------
Cache hit (1662) for mini_module_1086.mlir - runtime: 10.608
-----------------------------------------------------------
Cache hit (1660) for mini_module_1084.mlir - runtime: 193.14400000000003
-----------------------------------------------------------
Cache hit (1662) for mini_module_1082.mlir - runtime: 10.608
-----------------------------------------------------------
Cache hit (1656) for mini_module_1080.mlir - runtime: 230.97600000000003
-----------------------------------------------------------
Cache hit (1686) for mini_module_1078.mlir - runtime: 10.112000000000002
-----------------------------------------------------------
Cache hit (1684) for mini_module_1076.mlir - runtime: 112.896
-----------------------------------------------------------
Cache hit (1686) for mini_module_1074.mlir - runtime: 10.112000000000002
-----------------------------------------------------------
Cache hit (1684) for mini_module_1072.mlir - runtime: 112.896
-----------------------------------------------------------
Cache hit (1678) for mini_module_1070.mlir - runtime: 9.728000000000002
-----------------------------------------------------------
Cache hit (1676) for mini_module_1068.mlir - runtime: 145.472
-----------------------------------------------------------
Cache hit (1686) for mini_module_1066.mlir - runtime: 10.112000000000002
-----------------------------------------------------------
Cache hit (1672) for mini_module_1064.mlir - runtime: 130.68000000000004
-----------------------------------------------------------
Cache hit (1670) for mini_module_1062.mlir - runtime: 70.92800000000001
-----------------------------------------------------------
Cache hit (1668) for mini_module_1060.mlir - runtime: 40.67200000000001
-----------------------------------------------------------
Cache hit (1666) for mini_module_1058.mlir - runtime: 11.392000000000001
-----------------------------------------------------------
Cache hit (1664) for mini_module_1056.mlir - runtime: 252.32000000000002
-----------------------------------------------------------
Cache hit (1662) for mini_module_1054.mlir - runtime: 10.608
-----------------------------------------------------------
Cache hit (1660) for mini_module_1052.mlir - runtime: 193.14400000000003
-----------------------------------------------------------
Cache hit (1662) for mini_module_1050.mlir - runtime: 10.608
-----------------------------------------------------------
Cache hit (1656) for mini_module_1048.mlir - runtime: 230.97600000000003
-----------------------------------------------------------
Cache hit (1686) for mini_module_1046.mlir - runtime: 10.112000000000002
-----------------------------------------------------------
Cache hit (1684) for mini_module_1044.mlir - runtime: 112.896
-----------------------------------------------------------
Cache hit (1686) for mini_module_1042.mlir - runtime: 10.112000000000002
-----------------------------------------------------------
Cache hit (1684) for mini_module_1040.mlir - runtime: 112.896
-----------------------------------------------------------
Cache hit (1678) for mini_module_1038.mlir - runtime: 9.728000000000002
-----------------------------------------------------------
Cache hit (1676) for mini_module_1036.mlir - runtime: 145.472
-----------------------------------------------------------
Cache hit (1686) for mini_module_1034.mlir - runtime: 10.112000000000002
-----------------------------------------------------------
Cache hit (1672) for mini_module_1032.mlir - runtime: 130.68000000000004
-----------------------------------------------------------
Cache hit (1670) for mini_module_1030.mlir - runtime: 70.92800000000001
-----------------------------------------------------------
Cache hit (1668) for mini_module_1028.mlir - runtime: 40.67200000000001
-----------------------------------------------------------
Cache hit (1666) for mini_module_1026.mlir - runtime: 11.392000000000001
-----------------------------------------------------------
Cache hit (1664) for mini_module_1024.mlir - runtime: 252.32000000000002
-----------------------------------------------------------
Cache hit (1662) for mini_module_1022.mlir - runtime: 10.608
-----------------------------------------------------------
Cache hit (1660) for mini_module_1020.mlir - runtime: 193.14400000000003
-----------------------------------------------------------
Cache hit (1662) for mini_module_1018.mlir - runtime: 10.608
-----------------------------------------------------------
Cache hit (1656) for mini_module_1016.mlir - runtime: 230.97600000000003
-----------------------------------------------------------
Cache hit (1686) for mini_module_1014.mlir - runtime: 10.112000000000002
-----------------------------------------------------------
Cache hit (1684) for mini_module_1012.mlir - runtime: 112.896
-----------------------------------------------------------
Cache hit (1686) for mini_module_1010.mlir - runtime: 10.112000000000002
-----------------------------------------------------------
Cache hit (1684) for mini_module_1008.mlir - runtime: 112.896
-----------------------------------------------------------
Cache hit (1678) for mini_module_1006.mlir - runtime: 9.728000000000002
-----------------------------------------------------------
Cache hit (1676) for mini_module_1004.mlir - runtime: 145.472
-----------------------------------------------------------
Cache hit (1686) for mini_module_1002.mlir - runtime: 10.112000000000002
-----------------------------------------------------------
Cache hit (1672) for mini_module_1000.mlir - runtime: 130.68000000000004
-----------------------------------------------------------
Cache hit (1670) for mini_module_998.mlir - runtime: 70.92800000000001
-----------------------------------------------------------
Cache hit (1668) for mini_module_996.mlir - runtime: 40.67200000000001
-----------------------------------------------------------
Cache hit (1666) for mini_module_994.mlir - runtime: 11.392000000000001
-----------------------------------------------------------
Cache hit (1664) for mini_module_992.mlir - runtime: 252.32000000000002
-----------------------------------------------------------
Cache hit (1662) for mini_module_990.mlir - runtime: 10.608
-----------------------------------------------------------
Cache hit (1660) for mini_module_988.mlir - runtime: 193.14400000000003
-----------------------------------------------------------
Cache hit (1662) for mini_module_986.mlir - runtime: 10.608
-----------------------------------------------------------
Cache hit (1656) for mini_module_984.mlir - runtime: 230.97600000000003
-----------------------------------------------------------
Cache hit (1686) for mini_module_982.mlir - runtime: 10.112000000000002
-----------------------------------------------------------
Cache hit (1684) for mini_module_980.mlir - runtime: 112.896
-----------------------------------------------------------
Cache hit (1686) for mini_module_978.mlir - runtime: 10.112000000000002
-----------------------------------------------------------
Cache hit (1684) for mini_module_976.mlir - runtime: 112.896
-----------------------------------------------------------
Cache hit (1678) for mini_module_974.mlir - runtime: 9.728000000000002
-----------------------------------------------------------
Cache hit (1676) for mini_module_972.mlir - runtime: 145.472
-----------------------------------------------------------
Cache hit (1686) for mini_module_970.mlir - runtime: 10.112000000000002
-----------------------------------------------------------
Cache hit (1672) for mini_module_968.mlir - runtime: 130.68000000000004
-----------------------------------------------------------
Cache hit (1670) for mini_module_966.mlir - runtime: 70.92800000000001
-----------------------------------------------------------
Cache hit (1668) for mini_module_964.mlir - runtime: 40.67200000000001
-----------------------------------------------------------
Cache hit (1666) for mini_module_962.mlir - runtime: 11.392000000000001
-----------------------------------------------------------
Cache hit (1664) for mini_module_960.mlir - runtime: 252.32000000000002
-----------------------------------------------------------
Cache hit (1662) for mini_module_958.mlir - runtime: 10.608
-----------------------------------------------------------
Cache hit (1660) for mini_module_956.mlir - runtime: 193.14400000000003
-----------------------------------------------------------
Cache hit (1662) for mini_module_954.mlir - runtime: 10.608
-----------------------------------------------------------
Cache hit (1656) for mini_module_952.mlir - runtime: 230.97600000000003
-----------------------------------------------------------
Cache hit (1686) for mini_module_950.mlir - runtime: 10.112000000000002
-----------------------------------------------------------
Cache hit (1684) for mini_module_948.mlir - runtime: 112.896
-----------------------------------------------------------
Cache hit (1686) for mini_module_946.mlir - runtime: 10.112000000000002
-----------------------------------------------------------
Cache hit (1684) for mini_module_944.mlir - runtime: 112.896
-----------------------------------------------------------
Cache hit (1678) for mini_module_942.mlir - runtime: 9.728000000000002
-----------------------------------------------------------
Cache hit (1676) for mini_module_940.mlir - runtime: 145.472
-----------------------------------------------------------
Cache hit (1686) for mini_module_938.mlir - runtime: 10.112000000000002
-----------------------------------------------------------
Cache hit (1672) for mini_module_936.mlir - runtime: 130.68000000000004
-----------------------------------------------------------
Cache hit (1670) for mini_module_934.mlir - runtime: 70.92800000000001
-----------------------------------------------------------
Cache hit (1668) for mini_module_932.mlir - runtime: 40.67200000000001
-----------------------------------------------------------
Cache hit (1666) for mini_module_930.mlir - runtime: 11.392000000000001
-----------------------------------------------------------
Cache hit (1664) for mini_module_928.mlir - runtime: 252.32000000000002
-----------------------------------------------------------
Cache hit (1662) for mini_module_926.mlir - runtime: 10.608
-----------------------------------------------------------
Cache hit (1660) for mini_module_924.mlir - runtime: 193.14400000000003
-----------------------------------------------------------
Cache hit (1662) for mini_module_922.mlir - runtime: 10.608
-----------------------------------------------------------
Cache hit (1656) for mini_module_920.mlir - runtime: 230.97600000000003
-----------------------------------------------------------
Cache hit (1686) for mini_module_918.mlir - runtime: 10.112000000000002
-----------------------------------------------------------
Cache hit (1684) for mini_module_916.mlir - runtime: 112.896
-----------------------------------------------------------
Cache hit (1686) for mini_module_914.mlir - runtime: 10.112000000000002
-----------------------------------------------------------
Cache hit (1684) for mini_module_912.mlir - runtime: 112.896
-----------------------------------------------------------
Cache hit (1678) for mini_module_910.mlir - runtime: 9.728000000000002
-----------------------------------------------------------
Cache hit (1676) for mini_module_908.mlir - runtime: 145.472
-----------------------------------------------------------
Cache hit (1686) for mini_module_906.mlir - runtime: 10.112000000000002
-----------------------------------------------------------
Cache hit (1672) for mini_module_904.mlir - runtime: 130.68000000000004
-----------------------------------------------------------
Cache hit (1670) for mini_module_902.mlir - runtime: 70.92800000000001
-----------------------------------------------------------
Cache hit (1668) for mini_module_900.mlir - runtime: 40.67200000000001
-----------------------------------------------------------
Cache hit (1666) for mini_module_898.mlir - runtime: 11.392000000000001
-----------------------------------------------------------
Cache hit (1664) for mini_module_896.mlir - runtime: 252.32000000000002
-----------------------------------------------------------
Cache hit (1662) for mini_module_894.mlir - runtime: 10.608
-----------------------------------------------------------
Cache hit (1660) for mini_module_892.mlir - runtime: 193.14400000000003
-----------------------------------------------------------
Cache hit (1662) for mini_module_890.mlir - runtime: 10.608
-----------------------------------------------------------
Cache hit (1656) for mini_module_888.mlir - runtime: 230.97600000000003
-----------------------------------------------------------
Cache hit (1686) for mini_module_886.mlir - runtime: 10.112000000000002
-----------------------------------------------------------
Cache hit (1684) for mini_module_884.mlir - runtime: 112.896
-----------------------------------------------------------
Cache hit (1686) for mini_module_882.mlir - runtime: 10.112000000000002
-----------------------------------------------------------
Cache hit (1684) for mini_module_880.mlir - runtime: 112.896
-----------------------------------------------------------
Cache hit (1678) for mini_module_878.mlir - runtime: 9.728000000000002
-----------------------------------------------------------
Cache hit (1676) for mini_module_876.mlir - runtime: 145.472
-----------------------------------------------------------
Cache hit (1686) for mini_module_874.mlir - runtime: 10.112000000000002
-----------------------------------------------------------
Cache hit (1672) for mini_module_872.mlir - runtime: 130.68000000000004
-----------------------------------------------------------
Cache hit (1670) for mini_module_870.mlir - runtime: 70.92800000000001
-----------------------------------------------------------
Cache hit (1668) for mini_module_868.mlir - runtime: 40.67200000000001
-----------------------------------------------------------
Cache hit (1666) for mini_module_866.mlir - runtime: 11.392000000000001
-----------------------------------------------------------
Cache hit (1664) for mini_module_864.mlir - runtime: 252.32000000000002
-----------------------------------------------------------
Cache hit (1662) for mini_module_862.mlir - runtime: 10.608
-----------------------------------------------------------
Cache hit (1660) for mini_module_860.mlir - runtime: 193.14400000000003
-----------------------------------------------------------
Cache hit (1662) for mini_module_858.mlir - runtime: 10.608
-----------------------------------------------------------
Cache hit (1656) for mini_module_856.mlir - runtime: 230.97600000000003
-----------------------------------------------------------
Cache hit (1686) for mini_module_854.mlir - runtime: 10.112000000000002
-----------------------------------------------------------
Cache hit (1684) for mini_module_852.mlir - runtime: 112.896
-----------------------------------------------------------
Cache hit (1686) for mini_module_850.mlir - runtime: 10.112000000000002
-----------------------------------------------------------
Cache hit (1684) for mini_module_848.mlir - runtime: 112.896
-----------------------------------------------------------
Cache hit (1678) for mini_module_846.mlir - runtime: 9.728000000000002
-----------------------------------------------------------
Cache hit (1676) for mini_module_844.mlir - runtime: 145.472
-----------------------------------------------------------
Cache hit (1686) for mini_module_842.mlir - runtime: 10.112000000000002
-----------------------------------------------------------
Cache hit (1672) for mini_module_840.mlir - runtime: 130.68000000000004
-----------------------------------------------------------
Cache hit (1670) for mini_module_838.mlir - runtime: 70.92800000000001
-----------------------------------------------------------
Cache hit (1668) for mini_module_836.mlir - runtime: 40.67200000000001
-----------------------------------------------------------
Cache hit (1666) for mini_module_834.mlir - runtime: 11.392000000000001
-----------------------------------------------------------
Cache hit (1664) for mini_module_832.mlir - runtime: 252.32000000000002
-----------------------------------------------------------
Cache hit (1662) for mini_module_830.mlir - runtime: 10.608
-----------------------------------------------------------
Cache hit (1660) for mini_module_828.mlir - runtime: 193.14400000000003
-----------------------------------------------------------
Cache hit (1662) for mini_module_826.mlir - runtime: 10.608
-----------------------------------------------------------
Cache hit (1656) for mini_module_824.mlir - runtime: 230.97600000000003
-----------------------------------------------------------
Cache hit (1686) for mini_module_822.mlir - runtime: 10.112000000000002
-----------------------------------------------------------
Cache hit (1684) for mini_module_820.mlir - runtime: 112.896
-----------------------------------------------------------
Cache hit (1686) for mini_module_818.mlir - runtime: 10.112000000000002
-----------------------------------------------------------
Cache hit (1684) for mini_module_816.mlir - runtime: 112.896
-----------------------------------------------------------
Cache hit (1678) for mini_module_814.mlir - runtime: 9.728000000000002
-----------------------------------------------------------
Cache hit (1676) for mini_module_812.mlir - runtime: 145.472
-----------------------------------------------------------
Cache hit (1686) for mini_module_810.mlir - runtime: 10.112000000000002
-----------------------------------------------------------
Translating MLIR to HLO:
xla-translate --stablehlo-to-hlo-text -o /storage/ice1/5/1/cman8/shared/hespas_workload/output/llama3/2b_4h100/mini_module_808.hlo output/llama3/2b_4h100/mini_module_808.mlir
hlo_runner_main --num_repeats=5 --profile_execution=true --hlo_argument_mode=uninitialized /storage/ice1/5/1/cman8/shared/hespas_workload/output/llama3/2b_4h100/mini_module_808.hlo
------------------------------------------------
Runtime estimate for mini_module_808.mlir - runtime: 127.36800000000002
-----------------------------------------------------------
Translating MLIR to HLO:
xla-translate --stablehlo-to-hlo-text -o /storage/ice1/5/1/cman8/shared/hespas_workload/output/llama3/2b_4h100/mini_module_806.hlo output/llama3/2b_4h100/mini_module_806.mlir
hlo_runner_main --num_repeats=5 --profile_execution=true --hlo_argument_mode=uninitialized /storage/ice1/5/1/cman8/shared/hespas_workload/output/llama3/2b_4h100/mini_module_806.hlo
------------------------------------------------
Runtime estimate for mini_module_806.mlir - runtime: 159.096
-----------------------------------------------------------
Translating MLIR to HLO:
xla-translate --stablehlo-to-hlo-text -o /storage/ice1/5/1/cman8/shared/hespas_workload/output/llama3/2b_4h100/mini_module_804.hlo output/llama3/2b_4h100/mini_module_804.mlir
hlo_runner_main --num_repeats=5 --profile_execution=true --hlo_argument_mode=uninitialized /storage/ice1/5/1/cman8/shared/hespas_workload/output/llama3/2b_4h100/mini_module_804.hlo
------------------------------------------------
Runtime estimate for mini_module_804.mlir - runtime: 575.6800000000001
-----------------------------------------------------------
Translating MLIR to HLO:
xla-translate --stablehlo-to-hlo-text -o /storage/ice1/5/1/cman8/shared/hespas_workload/output/llama3/2b_4h100/mini_module_802.hlo output/llama3/2b_4h100/mini_module_802.mlir
hlo_runner_main --num_repeats=5 --profile_execution=true --hlo_argument_mode=uninitialized /storage/ice1/5/1/cman8/shared/hespas_workload/output/llama3/2b_4h100/mini_module_802.hlo
------------------------------------------------
Runtime estimate for mini_module_802.mlir - runtime: 5487.240000000001
-----------------------------------------------------------
Translating MLIR to HLO:
xla-translate --stablehlo-to-hlo-text -o /storage/ice1/5/1/cman8/shared/hespas_workload/output/llama3/2b_4h100/mini_module_800.hlo output/llama3/2b_4h100/mini_module_800.mlir
hlo_runner_main --num_repeats=5 --profile_execution=true --hlo_argument_mode=uninitialized /storage/ice1/5/1/cman8/shared/hespas_workload/output/llama3/2b_4h100/mini_module_800.hlo
------------------------------------------------
Runtime estimate for mini_module_800.mlir - runtime: 4367.5195
-----------------------------------------------------------
Translating MLIR to HLO:
xla-translate --stablehlo-to-hlo-text -o /storage/ice1/5/1/cman8/shared/hespas_workload/output/llama3/2b_4h100/mini_module_798.hlo output/llama3/2b_4h100/mini_module_798.mlir
hlo_runner_main --num_repeats=5 --profile_execution=true --hlo_argument_mode=uninitialized /storage/ice1/5/1/cman8/shared/hespas_workload/output/llama3/2b_4h100/mini_module_798.hlo
------------------------------------------------
Runtime estimate for mini_module_798.mlir - runtime: 109.38400000000001
-----------------------------------------------------------
Translating MLIR to HLO:
xla-translate --stablehlo-to-hlo-text -o /storage/ice1/5/1/cman8/shared/hespas_workload/output/llama3/2b_4h100/mini_module_796.hlo output/llama3/2b_4h100/mini_module_796.mlir
hlo_runner_main --num_repeats=5 --profile_execution=true --hlo_argument_mode=uninitialized /storage/ice1/5/1/cman8/shared/hespas_workload/output/llama3/2b_4h100/mini_module_796.hlo
------------------------------------------------
Runtime estimate for mini_module_796.mlir - runtime: 232.66400000000004
-----------------------------------------------------------
Translating MLIR to HLO:
xla-translate --stablehlo-to-hlo-text -o /storage/ice1/5/1/cman8/shared/hespas_workload/output/llama3/2b_4h100/mini_module_794.hlo output/llama3/2b_4h100/mini_module_794.mlir
hlo_runner_main --num_repeats=5 --profile_execution=true --hlo_argument_mode=uninitialized /storage/ice1/5/1/cman8/shared/hespas_workload/output/llama3/2b_4h100/mini_module_794.hlo
------------------------------------------------
Runtime estimate for mini_module_794.mlir - runtime: 177.57600000000002
-----------------------------------------------------------
Cache hit (2888) for mini_module_792.mlir - runtime: 5.768000000000001
-----------------------------------------------------------
Cache hit (1666) for mini_module_790.mlir - runtime: 11.392000000000001
-----------------------------------------------------------
Cache hit (1664) for mini_module_788.mlir - runtime: 252.32000000000002
-----------------------------------------------------------
Cache hit (1662) for mini_module_786.mlir - runtime: 10.608
-----------------------------------------------------------
Translating MLIR to HLO:
xla-translate --stablehlo-to-hlo-text -o /storage/ice1/5/1/cman8/shared/hespas_workload/output/llama3/2b_4h100/mini_module_784.hlo output/llama3/2b_4h100/mini_module_784.mlir
hlo_runner_main --num_repeats=5 --profile_execution=true --hlo_argument_mode=uninitialized /storage/ice1/5/1/cman8/shared/hespas_workload/output/llama3/2b_4h100/mini_module_784.hlo
------------------------------------------------
Runtime estimate for mini_module_784.mlir - runtime: 269.78400000000005
-----------------------------------------------------------
Translating MLIR to HLO:
xla-translate --stablehlo-to-hlo-text -o /storage/ice1/5/1/cman8/shared/hespas_workload/output/llama3/2b_4h100/mini_module_782.hlo output/llama3/2b_4h100/mini_module_782.mlir
hlo_runner_main --num_repeats=5 --profile_execution=true --hlo_argument_mode=uninitialized /storage/ice1/5/1/cman8/shared/hespas_workload/output/llama3/2b_4h100/mini_module_782.hlo
------------------------------------------------
Runtime estimate for mini_module_782.mlir - runtime: 12.528000000000002
-----------------------------------------------------------
Translating MLIR to HLO:
xla-translate --stablehlo-to-hlo-text -o /storage/ice1/5/1/cman8/shared/hespas_workload/output/llama3/2b_4h100/mini_module_780.hlo output/llama3/2b_4h100/mini_module_780.mlir
hlo_runner_main --num_repeats=5 --profile_execution=true --hlo_argument_mode=uninitialized /storage/ice1/5/1/cman8/shared/hespas_workload/output/llama3/2b_4h100/mini_module_780.hlo
------------------------------------------------
Runtime estimate for mini_module_780.mlir - runtime: 506.704
-----------------------------------------------------------
Translating MLIR to HLO:
xla-translate --stablehlo-to-hlo-text -o /storage/ice1/5/1/cman8/shared/hespas_workload/output/llama3/2b_4h100/mini_module_778.hlo output/llama3/2b_4h100/mini_module_778.mlir
hlo_runner_main --num_repeats=5 --profile_execution=true --hlo_argument_mode=uninitialized /storage/ice1/5/1/cman8/shared/hespas_workload/output/llama3/2b_4h100/mini_module_778.hlo
------------------------------------------------
Runtime estimate for mini_module_778.mlir - runtime: 403.46400000000006
-----------------------------------------------------------
Cache hit (804) for mini_module_776.mlir - runtime: 575.6800000000001
-----------------------------------------------------------
Cache hit (802) for mini_module_774.mlir - runtime: 5487.240000000001
-----------------------------------------------------------
Cache hit (800) for mini_module_772.mlir - runtime: 4367.5195
-----------------------------------------------------------
Translating MLIR to HLO:
xla-translate --stablehlo-to-hlo-text -o /storage/ice1/5/1/cman8/shared/hespas_workload/output/llama3/2b_4h100/mini_module_770.hlo output/llama3/2b_4h100/mini_module_770.mlir
hlo_runner_main --num_repeats=5 --profile_execution=true --hlo_argument_mode=uninitialized /storage/ice1/5/1/cman8/shared/hespas_workload/output/llama3/2b_4h100/mini_module_770.hlo
------------------------------------------------
Runtime estimate for mini_module_770.mlir - runtime: 242.76000000000002
-----------------------------------------------------------
Translating MLIR to HLO:
xla-translate --stablehlo-to-hlo-text -o /storage/ice1/5/1/cman8/shared/hespas_workload/output/llama3/2b_4h100/mini_module_768.hlo output/llama3/2b_4h100/mini_module_768.mlir
hlo_runner_main --num_repeats=5 --profile_execution=true --hlo_argument_mode=uninitialized /storage/ice1/5/1/cman8/shared/hespas_workload/output/llama3/2b_4h100/mini_module_768.hlo
------------------------------------------------
Runtime estimate for mini_module_768.mlir - runtime: 304.26400000000007
-----------------------------------------------------------
Translating MLIR to HLO:
xla-translate --stablehlo-to-hlo-text -o /storage/ice1/5/1/cman8/shared/hespas_workload/output/llama3/2b_4h100/mini_module_766.hlo output/llama3/2b_4h100/mini_module_766.mlir
hlo_runner_main --num_repeats=5 --profile_execution=true --hlo_argument_mode=uninitialized /storage/ice1/5/1/cman8/shared/hespas_workload/output/llama3/2b_4h100/mini_module_766.hlo
------------------------------------------------
Runtime estimate for mini_module_766.mlir - runtime: 245.38400000000004
-----------------------------------------------------------
Translating MLIR to HLO:
xla-translate --stablehlo-to-hlo-text -o /storage/ice1/5/1/cman8/shared/hespas_workload/output/llama3/2b_4h100/mini_module_764.hlo output/llama3/2b_4h100/mini_module_764.mlir
hlo_runner_main --num_repeats=5 --profile_execution=true --hlo_argument_mode=uninitialized /storage/ice1/5/1/cman8/shared/hespas_workload/output/llama3/2b_4h100/mini_module_764.hlo
------------------------------------------------
Runtime estimate for mini_module_764.mlir - runtime: 419.16800000000006
-----------------------------------------------------------
Cache hit (804) for mini_module_762.mlir - runtime: 575.6800000000001
-----------------------------------------------------------
Cache hit (802) for mini_module_760.mlir - runtime: 5487.240000000001
-----------------------------------------------------------
Cache hit (800) for mini_module_758.mlir - runtime: 4367.5195
-----------------------------------------------------------
Cache hit (770) for mini_module_756.mlir - runtime: 242.76000000000002
-----------------------------------------------------------
Cache hit (768) for mini_module_754.mlir - runtime: 304.26400000000007
-----------------------------------------------------------
Cache hit (766) for mini_module_752.mlir - runtime: 245.38400000000004
-----------------------------------------------------------
Cache hit (764) for mini_module_750.mlir - runtime: 419.16800000000006
-----------------------------------------------------------
Cache hit (804) for mini_module_748.mlir - runtime: 575.6800000000001
-----------------------------------------------------------
Cache hit (802) for mini_module_746.mlir - runtime: 5487.240000000001
-----------------------------------------------------------
Cache hit (800) for mini_module_744.mlir - runtime: 4367.5195
-----------------------------------------------------------
Cache hit (770) for mini_module_742.mlir - runtime: 242.76000000000002
-----------------------------------------------------------
Cache hit (768) for mini_module_740.mlir - runtime: 304.26400000000007
-----------------------------------------------------------
Cache hit (766) for mini_module_738.mlir - runtime: 245.38400000000004
-----------------------------------------------------------
Cache hit (764) for mini_module_736.mlir - runtime: 419.16800000000006
-----------------------------------------------------------
Cache hit (804) for mini_module_734.mlir - runtime: 575.6800000000001
-----------------------------------------------------------
Cache hit (802) for mini_module_732.mlir - runtime: 5487.240000000001
-----------------------------------------------------------
Cache hit (800) for mini_module_730.mlir - runtime: 4367.5195
-----------------------------------------------------------
Cache hit (770) for mini_module_728.mlir - runtime: 242.76000000000002
-----------------------------------------------------------
Cache hit (768) for mini_module_726.mlir - runtime: 304.26400000000007
-----------------------------------------------------------
Cache hit (766) for mini_module_724.mlir - runtime: 245.38400000000004
-----------------------------------------------------------
Cache hit (764) for mini_module_722.mlir - runtime: 419.16800000000006
-----------------------------------------------------------
Cache hit (804) for mini_module_720.mlir - runtime: 575.6800000000001
-----------------------------------------------------------
Cache hit (802) for mini_module_718.mlir - runtime: 5487.240000000001
-----------------------------------------------------------
Cache hit (800) for mini_module_716.mlir - runtime: 4367.5195
-----------------------------------------------------------
Cache hit (770) for mini_module_714.mlir - runtime: 242.76000000000002
-----------------------------------------------------------
Cache hit (768) for mini_module_712.mlir - runtime: 304.26400000000007
-----------------------------------------------------------
Cache hit (766) for mini_module_710.mlir - runtime: 245.38400000000004
-----------------------------------------------------------
Cache hit (764) for mini_module_708.mlir - runtime: 419.16800000000006
-----------------------------------------------------------
Cache hit (804) for mini_module_706.mlir - runtime: 575.6800000000001
-----------------------------------------------------------
Cache hit (802) for mini_module_704.mlir - runtime: 5487.240000000001
-----------------------------------------------------------
Cache hit (800) for mini_module_702.mlir - runtime: 4367.5195
-----------------------------------------------------------
Cache hit (770) for mini_module_700.mlir - runtime: 242.76000000000002
-----------------------------------------------------------
Cache hit (768) for mini_module_698.mlir - runtime: 304.26400000000007
-----------------------------------------------------------
Cache hit (766) for mini_module_696.mlir - runtime: 245.38400000000004
-----------------------------------------------------------
Cache hit (764) for mini_module_694.mlir - runtime: 419.16800000000006
-----------------------------------------------------------
Cache hit (804) for mini_module_692.mlir - runtime: 575.6800000000001
-----------------------------------------------------------
Cache hit (802) for mini_module_690.mlir - runtime: 5487.240000000001
-----------------------------------------------------------
Cache hit (800) for mini_module_688.mlir - runtime: 4367.5195
-----------------------------------------------------------
Cache hit (770) for mini_module_686.mlir - runtime: 242.76000000000002
-----------------------------------------------------------
Cache hit (768) for mini_module_684.mlir - runtime: 304.26400000000007
-----------------------------------------------------------
Cache hit (766) for mini_module_682.mlir - runtime: 245.38400000000004
-----------------------------------------------------------
Cache hit (764) for mini_module_680.mlir - runtime: 419.16800000000006
-----------------------------------------------------------
Cache hit (804) for mini_module_678.mlir - runtime: 575.6800000000001
-----------------------------------------------------------
Cache hit (802) for mini_module_676.mlir - runtime: 5487.240000000001
-----------------------------------------------------------
Cache hit (800) for mini_module_674.mlir - runtime: 4367.5195
-----------------------------------------------------------
Cache hit (770) for mini_module_672.mlir - runtime: 242.76000000000002
-----------------------------------------------------------
Cache hit (768) for mini_module_670.mlir - runtime: 304.26400000000007
-----------------------------------------------------------
Cache hit (766) for mini_module_668.mlir - runtime: 245.38400000000004
-----------------------------------------------------------
Cache hit (764) for mini_module_666.mlir - runtime: 419.16800000000006
-----------------------------------------------------------
Cache hit (804) for mini_module_664.mlir - runtime: 575.6800000000001
-----------------------------------------------------------
Cache hit (802) for mini_module_662.mlir - runtime: 5487.240000000001
-----------------------------------------------------------
Cache hit (800) for mini_module_660.mlir - runtime: 4367.5195
-----------------------------------------------------------
Cache hit (770) for mini_module_658.mlir - runtime: 242.76000000000002
-----------------------------------------------------------
Cache hit (768) for mini_module_656.mlir - runtime: 304.26400000000007
-----------------------------------------------------------
Cache hit (766) for mini_module_654.mlir - runtime: 245.38400000000004
-----------------------------------------------------------
Cache hit (764) for mini_module_652.mlir - runtime: 419.16800000000006
-----------------------------------------------------------
Cache hit (804) for mini_module_650.mlir - runtime: 575.6800000000001
-----------------------------------------------------------
Cache hit (802) for mini_module_648.mlir - runtime: 5487.240000000001
-----------------------------------------------------------
Cache hit (800) for mini_module_646.mlir - runtime: 4367.5195
-----------------------------------------------------------
Cache hit (770) for mini_module_644.mlir - runtime: 242.76000000000002
-----------------------------------------------------------
Cache hit (768) for mini_module_642.mlir - runtime: 304.26400000000007
-----------------------------------------------------------
Cache hit (766) for mini_module_640.mlir - runtime: 245.38400000000004
-----------------------------------------------------------
Cache hit (764) for mini_module_638.mlir - runtime: 419.16800000000006
-----------------------------------------------------------
Cache hit (804) for mini_module_636.mlir - runtime: 575.6800000000001
-----------------------------------------------------------
Cache hit (802) for mini_module_634.mlir - runtime: 5487.240000000001
-----------------------------------------------------------
Cache hit (800) for mini_module_632.mlir - runtime: 4367.5195
-----------------------------------------------------------
Cache hit (770) for mini_module_630.mlir - runtime: 242.76000000000002
-----------------------------------------------------------
Cache hit (768) for mini_module_628.mlir - runtime: 304.26400000000007
-----------------------------------------------------------
Cache hit (766) for mini_module_626.mlir - runtime: 245.38400000000004
-----------------------------------------------------------
Cache hit (764) for mini_module_624.mlir - runtime: 419.16800000000006
-----------------------------------------------------------
Cache hit (804) for mini_module_622.mlir - runtime: 575.6800000000001
-----------------------------------------------------------
Cache hit (802) for mini_module_620.mlir - runtime: 5487.240000000001
-----------------------------------------------------------
Cache hit (800) for mini_module_618.mlir - runtime: 4367.5195
-----------------------------------------------------------
Cache hit (770) for mini_module_616.mlir - runtime: 242.76000000000002
-----------------------------------------------------------
Cache hit (768) for mini_module_614.mlir - runtime: 304.26400000000007
-----------------------------------------------------------
Cache hit (766) for mini_module_612.mlir - runtime: 245.38400000000004
-----------------------------------------------------------
Cache hit (764) for mini_module_610.mlir - runtime: 419.16800000000006
-----------------------------------------------------------
Cache hit (804) for mini_module_608.mlir - runtime: 575.6800000000001
-----------------------------------------------------------
Cache hit (802) for mini_module_606.mlir - runtime: 5487.240000000001
-----------------------------------------------------------
Cache hit (800) for mini_module_604.mlir - runtime: 4367.5195
-----------------------------------------------------------
Cache hit (770) for mini_module_602.mlir - runtime: 242.76000000000002
-----------------------------------------------------------
Cache hit (768) for mini_module_600.mlir - runtime: 304.26400000000007
-----------------------------------------------------------
Cache hit (766) for mini_module_598.mlir - runtime: 245.38400000000004
-----------------------------------------------------------
Cache hit (764) for mini_module_596.mlir - runtime: 419.16800000000006
-----------------------------------------------------------
Cache hit (804) for mini_module_594.mlir - runtime: 575.6800000000001
-----------------------------------------------------------
Cache hit (802) for mini_module_592.mlir - runtime: 5487.240000000001
-----------------------------------------------------------
Cache hit (800) for mini_module_590.mlir - runtime: 4367.5195
-----------------------------------------------------------
Cache hit (770) for mini_module_588.mlir - runtime: 242.76000000000002
-----------------------------------------------------------
Cache hit (768) for mini_module_586.mlir - runtime: 304.26400000000007
-----------------------------------------------------------
Cache hit (766) for mini_module_584.mlir - runtime: 245.38400000000004
-----------------------------------------------------------
Cache hit (764) for mini_module_582.mlir - runtime: 419.16800000000006
-----------------------------------------------------------
Cache hit (804) for mini_module_580.mlir - runtime: 575.6800000000001
-----------------------------------------------------------
Cache hit (802) for mini_module_578.mlir - runtime: 5487.240000000001
-----------------------------------------------------------
Cache hit (800) for mini_module_576.mlir - runtime: 4367.5195
-----------------------------------------------------------
Cache hit (770) for mini_module_574.mlir - runtime: 242.76000000000002
-----------------------------------------------------------
Cache hit (768) for mini_module_572.mlir - runtime: 304.26400000000007
-----------------------------------------------------------
Cache hit (766) for mini_module_570.mlir - runtime: 245.38400000000004
-----------------------------------------------------------
Cache hit (764) for mini_module_568.mlir - runtime: 419.16800000000006
-----------------------------------------------------------
Cache hit (804) for mini_module_566.mlir - runtime: 575.6800000000001
-----------------------------------------------------------
Cache hit (802) for mini_module_564.mlir - runtime: 5487.240000000001
-----------------------------------------------------------
Cache hit (800) for mini_module_562.mlir - runtime: 4367.5195
-----------------------------------------------------------
Cache hit (770) for mini_module_560.mlir - runtime: 242.76000000000002
-----------------------------------------------------------
Cache hit (768) for mini_module_558.mlir - runtime: 304.26400000000007
-----------------------------------------------------------
Cache hit (766) for mini_module_556.mlir - runtime: 245.38400000000004
-----------------------------------------------------------
Cache hit (764) for mini_module_554.mlir - runtime: 419.16800000000006
-----------------------------------------------------------
Cache hit (804) for mini_module_552.mlir - runtime: 575.6800000000001
-----------------------------------------------------------
Cache hit (802) for mini_module_550.mlir - runtime: 5487.240000000001
-----------------------------------------------------------
Cache hit (800) for mini_module_548.mlir - runtime: 4367.5195
-----------------------------------------------------------
Cache hit (770) for mini_module_546.mlir - runtime: 242.76000000000002
-----------------------------------------------------------
Cache hit (768) for mini_module_544.mlir - runtime: 304.26400000000007
-----------------------------------------------------------
Cache hit (766) for mini_module_542.mlir - runtime: 245.38400000000004
-----------------------------------------------------------
Cache hit (764) for mini_module_540.mlir - runtime: 419.16800000000006
-----------------------------------------------------------
Cache hit (804) for mini_module_538.mlir - runtime: 575.6800000000001
-----------------------------------------------------------
Cache hit (802) for mini_module_536.mlir - runtime: 5487.240000000001
-----------------------------------------------------------
Cache hit (800) for mini_module_534.mlir - runtime: 4367.5195
-----------------------------------------------------------
Cache hit (770) for mini_module_532.mlir - runtime: 242.76000000000002
-----------------------------------------------------------
Cache hit (768) for mini_module_530.mlir - runtime: 304.26400000000007
-----------------------------------------------------------
Cache hit (766) for mini_module_528.mlir - runtime: 245.38400000000004
-----------------------------------------------------------
Cache hit (764) for mini_module_526.mlir - runtime: 419.16800000000006
-----------------------------------------------------------
Cache hit (804) for mini_module_524.mlir - runtime: 575.6800000000001
-----------------------------------------------------------
Cache hit (802) for mini_module_522.mlir - runtime: 5487.240000000001
-----------------------------------------------------------
Cache hit (800) for mini_module_520.mlir - runtime: 4367.5195
-----------------------------------------------------------
Cache hit (770) for mini_module_518.mlir - runtime: 242.76000000000002
-----------------------------------------------------------
Cache hit (768) for mini_module_516.mlir - runtime: 304.26400000000007
-----------------------------------------------------------
Cache hit (766) for mini_module_514.mlir - runtime: 245.38400000000004
-----------------------------------------------------------
Cache hit (764) for mini_module_512.mlir - runtime: 419.16800000000006
-----------------------------------------------------------
Cache hit (804) for mini_module_510.mlir - runtime: 575.6800000000001
-----------------------------------------------------------
Cache hit (802) for mini_module_508.mlir - runtime: 5487.240000000001
-----------------------------------------------------------
Cache hit (800) for mini_module_506.mlir - runtime: 4367.5195
-----------------------------------------------------------
Cache hit (770) for mini_module_504.mlir - runtime: 242.76000000000002
-----------------------------------------------------------
Cache hit (768) for mini_module_502.mlir - runtime: 304.26400000000007
-----------------------------------------------------------
Cache hit (766) for mini_module_500.mlir - runtime: 245.38400000000004
-----------------------------------------------------------
Cache hit (764) for mini_module_498.mlir - runtime: 419.16800000000006
-----------------------------------------------------------
Cache hit (804) for mini_module_496.mlir - runtime: 575.6800000000001
-----------------------------------------------------------
Cache hit (802) for mini_module_494.mlir - runtime: 5487.240000000001
-----------------------------------------------------------
Cache hit (800) for mini_module_492.mlir - runtime: 4367.5195
-----------------------------------------------------------
Cache hit (770) for mini_module_490.mlir - runtime: 242.76000000000002
-----------------------------------------------------------
Cache hit (768) for mini_module_488.mlir - runtime: 304.26400000000007
-----------------------------------------------------------
Cache hit (766) for mini_module_486.mlir - runtime: 245.38400000000004
-----------------------------------------------------------
Cache hit (764) for mini_module_484.mlir - runtime: 419.16800000000006
-----------------------------------------------------------
Cache hit (804) for mini_module_482.mlir - runtime: 575.6800000000001
-----------------------------------------------------------
Cache hit (802) for mini_module_480.mlir - runtime: 5487.240000000001
-----------------------------------------------------------
Cache hit (800) for mini_module_478.mlir - runtime: 4367.5195
-----------------------------------------------------------
Cache hit (770) for mini_module_476.mlir - runtime: 242.76000000000002
-----------------------------------------------------------
Cache hit (768) for mini_module_474.mlir - runtime: 304.26400000000007
-----------------------------------------------------------
Cache hit (766) for mini_module_472.mlir - runtime: 245.38400000000004
-----------------------------------------------------------
Cache hit (764) for mini_module_470.mlir - runtime: 419.16800000000006
-----------------------------------------------------------
Cache hit (804) for mini_module_468.mlir - runtime: 575.6800000000001
-----------------------------------------------------------
Cache hit (802) for mini_module_466.mlir - runtime: 5487.240000000001
-----------------------------------------------------------
Cache hit (800) for mini_module_464.mlir - runtime: 4367.5195
-----------------------------------------------------------
Cache hit (770) for mini_module_462.mlir - runtime: 242.76000000000002
-----------------------------------------------------------
Cache hit (768) for mini_module_460.mlir - runtime: 304.26400000000007
-----------------------------------------------------------
Cache hit (766) for mini_module_458.mlir - runtime: 245.38400000000004
-----------------------------------------------------------
Cache hit (764) for mini_module_456.mlir - runtime: 419.16800000000006
-----------------------------------------------------------
Cache hit (804) for mini_module_454.mlir - runtime: 575.6800000000001
-----------------------------------------------------------
Cache hit (802) for mini_module_452.mlir - runtime: 5487.240000000001
-----------------------------------------------------------
Cache hit (800) for mini_module_450.mlir - runtime: 4367.5195
-----------------------------------------------------------
Cache hit (770) for mini_module_448.mlir - runtime: 242.76000000000002
-----------------------------------------------------------
Cache hit (768) for mini_module_446.mlir - runtime: 304.26400000000007
-----------------------------------------------------------
Cache hit (766) for mini_module_444.mlir - runtime: 245.38400000000004
-----------------------------------------------------------
Cache hit (764) for mini_module_442.mlir - runtime: 419.16800000000006
-----------------------------------------------------------
Cache hit (804) for mini_module_440.mlir - runtime: 575.6800000000001
-----------------------------------------------------------
Cache hit (802) for mini_module_438.mlir - runtime: 5487.240000000001
-----------------------------------------------------------
Cache hit (800) for mini_module_436.mlir - runtime: 4367.5195
-----------------------------------------------------------
Cache hit (770) for mini_module_434.mlir - runtime: 242.76000000000002
-----------------------------------------------------------
Cache hit (768) for mini_module_432.mlir - runtime: 304.26400000000007
-----------------------------------------------------------
Cache hit (766) for mini_module_430.mlir - runtime: 245.38400000000004
-----------------------------------------------------------
Cache hit (764) for mini_module_428.mlir - runtime: 419.16800000000006
-----------------------------------------------------------
Cache hit (804) for mini_module_426.mlir - runtime: 575.6800000000001
-----------------------------------------------------------
Cache hit (802) for mini_module_424.mlir - runtime: 5487.240000000001
-----------------------------------------------------------
Cache hit (800) for mini_module_422.mlir - runtime: 4367.5195
-----------------------------------------------------------
Cache hit (770) for mini_module_420.mlir - runtime: 242.76000000000002
-----------------------------------------------------------
Cache hit (768) for mini_module_418.mlir - runtime: 304.26400000000007
-----------------------------------------------------------
Cache hit (766) for mini_module_416.mlir - runtime: 245.38400000000004
-----------------------------------------------------------
Cache hit (764) for mini_module_414.mlir - runtime: 419.16800000000006
-----------------------------------------------------------
Cache hit (804) for mini_module_412.mlir - runtime: 575.6800000000001
-----------------------------------------------------------
Translating MLIR to HLO:
xla-translate --stablehlo-to-hlo-text -o /storage/ice1/5/1/cman8/shared/hespas_workload/output/llama3/2b_4h100/mini_module_410.hlo output/llama3/2b_4h100/mini_module_410.mlir
hlo_runner_main --num_repeats=5 --profile_execution=true --hlo_argument_mode=uninitialized /storage/ice1/5/1/cman8/shared/hespas_workload/output/llama3/2b_4h100/mini_module_410.hlo
------------------------------------------------
Runtime estimate for mini_module_410.mlir - runtime: 4743.43175
-----------------------------------------------------------
Cache hit (800) for mini_module_408.mlir - runtime: 4367.5195
-----------------------------------------------------------
Cache hit (770) for mini_module_406.mlir - runtime: 242.76000000000002
-----------------------------------------------------------
Cache hit (768) for mini_module_404.mlir - runtime: 304.26400000000007
-----------------------------------------------------------
Cache hit (766) for mini_module_402.mlir - runtime: 245.38400000000004
-----------------------------------------------------------
Translating MLIR to HLO:
xla-translate --stablehlo-to-hlo-text -o /storage/ice1/5/1/cman8/shared/hespas_workload/output/llama3/2b_4h100/mini_module_400.hlo output/llama3/2b_4h100/mini_module_400.mlir
hlo_runner_main --num_repeats=5 --profile_execution=true --hlo_argument_mode=uninitialized /storage/ice1/5/1/cman8/shared/hespas_workload/output/llama3/2b_4h100/mini_module_400.hlo
------------------------------------------------
Runtime estimate for mini_module_400.mlir - runtime: 340.264
-----------------------------------------------------------
Translating MLIR to HLO:
xla-translate --stablehlo-to-hlo-text -o /storage/ice1/5/1/cman8/shared/hespas_workload/output/llama3/2b_4h100/mini_module_398.hlo output/llama3/2b_4h100/mini_module_398.mlir
hlo_runner_main --num_repeats=5 --profile_execution=true --hlo_argument_mode=uninitialized /storage/ice1/5/1/cman8/shared/hespas_workload/output/llama3/2b_4h100/mini_module_398.hlo
------------------------------------------------
Runtime estimate for mini_module_398.mlir - runtime: 7400.176
-----------------------------------------------------------
Translating MLIR to HLO:
xla-translate --stablehlo-to-hlo-text -o /storage/ice1/5/1/cman8/shared/hespas_workload/output/llama3/2b_4h100/mini_module_396.hlo output/llama3/2b_4h100/mini_module_396.mlir
hlo_runner_main --num_repeats=5 --profile_execution=true --hlo_argument_mode=uninitialized /storage/ice1/5/1/cman8/shared/hespas_workload/output/llama3/2b_4h100/mini_module_396.hlo
------------------------------------------------
Runtime estimate for mini_module_396.mlir - runtime: 679.048
-----------------------------------------------------------
Translating MLIR to HLO:
xla-translate --stablehlo-to-hlo-text -o /storage/ice1/5/1/cman8/shared/hespas_workload/output/llama3/2b_4h100/mini_module_394.hlo output/llama3/2b_4h100/mini_module_394.mlir
hlo_runner_main --num_repeats=5 --profile_execution=true --hlo_argument_mode=uninitialized /storage/ice1/5/1/cman8/shared/hespas_workload/output/llama3/2b_4h100/mini_module_394.hlo
------------------------------------------------
Runtime estimate for mini_module_394.mlir - runtime: 218.40800000000002
-----------------------------------------------------------
Translating MLIR to HLO:
xla-translate --stablehlo-to-hlo-text -o /storage/ice1/5/1/cman8/shared/hespas_workload/output/llama3/2b_4h100/mini_module_392.hlo output/llama3/2b_4h100/mini_module_392.mlir
hlo_runner_main --num_repeats=5 --profile_execution=true --hlo_argument_mode=uninitialized /storage/ice1/5/1/cman8/shared/hespas_workload/output/llama3/2b_4h100/mini_module_392.hlo
------------------------------------------------
Runtime estimate for mini_module_392.mlir - runtime: 240.93600000000004
-----------------------------------------------------------
Translating MLIR to HLO:
xla-translate --stablehlo-to-hlo-text -o /storage/ice1/5/1/cman8/shared/hespas_workload/output/llama3/2b_4h100/mini_module_390.hlo output/llama3/2b_4h100/mini_module_390.mlir
hlo_runner_main --num_repeats=5 --profile_execution=true --hlo_argument_mode=uninitialized /storage/ice1/5/1/cman8/shared/hespas_workload/output/llama3/2b_4h100/mini_module_390.hlo
------------------------------------------------
Runtime estimate for mini_module_390.mlir - runtime: 240.91200000000003
-----------------------------------------------------------
Translating MLIR to HLO:
xla-translate --stablehlo-to-hlo-text -o /storage/ice1/5/1/cman8/shared/hespas_workload/output/llama3/2b_4h100/mini_module_388.hlo output/llama3/2b_4h100/mini_module_388.mlir
hlo_runner_main --num_repeats=5 --profile_execution=true --hlo_argument_mode=uninitialized /storage/ice1/5/1/cman8/shared/hespas_workload/output/llama3/2b_4h100/mini_module_388.hlo
------------------------------------------------
Runtime estimate for mini_module_388.mlir - runtime: 136.272
-----------------------------------------------------------
Translating MLIR to HLO:
xla-translate --stablehlo-to-hlo-text -o /storage/ice1/5/1/cman8/shared/hespas_workload/output/llama3/2b_4h100/mini_module_386.hlo output/llama3/2b_4h100/mini_module_386.mlir
hlo_runner_main --num_repeats=5 --profile_execution=true --hlo_argument_mode=uninitialized /storage/ice1/5/1/cman8/shared/hespas_workload/output/llama3/2b_4h100/mini_module_386.hlo
------------------------------------------------
Runtime estimate for mini_module_386.mlir - runtime: 4957.47975
-----------------------------------------------------------
Translating MLIR to HLO:
xla-translate --stablehlo-to-hlo-text -o /storage/ice1/5/1/cman8/shared/hespas_workload/output/llama3/2b_4h100/mini_module_384.hlo output/llama3/2b_4h100/mini_module_384.mlir
hlo_runner_main --num_repeats=5 --profile_execution=true --hlo_argument_mode=uninitialized /storage/ice1/5/1/cman8/shared/hespas_workload/output/llama3/2b_4h100/mini_module_384.hlo
------------------------------------------------
Runtime estimate for mini_module_384.mlir - runtime: 150.776
-----------------------------------------------------------
Translating MLIR to HLO:
xla-translate --stablehlo-to-hlo-text -o /storage/ice1/5/1/cman8/shared/hespas_workload/output/llama3/2b_4h100/mini_module_382.hlo output/llama3/2b_4h100/mini_module_382.mlir
hlo_runner_main --num_repeats=5 --profile_execution=true --hlo_argument_mode=uninitialized /storage/ice1/5/1/cman8/shared/hespas_workload/output/llama3/2b_4h100/mini_module_382.hlo
------------------------------------------------
Runtime estimate for mini_module_382.mlir - runtime: 113.28
-----------------------------------------------------------
Translating MLIR to HLO:
xla-translate --stablehlo-to-hlo-text -o /storage/ice1/5/1/cman8/shared/hespas_workload/output/llama3/2b_4h100/mini_module_380.hlo output/llama3/2b_4h100/mini_module_380.mlir
hlo_runner_main --num_repeats=5 --profile_execution=true --hlo_argument_mode=uninitialized /storage/ice1/5/1/cman8/shared/hespas_workload/output/llama3/2b_4h100/mini_module_380.hlo
------------------------------------------------
Runtime estimate for mini_module_380.mlir - runtime: 215.984
-----------------------------------------------------------
Cache hit (392) for mini_module_378.mlir - runtime: 240.93600000000004
-----------------------------------------------------------
Cache hit (390) for mini_module_376.mlir - runtime: 240.91200000000003
-----------------------------------------------------------
Cache hit (388) for mini_module_374.mlir - runtime: 136.272
-----------------------------------------------------------
Cache hit (386) for mini_module_372.mlir - runtime: 4957.47975
-----------------------------------------------------------
Cache hit (384) for mini_module_370.mlir - runtime: 150.776
-----------------------------------------------------------
Cache hit (382) for mini_module_368.mlir - runtime: 113.28
-----------------------------------------------------------
Cache hit (380) for mini_module_366.mlir - runtime: 215.984
-----------------------------------------------------------
Cache hit (392) for mini_module_364.mlir - runtime: 240.93600000000004
-----------------------------------------------------------
Cache hit (390) for mini_module_362.mlir - runtime: 240.91200000000003
-----------------------------------------------------------
Cache hit (388) for mini_module_360.mlir - runtime: 136.272
-----------------------------------------------------------
Cache hit (386) for mini_module_358.mlir - runtime: 4957.47975
-----------------------------------------------------------
Cache hit (384) for mini_module_356.mlir - runtime: 150.776
-----------------------------------------------------------
Cache hit (382) for mini_module_354.mlir - runtime: 113.28
-----------------------------------------------------------
Cache hit (380) for mini_module_352.mlir - runtime: 215.984
-----------------------------------------------------------
Cache hit (392) for mini_module_350.mlir - runtime: 240.93600000000004
-----------------------------------------------------------
Cache hit (390) for mini_module_348.mlir - runtime: 240.91200000000003
-----------------------------------------------------------
Cache hit (388) for mini_module_346.mlir - runtime: 136.272
-----------------------------------------------------------
Cache hit (386) for mini_module_344.mlir - runtime: 4957.47975
-----------------------------------------------------------
Cache hit (384) for mini_module_342.mlir - runtime: 150.776
-----------------------------------------------------------
Cache hit (382) for mini_module_340.mlir - runtime: 113.28
-----------------------------------------------------------
Cache hit (380) for mini_module_338.mlir - runtime: 215.984
-----------------------------------------------------------
Cache hit (392) for mini_module_336.mlir - runtime: 240.93600000000004
-----------------------------------------------------------
Cache hit (390) for mini_module_334.mlir - runtime: 240.91200000000003
-----------------------------------------------------------
Cache hit (388) for mini_module_332.mlir - runtime: 136.272
-----------------------------------------------------------
Cache hit (386) for mini_module_330.mlir - runtime: 4957.47975
-----------------------------------------------------------
Cache hit (384) for mini_module_328.mlir - runtime: 150.776
-----------------------------------------------------------
Cache hit (382) for mini_module_326.mlir - runtime: 113.28
-----------------------------------------------------------
Cache hit (380) for mini_module_324.mlir - runtime: 215.984
-----------------------------------------------------------
Cache hit (392) for mini_module_322.mlir - runtime: 240.93600000000004
-----------------------------------------------------------
Cache hit (390) for mini_module_320.mlir - runtime: 240.91200000000003
-----------------------------------------------------------
Cache hit (388) for mini_module_318.mlir - runtime: 136.272
-----------------------------------------------------------
Cache hit (386) for mini_module_316.mlir - runtime: 4957.47975
-----------------------------------------------------------
Cache hit (384) for mini_module_314.mlir - runtime: 150.776
-----------------------------------------------------------
Cache hit (382) for mini_module_312.mlir - runtime: 113.28
-----------------------------------------------------------
Cache hit (380) for mini_module_310.mlir - runtime: 215.984
-----------------------------------------------------------
Cache hit (392) for mini_module_308.mlir - runtime: 240.93600000000004
-----------------------------------------------------------
Cache hit (390) for mini_module_306.mlir - runtime: 240.91200000000003
-----------------------------------------------------------
Cache hit (388) for mini_module_304.mlir - runtime: 136.272
-----------------------------------------------------------
Cache hit (386) for mini_module_302.mlir - runtime: 4957.47975
-----------------------------------------------------------
Cache hit (384) for mini_module_300.mlir - runtime: 150.776
-----------------------------------------------------------
Cache hit (382) for mini_module_298.mlir - runtime: 113.28
-----------------------------------------------------------
Cache hit (380) for mini_module_296.mlir - runtime: 215.984
-----------------------------------------------------------
Cache hit (392) for mini_module_294.mlir - runtime: 240.93600000000004
-----------------------------------------------------------
Cache hit (390) for mini_module_292.mlir - runtime: 240.91200000000003
-----------------------------------------------------------
Cache hit (388) for mini_module_290.mlir - runtime: 136.272
-----------------------------------------------------------
Cache hit (386) for mini_module_288.mlir - runtime: 4957.47975
-----------------------------------------------------------
Cache hit (384) for mini_module_286.mlir - runtime: 150.776
-----------------------------------------------------------
Cache hit (382) for mini_module_284.mlir - runtime: 113.28
-----------------------------------------------------------
Cache hit (380) for mini_module_282.mlir - runtime: 215.984
-----------------------------------------------------------
Cache hit (392) for mini_module_280.mlir - runtime: 240.93600000000004
-----------------------------------------------------------
Cache hit (390) for mini_module_278.mlir - runtime: 240.91200000000003
-----------------------------------------------------------
Cache hit (388) for mini_module_276.mlir - runtime: 136.272
-----------------------------------------------------------
Cache hit (386) for mini_module_274.mlir - runtime: 4957.47975
-----------------------------------------------------------
Cache hit (384) for mini_module_272.mlir - runtime: 150.776
-----------------------------------------------------------
Cache hit (382) for mini_module_270.mlir - runtime: 113.28
-----------------------------------------------------------
Cache hit (380) for mini_module_268.mlir - runtime: 215.984
-----------------------------------------------------------
Cache hit (392) for mini_module_266.mlir - runtime: 240.93600000000004
-----------------------------------------------------------
Cache hit (390) for mini_module_264.mlir - runtime: 240.91200000000003
-----------------------------------------------------------
Cache hit (388) for mini_module_262.mlir - runtime: 136.272
-----------------------------------------------------------
Cache hit (386) for mini_module_260.mlir - runtime: 4957.47975
-----------------------------------------------------------
Cache hit (384) for mini_module_258.mlir - runtime: 150.776
-----------------------------------------------------------
Cache hit (382) for mini_module_256.mlir - runtime: 113.28
-----------------------------------------------------------
Cache hit (380) for mini_module_254.mlir - runtime: 215.984
-----------------------------------------------------------
Cache hit (392) for mini_module_252.mlir - runtime: 240.93600000000004
-----------------------------------------------------------
Cache hit (390) for mini_module_250.mlir - runtime: 240.91200000000003
-----------------------------------------------------------
Cache hit (388) for mini_module_248.mlir - runtime: 136.272
-----------------------------------------------------------
Cache hit (386) for mini_module_246.mlir - runtime: 4957.47975
-----------------------------------------------------------
Cache hit (384) for mini_module_244.mlir - runtime: 150.776
-----------------------------------------------------------
Cache hit (382) for mini_module_242.mlir - runtime: 113.28
-----------------------------------------------------------
Cache hit (380) for mini_module_240.mlir - runtime: 215.984
-----------------------------------------------------------
Cache hit (392) for mini_module_238.mlir - runtime: 240.93600000000004
-----------------------------------------------------------
Cache hit (390) for mini_module_236.mlir - runtime: 240.91200000000003
-----------------------------------------------------------
Cache hit (388) for mini_module_234.mlir - runtime: 136.272
-----------------------------------------------------------
Cache hit (386) for mini_module_232.mlir - runtime: 4957.47975
-----------------------------------------------------------
Cache hit (384) for mini_module_230.mlir - runtime: 150.776
-----------------------------------------------------------
Cache hit (382) for mini_module_228.mlir - runtime: 113.28
-----------------------------------------------------------
Cache hit (380) for mini_module_226.mlir - runtime: 215.984
-----------------------------------------------------------
Cache hit (392) for mini_module_224.mlir - runtime: 240.93600000000004
-----------------------------------------------------------
Cache hit (390) for mini_module_222.mlir - runtime: 240.91200000000003
-----------------------------------------------------------
Cache hit (388) for mini_module_220.mlir - runtime: 136.272
-----------------------------------------------------------
Cache hit (386) for mini_module_218.mlir - runtime: 4957.47975
-----------------------------------------------------------
Cache hit (384) for mini_module_216.mlir - runtime: 150.776
-----------------------------------------------------------
Cache hit (382) for mini_module_214.mlir - runtime: 113.28
-----------------------------------------------------------
Cache hit (380) for mini_module_212.mlir - runtime: 215.984
-----------------------------------------------------------
Cache hit (392) for mini_module_210.mlir - runtime: 240.93600000000004
-----------------------------------------------------------
Cache hit (390) for mini_module_208.mlir - runtime: 240.91200000000003
-----------------------------------------------------------
Cache hit (388) for mini_module_206.mlir - runtime: 136.272
-----------------------------------------------------------
Cache hit (386) for mini_module_204.mlir - runtime: 4957.47975
-----------------------------------------------------------
Cache hit (384) for mini_module_202.mlir - runtime: 150.776
-----------------------------------------------------------
Cache hit (382) for mini_module_200.mlir - runtime: 113.28
-----------------------------------------------------------
Cache hit (380) for mini_module_198.mlir - runtime: 215.984
-----------------------------------------------------------
Cache hit (392) for mini_module_196.mlir - runtime: 240.93600000000004
-----------------------------------------------------------
Cache hit (390) for mini_module_194.mlir - runtime: 240.91200000000003
-----------------------------------------------------------
Cache hit (388) for mini_module_192.mlir - runtime: 136.272
-----------------------------------------------------------
Cache hit (386) for mini_module_190.mlir - runtime: 4957.47975
-----------------------------------------------------------
Cache hit (384) for mini_module_188.mlir - runtime: 150.776
-----------------------------------------------------------
Cache hit (382) for mini_module_186.mlir - runtime: 113.28
-----------------------------------------------------------
Cache hit (380) for mini_module_184.mlir - runtime: 215.984
-----------------------------------------------------------
Cache hit (392) for mini_module_182.mlir - runtime: 240.93600000000004
-----------------------------------------------------------
Cache hit (390) for mini_module_180.mlir - runtime: 240.91200000000003
-----------------------------------------------------------
Cache hit (388) for mini_module_178.mlir - runtime: 136.272
-----------------------------------------------------------
Cache hit (386) for mini_module_176.mlir - runtime: 4957.47975
-----------------------------------------------------------
Cache hit (384) for mini_module_174.mlir - runtime: 150.776
-----------------------------------------------------------
Cache hit (382) for mini_module_172.mlir - runtime: 113.28
-----------------------------------------------------------
Cache hit (380) for mini_module_170.mlir - runtime: 215.984
-----------------------------------------------------------
Cache hit (392) for mini_module_168.mlir - runtime: 240.93600000000004
-----------------------------------------------------------
Cache hit (390) for mini_module_166.mlir - runtime: 240.91200000000003
-----------------------------------------------------------
Cache hit (388) for mini_module_164.mlir - runtime: 136.272
-----------------------------------------------------------
Cache hit (386) for mini_module_162.mlir - runtime: 4957.47975
-----------------------------------------------------------
Cache hit (384) for mini_module_160.mlir - runtime: 150.776
-----------------------------------------------------------
Cache hit (382) for mini_module_158.mlir - runtime: 113.28
-----------------------------------------------------------
Cache hit (380) for mini_module_156.mlir - runtime: 215.984
-----------------------------------------------------------
Cache hit (392) for mini_module_154.mlir - runtime: 240.93600000000004
-----------------------------------------------------------
Cache hit (390) for mini_module_152.mlir - runtime: 240.91200000000003
-----------------------------------------------------------
Cache hit (388) for mini_module_150.mlir - runtime: 136.272
-----------------------------------------------------------
Cache hit (386) for mini_module_148.mlir - runtime: 4957.47975
-----------------------------------------------------------
Cache hit (384) for mini_module_146.mlir - runtime: 150.776
-----------------------------------------------------------
Cache hit (382) for mini_module_144.mlir - runtime: 113.28
-----------------------------------------------------------
Cache hit (380) for mini_module_142.mlir - runtime: 215.984
-----------------------------------------------------------
Cache hit (392) for mini_module_140.mlir - runtime: 240.93600000000004
-----------------------------------------------------------
Cache hit (390) for mini_module_138.mlir - runtime: 240.91200000000003
-----------------------------------------------------------
Cache hit (388) for mini_module_136.mlir - runtime: 136.272
-----------------------------------------------------------
Cache hit (386) for mini_module_134.mlir - runtime: 4957.47975
-----------------------------------------------------------
Cache hit (384) for mini_module_132.mlir - runtime: 150.776
-----------------------------------------------------------
Cache hit (382) for mini_module_130.mlir - runtime: 113.28
-----------------------------------------------------------
Cache hit (380) for mini_module_128.mlir - runtime: 215.984
-----------------------------------------------------------
Cache hit (392) for mini_module_126.mlir - runtime: 240.93600000000004
-----------------------------------------------------------
Cache hit (390) for mini_module_124.mlir - runtime: 240.91200000000003
-----------------------------------------------------------
Cache hit (388) for mini_module_122.mlir - runtime: 136.272
-----------------------------------------------------------
Cache hit (386) for mini_module_120.mlir - runtime: 4957.47975
-----------------------------------------------------------
Cache hit (384) for mini_module_118.mlir - runtime: 150.776
-----------------------------------------------------------
Cache hit (382) for mini_module_116.mlir - runtime: 113.28
-----------------------------------------------------------
Cache hit (380) for mini_module_114.mlir - runtime: 215.984
-----------------------------------------------------------
Cache hit (392) for mini_module_112.mlir - runtime: 240.93600000000004
-----------------------------------------------------------
Cache hit (390) for mini_module_110.mlir - runtime: 240.91200000000003
-----------------------------------------------------------
Cache hit (388) for mini_module_108.mlir - runtime: 136.272
-----------------------------------------------------------
Cache hit (386) for mini_module_106.mlir - runtime: 4957.47975
-----------------------------------------------------------
Cache hit (384) for mini_module_104.mlir - runtime: 150.776
-----------------------------------------------------------
Cache hit (382) for mini_module_102.mlir - runtime: 113.28
-----------------------------------------------------------
Cache hit (380) for mini_module_100.mlir - runtime: 215.984
-----------------------------------------------------------
Cache hit (392) for mini_module_98.mlir - runtime: 240.93600000000004
-----------------------------------------------------------
Cache hit (390) for mini_module_96.mlir - runtime: 240.91200000000003
-----------------------------------------------------------
Cache hit (388) for mini_module_94.mlir - runtime: 136.272
-----------------------------------------------------------
Cache hit (386) for mini_module_92.mlir - runtime: 4957.47975
-----------------------------------------------------------
Cache hit (384) for mini_module_90.mlir - runtime: 150.776
-----------------------------------------------------------
Cache hit (382) for mini_module_88.mlir - runtime: 113.28
-----------------------------------------------------------
Cache hit (380) for mini_module_86.mlir - runtime: 215.984
-----------------------------------------------------------
Cache hit (392) for mini_module_84.mlir - runtime: 240.93600000000004
-----------------------------------------------------------
Cache hit (390) for mini_module_82.mlir - runtime: 240.91200000000003
-----------------------------------------------------------
Cache hit (388) for mini_module_80.mlir - runtime: 136.272
-----------------------------------------------------------
Cache hit (386) for mini_module_78.mlir - runtime: 4957.47975
-----------------------------------------------------------
Cache hit (384) for mini_module_76.mlir - runtime: 150.776
-----------------------------------------------------------
Cache hit (382) for mini_module_74.mlir - runtime: 113.28
-----------------------------------------------------------
Cache hit (380) for mini_module_72.mlir - runtime: 215.984
-----------------------------------------------------------
Cache hit (392) for mini_module_70.mlir - runtime: 240.93600000000004
-----------------------------------------------------------
Cache hit (390) for mini_module_68.mlir - runtime: 240.91200000000003
-----------------------------------------------------------
Cache hit (388) for mini_module_66.mlir - runtime: 136.272
-----------------------------------------------------------
Cache hit (386) for mini_module_64.mlir - runtime: 4957.47975
-----------------------------------------------------------
Cache hit (384) for mini_module_62.mlir - runtime: 150.776
-----------------------------------------------------------
Cache hit (382) for mini_module_60.mlir - runtime: 113.28
-----------------------------------------------------------
Cache hit (380) for mini_module_58.mlir - runtime: 215.984
-----------------------------------------------------------
Cache hit (392) for mini_module_56.mlir - runtime: 240.93600000000004
-----------------------------------------------------------
Cache hit (390) for mini_module_54.mlir - runtime: 240.91200000000003
-----------------------------------------------------------
Cache hit (388) for mini_module_52.mlir - runtime: 136.272
-----------------------------------------------------------
Cache hit (386) for mini_module_50.mlir - runtime: 4957.47975
-----------------------------------------------------------
Cache hit (384) for mini_module_48.mlir - runtime: 150.776
-----------------------------------------------------------
Cache hit (382) for mini_module_46.mlir - runtime: 113.28
-----------------------------------------------------------
Cache hit (380) for mini_module_44.mlir - runtime: 215.984
-----------------------------------------------------------
Cache hit (392) for mini_module_42.mlir - runtime: 240.93600000000004
-----------------------------------------------------------
Cache hit (390) for mini_module_40.mlir - runtime: 240.91200000000003
-----------------------------------------------------------
Cache hit (388) for mini_module_38.mlir - runtime: 136.272
-----------------------------------------------------------
Cache hit (386) for mini_module_36.mlir - runtime: 4957.47975
-----------------------------------------------------------
Cache hit (384) for mini_module_34.mlir - runtime: 150.776
-----------------------------------------------------------
Cache hit (382) for mini_module_32.mlir - runtime: 113.28
-----------------------------------------------------------
Cache hit (380) for mini_module_30.mlir - runtime: 215.984
-----------------------------------------------------------
Cache hit (392) for mini_module_28.mlir - runtime: 240.93600000000004
-----------------------------------------------------------
Cache hit (390) for mini_module_26.mlir - runtime: 240.91200000000003
-----------------------------------------------------------
Cache hit (388) for mini_module_24.mlir - runtime: 136.272
-----------------------------------------------------------
Cache hit (386) for mini_module_22.mlir - runtime: 4957.47975
-----------------------------------------------------------
Cache hit (384) for mini_module_20.mlir - runtime: 150.776
-----------------------------------------------------------
Cache hit (382) for mini_module_18.mlir - runtime: 113.28
-----------------------------------------------------------
Cache hit (380) for mini_module_16.mlir - runtime: 215.984
-----------------------------------------------------------
Cache hit (392) for mini_module_14.mlir - runtime: 240.93600000000004
-----------------------------------------------------------
Translating MLIR to HLO:
xla-translate --stablehlo-to-hlo-text -o /storage/ice1/5/1/cman8/shared/hespas_workload/output/llama3/2b_4h100/mini_module_12.hlo output/llama3/2b_4h100/mini_module_12.mlir
hlo_runner_main --num_repeats=5 --profile_execution=true --hlo_argument_mode=uninitialized /storage/ice1/5/1/cman8/shared/hespas_workload/output/llama3/2b_4h100/mini_module_12.hlo
------------------------------------------------
Runtime estimate for mini_module_12.mlir - runtime: 224.08800000000002
-----------------------------------------------------------
Cache hit (388) for mini_module_10.mlir - runtime: 136.272
-----------------------------------------------------------
Translating MLIR to HLO:
xla-translate --stablehlo-to-hlo-text -o /storage/ice1/5/1/cman8/shared/hespas_workload/output/llama3/2b_4h100/mini_module_8.hlo output/llama3/2b_4h100/mini_module_8.mlir
hlo_runner_main --num_repeats=5 --profile_execution=true --hlo_argument_mode=uninitialized /storage/ice1/5/1/cman8/shared/hespas_workload/output/llama3/2b_4h100/mini_module_8.hlo
------------------------------------------------
Runtime estimate for mini_module_8.mlir - runtime: 3874.3920000000003
-----------------------------------------------------------
Translating MLIR to HLO:
xla-translate --stablehlo-to-hlo-text -o /storage/ice1/5/1/cman8/shared/hespas_workload/output/llama3/2b_4h100/mini_module_6.hlo output/llama3/2b_4h100/mini_module_6.mlir
hlo_runner_main --num_repeats=5 --profile_execution=true --hlo_argument_mode=uninitialized /storage/ice1/5/1/cman8/shared/hespas_workload/output/llama3/2b_4h100/mini_module_6.hlo
------------------------------------------------
Runtime estimate for mini_module_6.mlir - runtime: 146.25600000000003
-----------------------------------------------------------
Translating MLIR to HLO:
xla-translate --stablehlo-to-hlo-text -o /storage/ice1/5/1/cman8/shared/hespas_workload/output/llama3/2b_4h100/mini_module_4.hlo output/llama3/2b_4h100/mini_module_4.mlir
hlo_runner_main --num_repeats=5 --profile_execution=true --hlo_argument_mode=uninitialized /storage/ice1/5/1/cman8/shared/hespas_workload/output/llama3/2b_4h100/mini_module_4.hlo
------------------------------------------------
Runtime estimate for mini_module_4.mlir - runtime: 830.2640000000001
-----------------------------------------------------------
Translating MLIR to HLO:
xla-translate --stablehlo-to-hlo-text -o /storage/ice1/5/1/cman8/shared/hespas_workload/output/llama3/2b_4h100/mini_module_2.hlo output/llama3/2b_4h100/mini_module_2.mlir
hlo_runner_main --num_repeats=5 --profile_execution=true --hlo_argument_mode=uninitialized /storage/ice1/5/1/cman8/shared/hespas_workload/output/llama3/2b_4h100/mini_module_2.hlo
------------------------------------------------
Runtime estimate for mini_module_2.mlir - runtime: 2659.648
-----------------------------------------------------------
Translating MLIR to HLO:
xla-translate --stablehlo-to-hlo-text -o /storage/ice1/5/1/cman8/shared/hespas_workload/output/llama3/2b_4h100/mini_module_0.hlo output/llama3/2b_4h100/mini_module_0.mlir
hlo_runner_main --num_repeats=5 --profile_execution=true --hlo_argument_mode=uninitialized /storage/ice1/5/1/cman8/shared/hespas_workload/output/llama3/2b_4h100/mini_module_0.hlo
------------------------------------------------
Runtime estimate for mini_module_0.mlir - runtime: 630.624
------------------------------------------------------------
Linking chakra traces 4 times for all devices.
Chakra gen done.
Cache hits: 1374
Basic block reuse rate: 0.95 (1374/1448)
Operator reuse factor: 0.70 (13601/19303)
Compute Runtime Estimation: 560074.73 us
Stats: {}
------------------------------------------------------------
Done. Output directory: output/llama3/2b_4h100
Took 161.034s
