Created output directory: output/llama3/3b_4h200
Dependency graph not loaded. Generating a new one.
Parsing mlir_file: /home/hice1/wguo303/changhai/shared/scratch/workloads/llama3-3b.mlir
----------------------------------------
Input file          | /home/hice1/wguo303/changhai/shared/scratch/workloads/llama3-3b.mlir
Number of non-expanded ops:| 21999
Split strategy      | linear_split
----------------------------------------
Dependency graph saved to output/llama3/3b_4h200/dependency_graph.dot
Number of splits: 3300
Creating new MLIR modules for each split:
Saving private functions to: output/llama3/3b_4h200/private_functions.mlir
Removed 0 empty mlir nodes from dependency graph
Dependency graph pickled and saved to output/llama3/3b_4h200/dependency_graph.pkl
Parsed 3300 modules from the MLIR file.
No cached results found at: /storage/ice1/5/1/cman8/shared/hespas_workload/output/llama3/3b_4h200/cache.json
>>>> DiGraph with 3300 nodes and 3299 edges
-----------------------------------------------------------
Translating MLIR to HLO:
xla-translate --stablehlo-to-hlo-text -o /storage/ice1/5/1/cman8/shared/hespas_workload/output/llama3/3b_4h200/mini_module_3299.hlo output/llama3/3b_4h200/mini_module_3299.mlir
hlo_runner_main --num_repeats=5 --profile_execution=true --hlo_argument_mode=uninitialized /storage/ice1/5/1/cman8/shared/hespas_workload/output/llama3/3b_4h200/mini_module_3299.hlo
------------------------------------------------
Runtime estimate for mini_module_3299.mlir - runtime: 5.424
-----------------------------------------------------------
Translating MLIR to HLO:
xla-translate --stablehlo-to-hlo-text -o /storage/ice1/5/1/cman8/shared/hespas_workload/output/llama3/3b_4h200/mini_module_3297.hlo output/llama3/3b_4h200/mini_module_3297.mlir
hlo_runner_main --num_repeats=5 --profile_execution=true --hlo_argument_mode=uninitialized /storage/ice1/5/1/cman8/shared/hespas_workload/output/llama3/3b_4h200/mini_module_3297.hlo
------------------------------------------------
Runtime estimate for mini_module_3297.mlir - runtime: 5.5760000000000005
-----------------------------------------------------------
Cache hit (3297) for mini_module_3295.mlir - runtime: 5.5760000000000005
-----------------------------------------------------------
Cache hit (3297) for mini_module_3293.mlir - runtime: 5.5760000000000005
-----------------------------------------------------------
Cache hit (3297) for mini_module_3291.mlir - runtime: 5.5760000000000005
-----------------------------------------------------------
Cache hit (3297) for mini_module_3289.mlir - runtime: 5.5760000000000005
-----------------------------------------------------------
Translating MLIR to HLO:
xla-translate --stablehlo-to-hlo-text -o /storage/ice1/5/1/cman8/shared/hespas_workload/output/llama3/3b_4h200/mini_module_3287.hlo output/llama3/3b_4h200/mini_module_3287.mlir
hlo_runner_main --num_repeats=5 --profile_execution=true --hlo_argument_mode=uninitialized /storage/ice1/5/1/cman8/shared/hespas_workload/output/llama3/3b_4h200/mini_module_3287.hlo
------------------------------------------------
Runtime estimate for mini_module_3287.mlir - runtime: 5.640000000000001
-----------------------------------------------------------
Cache hit (3297) for mini_module_3285.mlir - runtime: 5.5760000000000005
-----------------------------------------------------------
Cache hit (3297) for mini_module_3283.mlir - runtime: 5.5760000000000005
-----------------------------------------------------------
Cache hit (3297) for mini_module_3281.mlir - runtime: 5.5760000000000005
-----------------------------------------------------------
Cache hit (3297) for mini_module_3279.mlir - runtime: 5.5760000000000005
-----------------------------------------------------------
Cache hit (3297) for mini_module_3277.mlir - runtime: 5.5760000000000005
-----------------------------------------------------------
Cache hit (3297) for mini_module_3275.mlir - runtime: 5.5760000000000005
-----------------------------------------------------------
Cache hit (3287) for mini_module_3273.mlir - runtime: 5.640000000000001
-----------------------------------------------------------
Cache hit (3297) for mini_module_3271.mlir - runtime: 5.5760000000000005
-----------------------------------------------------------
Cache hit (3297) for mini_module_3269.mlir - runtime: 5.5760000000000005
-----------------------------------------------------------
Cache hit (3297) for mini_module_3267.mlir - runtime: 5.5760000000000005
-----------------------------------------------------------
Cache hit (3297) for mini_module_3265.mlir - runtime: 5.5760000000000005
-----------------------------------------------------------
Cache hit (3297) for mini_module_3263.mlir - runtime: 5.5760000000000005
-----------------------------------------------------------
Cache hit (3297) for mini_module_3261.mlir - runtime: 5.5760000000000005
-----------------------------------------------------------
Cache hit (3287) for mini_module_3259.mlir - runtime: 5.640000000000001
-----------------------------------------------------------
Cache hit (3297) for mini_module_3257.mlir - runtime: 5.5760000000000005
-----------------------------------------------------------
Cache hit (3297) for mini_module_3255.mlir - runtime: 5.5760000000000005
-----------------------------------------------------------
Cache hit (3297) for mini_module_3253.mlir - runtime: 5.5760000000000005
-----------------------------------------------------------
Cache hit (3297) for mini_module_3251.mlir - runtime: 5.5760000000000005
-----------------------------------------------------------
Cache hit (3297) for mini_module_3249.mlir - runtime: 5.5760000000000005
-----------------------------------------------------------
Cache hit (3297) for mini_module_3247.mlir - runtime: 5.5760000000000005
-----------------------------------------------------------
Cache hit (3287) for mini_module_3245.mlir - runtime: 5.640000000000001
-----------------------------------------------------------
Cache hit (3297) for mini_module_3243.mlir - runtime: 5.5760000000000005
-----------------------------------------------------------
Cache hit (3297) for mini_module_3241.mlir - runtime: 5.5760000000000005
-----------------------------------------------------------
Cache hit (3297) for mini_module_3239.mlir - runtime: 5.5760000000000005
-----------------------------------------------------------
Cache hit (3297) for mini_module_3237.mlir - runtime: 5.5760000000000005
-----------------------------------------------------------
Cache hit (3297) for mini_module_3235.mlir - runtime: 5.5760000000000005
-----------------------------------------------------------
Cache hit (3297) for mini_module_3233.mlir - runtime: 5.5760000000000005
-----------------------------------------------------------
Cache hit (3287) for mini_module_3231.mlir - runtime: 5.640000000000001
-----------------------------------------------------------
Cache hit (3297) for mini_module_3229.mlir - runtime: 5.5760000000000005
-----------------------------------------------------------
Cache hit (3297) for mini_module_3227.mlir - runtime: 5.5760000000000005
-----------------------------------------------------------
Cache hit (3297) for mini_module_3225.mlir - runtime: 5.5760000000000005
-----------------------------------------------------------
Cache hit (3297) for mini_module_3223.mlir - runtime: 5.5760000000000005
-----------------------------------------------------------
Cache hit (3297) for mini_module_3221.mlir - runtime: 5.5760000000000005
-----------------------------------------------------------
Cache hit (3297) for mini_module_3219.mlir - runtime: 5.5760000000000005
-----------------------------------------------------------
Cache hit (3287) for mini_module_3217.mlir - runtime: 5.640000000000001
-----------------------------------------------------------
Cache hit (3297) for mini_module_3215.mlir - runtime: 5.5760000000000005
-----------------------------------------------------------
Cache hit (3297) for mini_module_3213.mlir - runtime: 5.5760000000000005
-----------------------------------------------------------
Cache hit (3297) for mini_module_3211.mlir - runtime: 5.5760000000000005
-----------------------------------------------------------
Cache hit (3297) for mini_module_3209.mlir - runtime: 5.5760000000000005
-----------------------------------------------------------
Cache hit (3297) for mini_module_3207.mlir - runtime: 5.5760000000000005
-----------------------------------------------------------
Cache hit (3297) for mini_module_3205.mlir - runtime: 5.5760000000000005
-----------------------------------------------------------
Cache hit (3287) for mini_module_3203.mlir - runtime: 5.640000000000001
-----------------------------------------------------------
Cache hit (3297) for mini_module_3201.mlir - runtime: 5.5760000000000005
-----------------------------------------------------------
Cache hit (3297) for mini_module_3199.mlir - runtime: 5.5760000000000005
-----------------------------------------------------------
Cache hit (3297) for mini_module_3197.mlir - runtime: 5.5760000000000005
-----------------------------------------------------------
Cache hit (3297) for mini_module_3195.mlir - runtime: 5.5760000000000005
-----------------------------------------------------------
Cache hit (3297) for mini_module_3193.mlir - runtime: 5.5760000000000005
-----------------------------------------------------------
Cache hit (3297) for mini_module_3191.mlir - runtime: 5.5760000000000005
-----------------------------------------------------------
Cache hit (3287) for mini_module_3189.mlir - runtime: 5.640000000000001
-----------------------------------------------------------
Cache hit (3297) for mini_module_3187.mlir - runtime: 5.5760000000000005
-----------------------------------------------------------
Cache hit (3297) for mini_module_3185.mlir - runtime: 5.5760000000000005
-----------------------------------------------------------
Cache hit (3297) for mini_module_3183.mlir - runtime: 5.5760000000000005
-----------------------------------------------------------
Cache hit (3297) for mini_module_3181.mlir - runtime: 5.5760000000000005
-----------------------------------------------------------
Cache hit (3297) for mini_module_3179.mlir - runtime: 5.5760000000000005
-----------------------------------------------------------
Cache hit (3297) for mini_module_3177.mlir - runtime: 5.5760000000000005
-----------------------------------------------------------
Cache hit (3287) for mini_module_3175.mlir - runtime: 5.640000000000001
-----------------------------------------------------------
Cache hit (3297) for mini_module_3173.mlir - runtime: 5.5760000000000005
-----------------------------------------------------------
Cache hit (3297) for mini_module_3171.mlir - runtime: 5.5760000000000005
-----------------------------------------------------------
Cache hit (3297) for mini_module_3169.mlir - runtime: 5.5760000000000005
-----------------------------------------------------------
Cache hit (3297) for mini_module_3167.mlir - runtime: 5.5760000000000005
-----------------------------------------------------------
Cache hit (3297) for mini_module_3165.mlir - runtime: 5.5760000000000005
-----------------------------------------------------------
Cache hit (3297) for mini_module_3163.mlir - runtime: 5.5760000000000005
-----------------------------------------------------------
Cache hit (3287) for mini_module_3161.mlir - runtime: 5.640000000000001
-----------------------------------------------------------
Cache hit (3297) for mini_module_3159.mlir - runtime: 5.5760000000000005
-----------------------------------------------------------
Cache hit (3297) for mini_module_3157.mlir - runtime: 5.5760000000000005
-----------------------------------------------------------
Cache hit (3297) for mini_module_3155.mlir - runtime: 5.5760000000000005
-----------------------------------------------------------
Cache hit (3297) for mini_module_3153.mlir - runtime: 5.5760000000000005
-----------------------------------------------------------
Cache hit (3297) for mini_module_3151.mlir - runtime: 5.5760000000000005
-----------------------------------------------------------
Cache hit (3297) for mini_module_3149.mlir - runtime: 5.5760000000000005
-----------------------------------------------------------
Cache hit (3287) for mini_module_3147.mlir - runtime: 5.640000000000001
-----------------------------------------------------------
Cache hit (3297) for mini_module_3145.mlir - runtime: 5.5760000000000005
-----------------------------------------------------------
Cache hit (3297) for mini_module_3143.mlir - runtime: 5.5760000000000005
-----------------------------------------------------------
Cache hit (3297) for mini_module_3141.mlir - runtime: 5.5760000000000005
-----------------------------------------------------------
Cache hit (3297) for mini_module_3139.mlir - runtime: 5.5760000000000005
-----------------------------------------------------------
Cache hit (3297) for mini_module_3137.mlir - runtime: 5.5760000000000005
-----------------------------------------------------------
Cache hit (3297) for mini_module_3135.mlir - runtime: 5.5760000000000005
-----------------------------------------------------------
Cache hit (3287) for mini_module_3133.mlir - runtime: 5.640000000000001
-----------------------------------------------------------
Cache hit (3297) for mini_module_3131.mlir - runtime: 5.5760000000000005
-----------------------------------------------------------
Cache hit (3297) for mini_module_3129.mlir - runtime: 5.5760000000000005
-----------------------------------------------------------
Cache hit (3297) for mini_module_3127.mlir - runtime: 5.5760000000000005
-----------------------------------------------------------
Cache hit (3297) for mini_module_3125.mlir - runtime: 5.5760000000000005
-----------------------------------------------------------
Cache hit (3297) for mini_module_3123.mlir - runtime: 5.5760000000000005
-----------------------------------------------------------
Cache hit (3297) for mini_module_3121.mlir - runtime: 5.5760000000000005
-----------------------------------------------------------
Cache hit (3287) for mini_module_3119.mlir - runtime: 5.640000000000001
-----------------------------------------------------------
Cache hit (3297) for mini_module_3117.mlir - runtime: 5.5760000000000005
-----------------------------------------------------------
Cache hit (3297) for mini_module_3115.mlir - runtime: 5.5760000000000005
-----------------------------------------------------------
Cache hit (3297) for mini_module_3113.mlir - runtime: 5.5760000000000005
-----------------------------------------------------------
Cache hit (3297) for mini_module_3111.mlir - runtime: 5.5760000000000005
-----------------------------------------------------------
Cache hit (3297) for mini_module_3109.mlir - runtime: 5.5760000000000005
-----------------------------------------------------------
Cache hit (3297) for mini_module_3107.mlir - runtime: 5.5760000000000005
-----------------------------------------------------------
Cache hit (3287) for mini_module_3105.mlir - runtime: 5.640000000000001
-----------------------------------------------------------
Cache hit (3297) for mini_module_3103.mlir - runtime: 5.5760000000000005
-----------------------------------------------------------
Cache hit (3297) for mini_module_3101.mlir - runtime: 5.5760000000000005
-----------------------------------------------------------
Cache hit (3297) for mini_module_3099.mlir - runtime: 5.5760000000000005
-----------------------------------------------------------
Cache hit (3297) for mini_module_3097.mlir - runtime: 5.5760000000000005
-----------------------------------------------------------
Cache hit (3297) for mini_module_3095.mlir - runtime: 5.5760000000000005
-----------------------------------------------------------
Cache hit (3297) for mini_module_3093.mlir - runtime: 5.5760000000000005
-----------------------------------------------------------
Cache hit (3287) for mini_module_3091.mlir - runtime: 5.640000000000001
-----------------------------------------------------------
Cache hit (3297) for mini_module_3089.mlir - runtime: 5.5760000000000005
-----------------------------------------------------------
Cache hit (3297) for mini_module_3087.mlir - runtime: 5.5760000000000005
-----------------------------------------------------------
Cache hit (3297) for mini_module_3085.mlir - runtime: 5.5760000000000005
-----------------------------------------------------------
Cache hit (3297) for mini_module_3083.mlir - runtime: 5.5760000000000005
-----------------------------------------------------------
Cache hit (3297) for mini_module_3081.mlir - runtime: 5.5760000000000005
-----------------------------------------------------------
Cache hit (3297) for mini_module_3079.mlir - runtime: 5.5760000000000005
-----------------------------------------------------------
Cache hit (3287) for mini_module_3077.mlir - runtime: 5.640000000000001
-----------------------------------------------------------
Cache hit (3297) for mini_module_3075.mlir - runtime: 5.5760000000000005
-----------------------------------------------------------
Cache hit (3297) for mini_module_3073.mlir - runtime: 5.5760000000000005
-----------------------------------------------------------
Cache hit (3297) for mini_module_3071.mlir - runtime: 5.5760000000000005
-----------------------------------------------------------
Cache hit (3297) for mini_module_3069.mlir - runtime: 5.5760000000000005
-----------------------------------------------------------
Cache hit (3297) for mini_module_3067.mlir - runtime: 5.5760000000000005
-----------------------------------------------------------
Cache hit (3297) for mini_module_3065.mlir - runtime: 5.5760000000000005
-----------------------------------------------------------
Cache hit (3287) for mini_module_3063.mlir - runtime: 5.640000000000001
-----------------------------------------------------------
Cache hit (3297) for mini_module_3061.mlir - runtime: 5.5760000000000005
-----------------------------------------------------------
Cache hit (3297) for mini_module_3059.mlir - runtime: 5.5760000000000005
-----------------------------------------------------------
Cache hit (3297) for mini_module_3057.mlir - runtime: 5.5760000000000005
-----------------------------------------------------------
Cache hit (3297) for mini_module_3055.mlir - runtime: 5.5760000000000005
-----------------------------------------------------------
Cache hit (3297) for mini_module_3053.mlir - runtime: 5.5760000000000005
-----------------------------------------------------------
Cache hit (3297) for mini_module_3051.mlir - runtime: 5.5760000000000005
-----------------------------------------------------------
Cache hit (3287) for mini_module_3049.mlir - runtime: 5.640000000000001
-----------------------------------------------------------
Cache hit (3297) for mini_module_3047.mlir - runtime: 5.5760000000000005
-----------------------------------------------------------
Cache hit (3297) for mini_module_3045.mlir - runtime: 5.5760000000000005
-----------------------------------------------------------
Cache hit (3297) for mini_module_3043.mlir - runtime: 5.5760000000000005
-----------------------------------------------------------
Cache hit (3297) for mini_module_3041.mlir - runtime: 5.5760000000000005
-----------------------------------------------------------
Cache hit (3297) for mini_module_3039.mlir - runtime: 5.5760000000000005
-----------------------------------------------------------
Cache hit (3297) for mini_module_3037.mlir - runtime: 5.5760000000000005
-----------------------------------------------------------
Cache hit (3287) for mini_module_3035.mlir - runtime: 5.640000000000001
-----------------------------------------------------------
Cache hit (3297) for mini_module_3033.mlir - runtime: 5.5760000000000005
-----------------------------------------------------------
Cache hit (3297) for mini_module_3031.mlir - runtime: 5.5760000000000005
-----------------------------------------------------------
Cache hit (3297) for mini_module_3029.mlir - runtime: 5.5760000000000005
-----------------------------------------------------------
Cache hit (3297) for mini_module_3027.mlir - runtime: 5.5760000000000005
-----------------------------------------------------------
Cache hit (3297) for mini_module_3025.mlir - runtime: 5.5760000000000005
-----------------------------------------------------------
Cache hit (3297) for mini_module_3023.mlir - runtime: 5.5760000000000005
-----------------------------------------------------------
Cache hit (3287) for mini_module_3021.mlir - runtime: 5.640000000000001
-----------------------------------------------------------
Cache hit (3297) for mini_module_3019.mlir - runtime: 5.5760000000000005
-----------------------------------------------------------
Cache hit (3297) for mini_module_3017.mlir - runtime: 5.5760000000000005
-----------------------------------------------------------
Cache hit (3297) for mini_module_3015.mlir - runtime: 5.5760000000000005
-----------------------------------------------------------
Cache hit (3297) for mini_module_3013.mlir - runtime: 5.5760000000000005
-----------------------------------------------------------
Cache hit (3297) for mini_module_3011.mlir - runtime: 5.5760000000000005
-----------------------------------------------------------
Cache hit (3297) for mini_module_3009.mlir - runtime: 5.5760000000000005
-----------------------------------------------------------
Cache hit (3287) for mini_module_3007.mlir - runtime: 5.640000000000001
-----------------------------------------------------------
Cache hit (3297) for mini_module_3005.mlir - runtime: 5.5760000000000005
-----------------------------------------------------------
Cache hit (3297) for mini_module_3003.mlir - runtime: 5.5760000000000005
-----------------------------------------------------------
Cache hit (3297) for mini_module_3001.mlir - runtime: 5.5760000000000005
-----------------------------------------------------------
Cache hit (3297) for mini_module_2999.mlir - runtime: 5.5760000000000005
-----------------------------------------------------------
Cache hit (3297) for mini_module_2997.mlir - runtime: 5.5760000000000005
-----------------------------------------------------------
Cache hit (3297) for mini_module_2995.mlir - runtime: 5.5760000000000005
-----------------------------------------------------------
Cache hit (3287) for mini_module_2993.mlir - runtime: 5.640000000000001
-----------------------------------------------------------
Cache hit (3297) for mini_module_2991.mlir - runtime: 5.5760000000000005
-----------------------------------------------------------
Cache hit (3297) for mini_module_2989.mlir - runtime: 5.5760000000000005
-----------------------------------------------------------
Cache hit (3297) for mini_module_2987.mlir - runtime: 5.5760000000000005
-----------------------------------------------------------
Cache hit (3297) for mini_module_2985.mlir - runtime: 5.5760000000000005
-----------------------------------------------------------
Cache hit (3297) for mini_module_2983.mlir - runtime: 5.5760000000000005
-----------------------------------------------------------
Cache hit (3297) for mini_module_2981.mlir - runtime: 5.5760000000000005
-----------------------------------------------------------
Cache hit (3287) for mini_module_2979.mlir - runtime: 5.640000000000001
-----------------------------------------------------------
Cache hit (3297) for mini_module_2977.mlir - runtime: 5.5760000000000005
-----------------------------------------------------------
Cache hit (3297) for mini_module_2975.mlir - runtime: 5.5760000000000005
-----------------------------------------------------------
Cache hit (3297) for mini_module_2973.mlir - runtime: 5.5760000000000005
-----------------------------------------------------------
Cache hit (3297) for mini_module_2971.mlir - runtime: 5.5760000000000005
-----------------------------------------------------------
Cache hit (3297) for mini_module_2969.mlir - runtime: 5.5760000000000005
-----------------------------------------------------------
Cache hit (3297) for mini_module_2967.mlir - runtime: 5.5760000000000005
-----------------------------------------------------------
Cache hit (3287) for mini_module_2965.mlir - runtime: 5.640000000000001
-----------------------------------------------------------
Cache hit (3297) for mini_module_2963.mlir - runtime: 5.5760000000000005
-----------------------------------------------------------
Cache hit (3297) for mini_module_2961.mlir - runtime: 5.5760000000000005
-----------------------------------------------------------
Cache hit (3297) for mini_module_2959.mlir - runtime: 5.5760000000000005
-----------------------------------------------------------
Cache hit (3297) for mini_module_2957.mlir - runtime: 5.5760000000000005
-----------------------------------------------------------
Cache hit (3297) for mini_module_2955.mlir - runtime: 5.5760000000000005
-----------------------------------------------------------
Cache hit (3297) for mini_module_2953.mlir - runtime: 5.5760000000000005
-----------------------------------------------------------
Cache hit (3287) for mini_module_2951.mlir - runtime: 5.640000000000001
-----------------------------------------------------------
Cache hit (3297) for mini_module_2949.mlir - runtime: 5.5760000000000005
-----------------------------------------------------------
Cache hit (3297) for mini_module_2947.mlir - runtime: 5.5760000000000005
-----------------------------------------------------------
Cache hit (3297) for mini_module_2945.mlir - runtime: 5.5760000000000005
-----------------------------------------------------------
Cache hit (3297) for mini_module_2943.mlir - runtime: 5.5760000000000005
-----------------------------------------------------------
Cache hit (3297) for mini_module_2941.mlir - runtime: 5.5760000000000005
-----------------------------------------------------------
Cache hit (3297) for mini_module_2939.mlir - runtime: 5.5760000000000005
-----------------------------------------------------------
Cache hit (3287) for mini_module_2937.mlir - runtime: 5.640000000000001
-----------------------------------------------------------
Cache hit (3297) for mini_module_2935.mlir - runtime: 5.5760000000000005
-----------------------------------------------------------
Cache hit (3297) for mini_module_2933.mlir - runtime: 5.5760000000000005
-----------------------------------------------------------
Cache hit (3297) for mini_module_2931.mlir - runtime: 5.5760000000000005
-----------------------------------------------------------
Cache hit (3297) for mini_module_2929.mlir - runtime: 5.5760000000000005
-----------------------------------------------------------
Cache hit (3297) for mini_module_2927.mlir - runtime: 5.5760000000000005
-----------------------------------------------------------
Cache hit (3297) for mini_module_2925.mlir - runtime: 5.5760000000000005
-----------------------------------------------------------
Cache hit (3287) for mini_module_2923.mlir - runtime: 5.640000000000001
-----------------------------------------------------------
Cache hit (3297) for mini_module_2921.mlir - runtime: 5.5760000000000005
-----------------------------------------------------------
Cache hit (3297) for mini_module_2919.mlir - runtime: 5.5760000000000005
-----------------------------------------------------------
Cache hit (3297) for mini_module_2917.mlir - runtime: 5.5760000000000005
-----------------------------------------------------------
Cache hit (3297) for mini_module_2915.mlir - runtime: 5.5760000000000005
-----------------------------------------------------------
Cache hit (3297) for mini_module_2913.mlir - runtime: 5.5760000000000005
-----------------------------------------------------------
Cache hit (3297) for mini_module_2911.mlir - runtime: 5.5760000000000005
-----------------------------------------------------------
Cache hit (3287) for mini_module_2909.mlir - runtime: 5.640000000000001
-----------------------------------------------------------
Cache hit (3297) for mini_module_2907.mlir - runtime: 5.5760000000000005
-----------------------------------------------------------
Cache hit (3297) for mini_module_2905.mlir - runtime: 5.5760000000000005
-----------------------------------------------------------
Cache hit (3297) for mini_module_2903.mlir - runtime: 5.5760000000000005
-----------------------------------------------------------
Cache hit (3297) for mini_module_2901.mlir - runtime: 5.5760000000000005
-----------------------------------------------------------
Cache hit (3297) for mini_module_2899.mlir - runtime: 5.5760000000000005
-----------------------------------------------------------
Cache hit (3297) for mini_module_2897.mlir - runtime: 5.5760000000000005
-----------------------------------------------------------
Cache hit (3287) for mini_module_2895.mlir - runtime: 5.640000000000001
-----------------------------------------------------------
Cache hit (3297) for mini_module_2893.mlir - runtime: 5.5760000000000005
-----------------------------------------------------------
Cache hit (3297) for mini_module_2891.mlir - runtime: 5.5760000000000005
-----------------------------------------------------------
Cache hit (3297) for mini_module_2889.mlir - runtime: 5.5760000000000005
-----------------------------------------------------------
Cache hit (3297) for mini_module_2887.mlir - runtime: 5.5760000000000005
-----------------------------------------------------------
Cache hit (3297) for mini_module_2885.mlir - runtime: 5.5760000000000005
-----------------------------------------------------------
Cache hit (3297) for mini_module_2883.mlir - runtime: 5.5760000000000005
-----------------------------------------------------------
Cache hit (3287) for mini_module_2881.mlir - runtime: 5.640000000000001
-----------------------------------------------------------
Cache hit (3297) for mini_module_2879.mlir - runtime: 5.5760000000000005
-----------------------------------------------------------
Cache hit (3297) for mini_module_2877.mlir - runtime: 5.5760000000000005
-----------------------------------------------------------
Cache hit (3297) for mini_module_2875.mlir - runtime: 5.5760000000000005
-----------------------------------------------------------
Cache hit (3297) for mini_module_2873.mlir - runtime: 5.5760000000000005
-----------------------------------------------------------
Cache hit (3297) for mini_module_2871.mlir - runtime: 5.5760000000000005
-----------------------------------------------------------
Cache hit (3297) for mini_module_2869.mlir - runtime: 5.5760000000000005
-----------------------------------------------------------
Cache hit (3287) for mini_module_2867.mlir - runtime: 5.640000000000001
-----------------------------------------------------------
Cache hit (3297) for mini_module_2865.mlir - runtime: 5.5760000000000005
-----------------------------------------------------------
Cache hit (3297) for mini_module_2863.mlir - runtime: 5.5760000000000005
-----------------------------------------------------------
Cache hit (3297) for mini_module_2861.mlir - runtime: 5.5760000000000005
-----------------------------------------------------------
Cache hit (3297) for mini_module_2859.mlir - runtime: 5.5760000000000005
-----------------------------------------------------------
Cache hit (3297) for mini_module_2857.mlir - runtime: 5.5760000000000005
-----------------------------------------------------------
Cache hit (3297) for mini_module_2855.mlir - runtime: 5.5760000000000005
-----------------------------------------------------------
Cache hit (3287) for mini_module_2853.mlir - runtime: 5.640000000000001
-----------------------------------------------------------
Cache hit (3297) for mini_module_2851.mlir - runtime: 5.5760000000000005
-----------------------------------------------------------
Cache hit (3297) for mini_module_2849.mlir - runtime: 5.5760000000000005
-----------------------------------------------------------
Cache hit (3299) for mini_module_2847.mlir - runtime: 5.424
-----------------------------------------------------------
Translating MLIR to HLO:
xla-translate --stablehlo-to-hlo-text -o /storage/ice1/5/1/cman8/shared/hespas_workload/output/llama3/3b_4h200/mini_module_2845.hlo output/llama3/3b_4h200/mini_module_2845.mlir
hlo_runner_main --num_repeats=5 --profile_execution=true --hlo_argument_mode=uninitialized /storage/ice1/5/1/cman8/shared/hespas_workload/output/llama3/3b_4h200/mini_module_2845.hlo
------------------------------------------------
Runtime estimate for mini_module_2845.mlir - runtime: 50.552
-----------------------------------------------------------
Translating MLIR to HLO:
xla-translate --stablehlo-to-hlo-text -o /storage/ice1/5/1/cman8/shared/hespas_workload/output/llama3/3b_4h200/mini_module_2843.hlo output/llama3/3b_4h200/mini_module_2843.mlir
hlo_runner_main --num_repeats=5 --profile_execution=true --hlo_argument_mode=uninitialized /storage/ice1/5/1/cman8/shared/hespas_workload/output/llama3/3b_4h200/mini_module_2843.hlo
------------------------------------------------
Runtime estimate for mini_module_2843.mlir - runtime: 50.04800000000001
-----------------------------------------------------------
Translating MLIR to HLO:
xla-translate --stablehlo-to-hlo-text -o /storage/ice1/5/1/cman8/shared/hespas_workload/output/llama3/3b_4h200/mini_module_2841.hlo output/llama3/3b_4h200/mini_module_2841.mlir
hlo_runner_main --num_repeats=5 --profile_execution=true --hlo_argument_mode=uninitialized /storage/ice1/5/1/cman8/shared/hespas_workload/output/llama3/3b_4h200/mini_module_2841.hlo
------------------------------------------------
Runtime estimate for mini_module_2841.mlir - runtime: 11.200000000000001
-----------------------------------------------------------
Cache hit (2841) for mini_module_2839.mlir - runtime: 11.200000000000001
-----------------------------------------------------------
Translating MLIR to HLO:
xla-translate --stablehlo-to-hlo-text -o /storage/ice1/5/1/cman8/shared/hespas_workload/output/llama3/3b_4h200/mini_module_2837.hlo output/llama3/3b_4h200/mini_module_2837.mlir
hlo_runner_main --num_repeats=5 --profile_execution=true --hlo_argument_mode=uninitialized /storage/ice1/5/1/cman8/shared/hespas_workload/output/llama3/3b_4h200/mini_module_2837.hlo
------------------------------------------------
Runtime estimate for mini_module_2837.mlir - runtime: 11.440000000000001
-----------------------------------------------------------
Translating MLIR to HLO:
xla-translate --stablehlo-to-hlo-text -o /storage/ice1/5/1/cman8/shared/hespas_workload/output/llama3/3b_4h200/mini_module_2835.hlo output/llama3/3b_4h200/mini_module_2835.mlir
hlo_runner_main --num_repeats=5 --profile_execution=true --hlo_argument_mode=uninitialized /storage/ice1/5/1/cman8/shared/hespas_workload/output/llama3/3b_4h200/mini_module_2835.hlo
------------------------------------------------
Runtime estimate for mini_module_2835.mlir - runtime: 11.352000000000002
-----------------------------------------------------------
Translating MLIR to HLO:
xla-translate --stablehlo-to-hlo-text -o /storage/ice1/5/1/cman8/shared/hespas_workload/output/llama3/3b_4h200/mini_module_2833.hlo output/llama3/3b_4h200/mini_module_2833.mlir
hlo_runner_main --num_repeats=5 --profile_execution=true --hlo_argument_mode=uninitialized /storage/ice1/5/1/cman8/shared/hespas_workload/output/llama3/3b_4h200/mini_module_2833.hlo
------------------------------------------------
Runtime estimate for mini_module_2833.mlir - runtime: 12.392000000000001
-----------------------------------------------------------
Translating MLIR to HLO:
xla-translate --stablehlo-to-hlo-text -o /storage/ice1/5/1/cman8/shared/hespas_workload/output/llama3/3b_4h200/mini_module_2831.hlo output/llama3/3b_4h200/mini_module_2831.mlir
hlo_runner_main --num_repeats=5 --profile_execution=true --hlo_argument_mode=uninitialized /storage/ice1/5/1/cman8/shared/hespas_workload/output/llama3/3b_4h200/mini_module_2831.hlo
------------------------------------------------
Runtime estimate for mini_module_2831.mlir - runtime: 12.272
-----------------------------------------------------------
Cache hit (2831) for mini_module_2829.mlir - runtime: 12.272
-----------------------------------------------------------
Cache hit (2841) for mini_module_2827.mlir - runtime: 11.200000000000001
-----------------------------------------------------------
Cache hit (2841) for mini_module_2825.mlir - runtime: 11.200000000000001
-----------------------------------------------------------
Cache hit (2837) for mini_module_2823.mlir - runtime: 11.440000000000001
-----------------------------------------------------------
Cache hit (2835) for mini_module_2821.mlir - runtime: 11.352000000000002
-----------------------------------------------------------
Cache hit (2833) for mini_module_2819.mlir - runtime: 12.392000000000001
-----------------------------------------------------------
Cache hit (2831) for mini_module_2817.mlir - runtime: 12.272
-----------------------------------------------------------
Cache hit (2831) for mini_module_2815.mlir - runtime: 12.272
-----------------------------------------------------------
Cache hit (2841) for mini_module_2813.mlir - runtime: 11.200000000000001
-----------------------------------------------------------
Cache hit (2841) for mini_module_2811.mlir - runtime: 11.200000000000001
-----------------------------------------------------------
Cache hit (2837) for mini_module_2809.mlir - runtime: 11.440000000000001
-----------------------------------------------------------
Cache hit (2835) for mini_module_2807.mlir - runtime: 11.352000000000002
-----------------------------------------------------------
Cache hit (2833) for mini_module_2805.mlir - runtime: 12.392000000000001
-----------------------------------------------------------
Cache hit (2831) for mini_module_2803.mlir - runtime: 12.272
-----------------------------------------------------------
Cache hit (2831) for mini_module_2801.mlir - runtime: 12.272
-----------------------------------------------------------
Cache hit (2841) for mini_module_2799.mlir - runtime: 11.200000000000001
-----------------------------------------------------------
Cache hit (2841) for mini_module_2797.mlir - runtime: 11.200000000000001
-----------------------------------------------------------
Cache hit (2837) for mini_module_2795.mlir - runtime: 11.440000000000001
-----------------------------------------------------------
Cache hit (2835) for mini_module_2793.mlir - runtime: 11.352000000000002
-----------------------------------------------------------
Cache hit (2833) for mini_module_2791.mlir - runtime: 12.392000000000001
-----------------------------------------------------------
Cache hit (2831) for mini_module_2789.mlir - runtime: 12.272
-----------------------------------------------------------
Cache hit (2831) for mini_module_2787.mlir - runtime: 12.272
-----------------------------------------------------------
Cache hit (2841) for mini_module_2785.mlir - runtime: 11.200000000000001
-----------------------------------------------------------
Cache hit (2841) for mini_module_2783.mlir - runtime: 11.200000000000001
-----------------------------------------------------------
Cache hit (2837) for mini_module_2781.mlir - runtime: 11.440000000000001
-----------------------------------------------------------
Cache hit (2835) for mini_module_2779.mlir - runtime: 11.352000000000002
-----------------------------------------------------------
Cache hit (2833) for mini_module_2777.mlir - runtime: 12.392000000000001
-----------------------------------------------------------
Cache hit (2831) for mini_module_2775.mlir - runtime: 12.272
-----------------------------------------------------------
Cache hit (2831) for mini_module_2773.mlir - runtime: 12.272
-----------------------------------------------------------
Cache hit (2841) for mini_module_2771.mlir - runtime: 11.200000000000001
-----------------------------------------------------------
Cache hit (2841) for mini_module_2769.mlir - runtime: 11.200000000000001
-----------------------------------------------------------
Cache hit (2837) for mini_module_2767.mlir - runtime: 11.440000000000001
-----------------------------------------------------------
Cache hit (2835) for mini_module_2765.mlir - runtime: 11.352000000000002
-----------------------------------------------------------
Cache hit (2833) for mini_module_2763.mlir - runtime: 12.392000000000001
-----------------------------------------------------------
Cache hit (2831) for mini_module_2761.mlir - runtime: 12.272
-----------------------------------------------------------
Cache hit (2831) for mini_module_2759.mlir - runtime: 12.272
-----------------------------------------------------------
Cache hit (2841) for mini_module_2757.mlir - runtime: 11.200000000000001
-----------------------------------------------------------
Cache hit (2841) for mini_module_2755.mlir - runtime: 11.200000000000001
-----------------------------------------------------------
Cache hit (2837) for mini_module_2753.mlir - runtime: 11.440000000000001
-----------------------------------------------------------
Cache hit (2835) for mini_module_2751.mlir - runtime: 11.352000000000002
-----------------------------------------------------------
Cache hit (2833) for mini_module_2749.mlir - runtime: 12.392000000000001
-----------------------------------------------------------
Cache hit (2831) for mini_module_2747.mlir - runtime: 12.272
-----------------------------------------------------------
Cache hit (2831) for mini_module_2745.mlir - runtime: 12.272
-----------------------------------------------------------
Cache hit (2841) for mini_module_2743.mlir - runtime: 11.200000000000001
-----------------------------------------------------------
Cache hit (2841) for mini_module_2741.mlir - runtime: 11.200000000000001
-----------------------------------------------------------
Cache hit (2837) for mini_module_2739.mlir - runtime: 11.440000000000001
-----------------------------------------------------------
Cache hit (2835) for mini_module_2737.mlir - runtime: 11.352000000000002
-----------------------------------------------------------
Cache hit (2833) for mini_module_2735.mlir - runtime: 12.392000000000001
-----------------------------------------------------------
Cache hit (2831) for mini_module_2733.mlir - runtime: 12.272
-----------------------------------------------------------
Cache hit (2831) for mini_module_2731.mlir - runtime: 12.272
-----------------------------------------------------------
Cache hit (2841) for mini_module_2729.mlir - runtime: 11.200000000000001
-----------------------------------------------------------
Cache hit (2841) for mini_module_2727.mlir - runtime: 11.200000000000001
-----------------------------------------------------------
Cache hit (2837) for mini_module_2725.mlir - runtime: 11.440000000000001
-----------------------------------------------------------
Cache hit (2835) for mini_module_2723.mlir - runtime: 11.352000000000002
-----------------------------------------------------------
Cache hit (2833) for mini_module_2721.mlir - runtime: 12.392000000000001
-----------------------------------------------------------
Cache hit (2831) for mini_module_2719.mlir - runtime: 12.272
-----------------------------------------------------------
Cache hit (2831) for mini_module_2717.mlir - runtime: 12.272
-----------------------------------------------------------
Cache hit (2841) for mini_module_2715.mlir - runtime: 11.200000000000001
-----------------------------------------------------------
Cache hit (2841) for mini_module_2713.mlir - runtime: 11.200000000000001
-----------------------------------------------------------
Cache hit (2837) for mini_module_2711.mlir - runtime: 11.440000000000001
-----------------------------------------------------------
Cache hit (2835) for mini_module_2709.mlir - runtime: 11.352000000000002
-----------------------------------------------------------
Cache hit (2833) for mini_module_2707.mlir - runtime: 12.392000000000001
-----------------------------------------------------------
Cache hit (2831) for mini_module_2705.mlir - runtime: 12.272
-----------------------------------------------------------
Cache hit (2831) for mini_module_2703.mlir - runtime: 12.272
-----------------------------------------------------------
Cache hit (2841) for mini_module_2701.mlir - runtime: 11.200000000000001
-----------------------------------------------------------
Cache hit (2841) for mini_module_2699.mlir - runtime: 11.200000000000001
-----------------------------------------------------------
Cache hit (2837) for mini_module_2697.mlir - runtime: 11.440000000000001
-----------------------------------------------------------
Cache hit (2835) for mini_module_2695.mlir - runtime: 11.352000000000002
-----------------------------------------------------------
Cache hit (2833) for mini_module_2693.mlir - runtime: 12.392000000000001
-----------------------------------------------------------
Cache hit (2831) for mini_module_2691.mlir - runtime: 12.272
-----------------------------------------------------------
Cache hit (2831) for mini_module_2689.mlir - runtime: 12.272
-----------------------------------------------------------
Cache hit (2841) for mini_module_2687.mlir - runtime: 11.200000000000001
-----------------------------------------------------------
Cache hit (2841) for mini_module_2685.mlir - runtime: 11.200000000000001
-----------------------------------------------------------
Cache hit (2837) for mini_module_2683.mlir - runtime: 11.440000000000001
-----------------------------------------------------------
Cache hit (2835) for mini_module_2681.mlir - runtime: 11.352000000000002
-----------------------------------------------------------
Cache hit (2833) for mini_module_2679.mlir - runtime: 12.392000000000001
-----------------------------------------------------------
Cache hit (2831) for mini_module_2677.mlir - runtime: 12.272
-----------------------------------------------------------
Cache hit (2831) for mini_module_2675.mlir - runtime: 12.272
-----------------------------------------------------------
Cache hit (2841) for mini_module_2673.mlir - runtime: 11.200000000000001
-----------------------------------------------------------
Cache hit (2841) for mini_module_2671.mlir - runtime: 11.200000000000001
-----------------------------------------------------------
Cache hit (2837) for mini_module_2669.mlir - runtime: 11.440000000000001
-----------------------------------------------------------
Cache hit (2835) for mini_module_2667.mlir - runtime: 11.352000000000002
-----------------------------------------------------------
Cache hit (2833) for mini_module_2665.mlir - runtime: 12.392000000000001
-----------------------------------------------------------
Cache hit (2831) for mini_module_2663.mlir - runtime: 12.272
-----------------------------------------------------------
Cache hit (2831) for mini_module_2661.mlir - runtime: 12.272
-----------------------------------------------------------
Cache hit (2841) for mini_module_2659.mlir - runtime: 11.200000000000001
-----------------------------------------------------------
Cache hit (2841) for mini_module_2657.mlir - runtime: 11.200000000000001
-----------------------------------------------------------
Cache hit (2837) for mini_module_2655.mlir - runtime: 11.440000000000001
-----------------------------------------------------------
Cache hit (2835) for mini_module_2653.mlir - runtime: 11.352000000000002
-----------------------------------------------------------
Cache hit (2833) for mini_module_2651.mlir - runtime: 12.392000000000001
-----------------------------------------------------------
Cache hit (2831) for mini_module_2649.mlir - runtime: 12.272
-----------------------------------------------------------
Cache hit (2831) for mini_module_2647.mlir - runtime: 12.272
-----------------------------------------------------------
Cache hit (2841) for mini_module_2645.mlir - runtime: 11.200000000000001
-----------------------------------------------------------
Cache hit (2841) for mini_module_2643.mlir - runtime: 11.200000000000001
-----------------------------------------------------------
Cache hit (2837) for mini_module_2641.mlir - runtime: 11.440000000000001
-----------------------------------------------------------
Cache hit (2835) for mini_module_2639.mlir - runtime: 11.352000000000002
-----------------------------------------------------------
Cache hit (2833) for mini_module_2637.mlir - runtime: 12.392000000000001
-----------------------------------------------------------
Cache hit (2831) for mini_module_2635.mlir - runtime: 12.272
-----------------------------------------------------------
Cache hit (2831) for mini_module_2633.mlir - runtime: 12.272
-----------------------------------------------------------
Cache hit (2841) for mini_module_2631.mlir - runtime: 11.200000000000001
-----------------------------------------------------------
Cache hit (2841) for mini_module_2629.mlir - runtime: 11.200000000000001
-----------------------------------------------------------
Cache hit (2837) for mini_module_2627.mlir - runtime: 11.440000000000001
-----------------------------------------------------------
Cache hit (2835) for mini_module_2625.mlir - runtime: 11.352000000000002
-----------------------------------------------------------
Cache hit (2833) for mini_module_2623.mlir - runtime: 12.392000000000001
-----------------------------------------------------------
Cache hit (2831) for mini_module_2621.mlir - runtime: 12.272
-----------------------------------------------------------
Cache hit (2831) for mini_module_2619.mlir - runtime: 12.272
-----------------------------------------------------------
Cache hit (2841) for mini_module_2617.mlir - runtime: 11.200000000000001
-----------------------------------------------------------
Cache hit (2841) for mini_module_2615.mlir - runtime: 11.200000000000001
-----------------------------------------------------------
Cache hit (2837) for mini_module_2613.mlir - runtime: 11.440000000000001
-----------------------------------------------------------
Cache hit (2835) for mini_module_2611.mlir - runtime: 11.352000000000002
-----------------------------------------------------------
Cache hit (2833) for mini_module_2609.mlir - runtime: 12.392000000000001
-----------------------------------------------------------
Cache hit (2831) for mini_module_2607.mlir - runtime: 12.272
-----------------------------------------------------------
Cache hit (2831) for mini_module_2605.mlir - runtime: 12.272
-----------------------------------------------------------
Cache hit (2841) for mini_module_2603.mlir - runtime: 11.200000000000001
-----------------------------------------------------------
Cache hit (2841) for mini_module_2601.mlir - runtime: 11.200000000000001
-----------------------------------------------------------
Cache hit (2837) for mini_module_2599.mlir - runtime: 11.440000000000001
-----------------------------------------------------------
Cache hit (2835) for mini_module_2597.mlir - runtime: 11.352000000000002
-----------------------------------------------------------
Cache hit (2833) for mini_module_2595.mlir - runtime: 12.392000000000001
-----------------------------------------------------------
Cache hit (2831) for mini_module_2593.mlir - runtime: 12.272
-----------------------------------------------------------
Cache hit (2831) for mini_module_2591.mlir - runtime: 12.272
-----------------------------------------------------------
Cache hit (2841) for mini_module_2589.mlir - runtime: 11.200000000000001
-----------------------------------------------------------
Cache hit (2841) for mini_module_2587.mlir - runtime: 11.200000000000001
-----------------------------------------------------------
Cache hit (2837) for mini_module_2585.mlir - runtime: 11.440000000000001
-----------------------------------------------------------
Cache hit (2835) for mini_module_2583.mlir - runtime: 11.352000000000002
-----------------------------------------------------------
Cache hit (2833) for mini_module_2581.mlir - runtime: 12.392000000000001
-----------------------------------------------------------
Cache hit (2831) for mini_module_2579.mlir - runtime: 12.272
-----------------------------------------------------------
Cache hit (2831) for mini_module_2577.mlir - runtime: 12.272
-----------------------------------------------------------
Cache hit (2841) for mini_module_2575.mlir - runtime: 11.200000000000001
-----------------------------------------------------------
Cache hit (2841) for mini_module_2573.mlir - runtime: 11.200000000000001
-----------------------------------------------------------
Cache hit (2837) for mini_module_2571.mlir - runtime: 11.440000000000001
-----------------------------------------------------------
Cache hit (2835) for mini_module_2569.mlir - runtime: 11.352000000000002
-----------------------------------------------------------
Cache hit (2833) for mini_module_2567.mlir - runtime: 12.392000000000001
-----------------------------------------------------------
Cache hit (2831) for mini_module_2565.mlir - runtime: 12.272
-----------------------------------------------------------
Cache hit (2831) for mini_module_2563.mlir - runtime: 12.272
-----------------------------------------------------------
Cache hit (2841) for mini_module_2561.mlir - runtime: 11.200000000000001
-----------------------------------------------------------
Cache hit (2841) for mini_module_2559.mlir - runtime: 11.200000000000001
-----------------------------------------------------------
Cache hit (2837) for mini_module_2557.mlir - runtime: 11.440000000000001
-----------------------------------------------------------
Cache hit (2835) for mini_module_2555.mlir - runtime: 11.352000000000002
-----------------------------------------------------------
Cache hit (2833) for mini_module_2553.mlir - runtime: 12.392000000000001
-----------------------------------------------------------
Cache hit (2831) for mini_module_2551.mlir - runtime: 12.272
-----------------------------------------------------------
Cache hit (2831) for mini_module_2549.mlir - runtime: 12.272
-----------------------------------------------------------
Cache hit (2841) for mini_module_2547.mlir - runtime: 11.200000000000001
-----------------------------------------------------------
Cache hit (2841) for mini_module_2545.mlir - runtime: 11.200000000000001
-----------------------------------------------------------
Cache hit (2837) for mini_module_2543.mlir - runtime: 11.440000000000001
-----------------------------------------------------------
Cache hit (2835) for mini_module_2541.mlir - runtime: 11.352000000000002
-----------------------------------------------------------
Cache hit (2833) for mini_module_2539.mlir - runtime: 12.392000000000001
-----------------------------------------------------------
Cache hit (2831) for mini_module_2537.mlir - runtime: 12.272
-----------------------------------------------------------
Cache hit (2831) for mini_module_2535.mlir - runtime: 12.272
-----------------------------------------------------------
Cache hit (2841) for mini_module_2533.mlir - runtime: 11.200000000000001
-----------------------------------------------------------
Cache hit (2841) for mini_module_2531.mlir - runtime: 11.200000000000001
-----------------------------------------------------------
Cache hit (2837) for mini_module_2529.mlir - runtime: 11.440000000000001
-----------------------------------------------------------
Cache hit (2835) for mini_module_2527.mlir - runtime: 11.352000000000002
-----------------------------------------------------------
Cache hit (2833) for mini_module_2525.mlir - runtime: 12.392000000000001
-----------------------------------------------------------
Cache hit (2831) for mini_module_2523.mlir - runtime: 12.272
-----------------------------------------------------------
Cache hit (2831) for mini_module_2521.mlir - runtime: 12.272
-----------------------------------------------------------
Cache hit (2841) for mini_module_2519.mlir - runtime: 11.200000000000001
-----------------------------------------------------------
Cache hit (2841) for mini_module_2517.mlir - runtime: 11.200000000000001
-----------------------------------------------------------
Cache hit (2837) for mini_module_2515.mlir - runtime: 11.440000000000001
-----------------------------------------------------------
Cache hit (2835) for mini_module_2513.mlir - runtime: 11.352000000000002
-----------------------------------------------------------
Cache hit (2833) for mini_module_2511.mlir - runtime: 12.392000000000001
-----------------------------------------------------------
Cache hit (2831) for mini_module_2509.mlir - runtime: 12.272
-----------------------------------------------------------
Cache hit (2831) for mini_module_2507.mlir - runtime: 12.272
-----------------------------------------------------------
Cache hit (2841) for mini_module_2505.mlir - runtime: 11.200000000000001
-----------------------------------------------------------
Cache hit (2841) for mini_module_2503.mlir - runtime: 11.200000000000001
-----------------------------------------------------------
Cache hit (2837) for mini_module_2501.mlir - runtime: 11.440000000000001
-----------------------------------------------------------
Cache hit (2835) for mini_module_2499.mlir - runtime: 11.352000000000002
-----------------------------------------------------------
Cache hit (2833) for mini_module_2497.mlir - runtime: 12.392000000000001
-----------------------------------------------------------
Cache hit (2831) for mini_module_2495.mlir - runtime: 12.272
-----------------------------------------------------------
Cache hit (2831) for mini_module_2493.mlir - runtime: 12.272
-----------------------------------------------------------
Cache hit (2841) for mini_module_2491.mlir - runtime: 11.200000000000001
-----------------------------------------------------------
Cache hit (2841) for mini_module_2489.mlir - runtime: 11.200000000000001
-----------------------------------------------------------
Cache hit (2837) for mini_module_2487.mlir - runtime: 11.440000000000001
-----------------------------------------------------------
Cache hit (2835) for mini_module_2485.mlir - runtime: 11.352000000000002
-----------------------------------------------------------
Cache hit (2833) for mini_module_2483.mlir - runtime: 12.392000000000001
-----------------------------------------------------------
Cache hit (2831) for mini_module_2481.mlir - runtime: 12.272
-----------------------------------------------------------
Cache hit (2831) for mini_module_2479.mlir - runtime: 12.272
-----------------------------------------------------------
Cache hit (2841) for mini_module_2477.mlir - runtime: 11.200000000000001
-----------------------------------------------------------
Cache hit (2841) for mini_module_2475.mlir - runtime: 11.200000000000001
-----------------------------------------------------------
Cache hit (2837) for mini_module_2473.mlir - runtime: 11.440000000000001
-----------------------------------------------------------
Cache hit (2835) for mini_module_2471.mlir - runtime: 11.352000000000002
-----------------------------------------------------------
Cache hit (2833) for mini_module_2469.mlir - runtime: 12.392000000000001
-----------------------------------------------------------
Cache hit (2831) for mini_module_2467.mlir - runtime: 12.272
-----------------------------------------------------------
Cache hit (2831) for mini_module_2465.mlir - runtime: 12.272
-----------------------------------------------------------
Cache hit (2841) for mini_module_2463.mlir - runtime: 11.200000000000001
-----------------------------------------------------------
Cache hit (2841) for mini_module_2461.mlir - runtime: 11.200000000000001
-----------------------------------------------------------
Cache hit (2837) for mini_module_2459.mlir - runtime: 11.440000000000001
-----------------------------------------------------------
Cache hit (2835) for mini_module_2457.mlir - runtime: 11.352000000000002
-----------------------------------------------------------
Cache hit (2833) for mini_module_2455.mlir - runtime: 12.392000000000001
-----------------------------------------------------------
Cache hit (2831) for mini_module_2453.mlir - runtime: 12.272
-----------------------------------------------------------
Cache hit (2831) for mini_module_2451.mlir - runtime: 12.272
-----------------------------------------------------------
Cache hit (2841) for mini_module_2449.mlir - runtime: 11.200000000000001
-----------------------------------------------------------
Cache hit (2841) for mini_module_2447.mlir - runtime: 11.200000000000001
-----------------------------------------------------------
Cache hit (2837) for mini_module_2445.mlir - runtime: 11.440000000000001
-----------------------------------------------------------
Cache hit (2835) for mini_module_2443.mlir - runtime: 11.352000000000002
-----------------------------------------------------------
Cache hit (2833) for mini_module_2441.mlir - runtime: 12.392000000000001
-----------------------------------------------------------
Cache hit (2831) for mini_module_2439.mlir - runtime: 12.272
-----------------------------------------------------------
Cache hit (2831) for mini_module_2437.mlir - runtime: 12.272
-----------------------------------------------------------
Cache hit (2841) for mini_module_2435.mlir - runtime: 11.200000000000001
-----------------------------------------------------------
Cache hit (2841) for mini_module_2433.mlir - runtime: 11.200000000000001
-----------------------------------------------------------
Cache hit (2837) for mini_module_2431.mlir - runtime: 11.440000000000001
-----------------------------------------------------------
Cache hit (2835) for mini_module_2429.mlir - runtime: 11.352000000000002
-----------------------------------------------------------
Cache hit (2833) for mini_module_2427.mlir - runtime: 12.392000000000001
-----------------------------------------------------------
Cache hit (2831) for mini_module_2425.mlir - runtime: 12.272
-----------------------------------------------------------
Cache hit (2831) for mini_module_2423.mlir - runtime: 12.272
-----------------------------------------------------------
Cache hit (2841) for mini_module_2421.mlir - runtime: 11.200000000000001
-----------------------------------------------------------
Cache hit (2841) for mini_module_2419.mlir - runtime: 11.200000000000001
-----------------------------------------------------------
Cache hit (2837) for mini_module_2417.mlir - runtime: 11.440000000000001
-----------------------------------------------------------
Cache hit (2835) for mini_module_2415.mlir - runtime: 11.352000000000002
-----------------------------------------------------------
Cache hit (2833) for mini_module_2413.mlir - runtime: 12.392000000000001
-----------------------------------------------------------
Cache hit (2831) for mini_module_2411.mlir - runtime: 12.272
-----------------------------------------------------------
Cache hit (2831) for mini_module_2409.mlir - runtime: 12.272
-----------------------------------------------------------
Cache hit (2841) for mini_module_2407.mlir - runtime: 11.200000000000001
-----------------------------------------------------------
Cache hit (2841) for mini_module_2405.mlir - runtime: 11.200000000000001
-----------------------------------------------------------
Cache hit (2837) for mini_module_2403.mlir - runtime: 11.440000000000001
-----------------------------------------------------------
Cache hit (2835) for mini_module_2401.mlir - runtime: 11.352000000000002
-----------------------------------------------------------
Cache hit (2833) for mini_module_2399.mlir - runtime: 12.392000000000001
-----------------------------------------------------------
Cache hit (2831) for mini_module_2397.mlir - runtime: 12.272
-----------------------------------------------------------
Translating MLIR to HLO:
xla-translate --stablehlo-to-hlo-text -o /storage/ice1/5/1/cman8/shared/hespas_workload/output/llama3/3b_4h200/mini_module_2395.hlo output/llama3/3b_4h200/mini_module_2395.mlir
hlo_runner_main --num_repeats=5 --profile_execution=true --hlo_argument_mode=uninitialized /storage/ice1/5/1/cman8/shared/hespas_workload/output/llama3/3b_4h200/mini_module_2395.hlo
------------------------------------------------
Runtime estimate for mini_module_2395.mlir - runtime: 14.224000000000002
-----------------------------------------------------------
Translating MLIR to HLO:
xla-translate --stablehlo-to-hlo-text -o /storage/ice1/5/1/cman8/shared/hespas_workload/output/llama3/3b_4h200/mini_module_2393.hlo output/llama3/3b_4h200/mini_module_2393.mlir
hlo_runner_main --num_repeats=5 --profile_execution=true --hlo_argument_mode=uninitialized /storage/ice1/5/1/cman8/shared/hespas_workload/output/llama3/3b_4h200/mini_module_2393.hlo
------------------------------------------------
Runtime estimate for mini_module_2393.mlir - runtime: 602.9040000000001
-----------------------------------------------------------
Translating MLIR to HLO:
xla-translate --stablehlo-to-hlo-text -o /storage/ice1/5/1/cman8/shared/hespas_workload/output/llama3/3b_4h200/mini_module_2391.hlo output/llama3/3b_4h200/mini_module_2391.mlir
hlo_runner_main --num_repeats=5 --profile_execution=true --hlo_argument_mode=uninitialized /storage/ice1/5/1/cman8/shared/hespas_workload/output/llama3/3b_4h200/mini_module_2391.hlo
------------------------------------------------
Runtime estimate for mini_module_2391.mlir - runtime: 49.58400000000001
-----------------------------------------------------------
Translating MLIR to HLO:
xla-translate --stablehlo-to-hlo-text -o /storage/ice1/5/1/cman8/shared/hespas_workload/output/llama3/3b_4h200/mini_module_2389.hlo output/llama3/3b_4h200/mini_module_2389.mlir
hlo_runner_main --num_repeats=5 --profile_execution=true --hlo_argument_mode=uninitialized /storage/ice1/5/1/cman8/shared/hespas_workload/output/llama3/3b_4h200/mini_module_2389.hlo
------------------------------------------------
Runtime estimate for mini_module_2389.mlir - runtime: 50.776
-----------------------------------------------------------
Translating MLIR to HLO:
xla-translate --stablehlo-to-hlo-text -o /storage/ice1/5/1/cman8/shared/hespas_workload/output/llama3/3b_4h200/mini_module_2387.hlo output/llama3/3b_4h200/mini_module_2387.mlir
hlo_runner_main --num_repeats=5 --profile_execution=true --hlo_argument_mode=uninitialized /storage/ice1/5/1/cman8/shared/hespas_workload/output/llama3/3b_4h200/mini_module_2387.hlo
------------------------------------------------
Runtime estimate for mini_module_2387.mlir - runtime: 11.144
-----------------------------------------------------------
Cache hit (2387) for mini_module_2385.mlir - runtime: 11.144
-----------------------------------------------------------
Translating MLIR to HLO:
xla-translate --stablehlo-to-hlo-text -o /storage/ice1/5/1/cman8/shared/hespas_workload/output/llama3/3b_4h200/mini_module_2383.hlo output/llama3/3b_4h200/mini_module_2383.mlir
hlo_runner_main --num_repeats=5 --profile_execution=true --hlo_argument_mode=uninitialized /storage/ice1/5/1/cman8/shared/hespas_workload/output/llama3/3b_4h200/mini_module_2383.hlo
------------------------------------------------
Runtime estimate for mini_module_2383.mlir - runtime: 10.920000000000002
-----------------------------------------------------------
Translating MLIR to HLO:
xla-translate --stablehlo-to-hlo-text -o /storage/ice1/5/1/cman8/shared/hespas_workload/output/llama3/3b_4h200/mini_module_2381.hlo output/llama3/3b_4h200/mini_module_2381.mlir
hlo_runner_main --num_repeats=5 --profile_execution=true --hlo_argument_mode=uninitialized /storage/ice1/5/1/cman8/shared/hespas_workload/output/llama3/3b_4h200/mini_module_2381.hlo
------------------------------------------------
Runtime estimate for mini_module_2381.mlir - runtime: 11.368
-----------------------------------------------------------
Translating MLIR to HLO:
xla-translate --stablehlo-to-hlo-text -o /storage/ice1/5/1/cman8/shared/hespas_workload/output/llama3/3b_4h200/mini_module_2379.hlo output/llama3/3b_4h200/mini_module_2379.mlir
hlo_runner_main --num_repeats=5 --profile_execution=true --hlo_argument_mode=uninitialized /storage/ice1/5/1/cman8/shared/hespas_workload/output/llama3/3b_4h200/mini_module_2379.hlo
------------------------------------------------
Runtime estimate for mini_module_2379.mlir - runtime: 11.880000000000003
-----------------------------------------------------------
Translating MLIR to HLO:
xla-translate --stablehlo-to-hlo-text -o /storage/ice1/5/1/cman8/shared/hespas_workload/output/llama3/3b_4h200/mini_module_2377.hlo output/llama3/3b_4h200/mini_module_2377.mlir
hlo_runner_main --num_repeats=5 --profile_execution=true --hlo_argument_mode=uninitialized /storage/ice1/5/1/cman8/shared/hespas_workload/output/llama3/3b_4h200/mini_module_2377.hlo
------------------------------------------------
Runtime estimate for mini_module_2377.mlir - runtime: 12.192000000000002
-----------------------------------------------------------
Cache hit (2377) for mini_module_2375.mlir - runtime: 12.192000000000002
-----------------------------------------------------------
Cache hit (2387) for mini_module_2373.mlir - runtime: 11.144
-----------------------------------------------------------
Cache hit (2387) for mini_module_2371.mlir - runtime: 11.144
-----------------------------------------------------------
Cache hit (2383) for mini_module_2369.mlir - runtime: 10.920000000000002
-----------------------------------------------------------
Cache hit (2381) for mini_module_2367.mlir - runtime: 11.368
-----------------------------------------------------------
Cache hit (2379) for mini_module_2365.mlir - runtime: 11.880000000000003
-----------------------------------------------------------
Cache hit (2377) for mini_module_2363.mlir - runtime: 12.192000000000002
-----------------------------------------------------------
Cache hit (2377) for mini_module_2361.mlir - runtime: 12.192000000000002
-----------------------------------------------------------
Cache hit (2387) for mini_module_2359.mlir - runtime: 11.144
-----------------------------------------------------------
Cache hit (2387) for mini_module_2357.mlir - runtime: 11.144
-----------------------------------------------------------
Cache hit (2383) for mini_module_2355.mlir - runtime: 10.920000000000002
-----------------------------------------------------------
Cache hit (2381) for mini_module_2353.mlir - runtime: 11.368
-----------------------------------------------------------
Cache hit (2379) for mini_module_2351.mlir - runtime: 11.880000000000003
-----------------------------------------------------------
Cache hit (2377) for mini_module_2349.mlir - runtime: 12.192000000000002
-----------------------------------------------------------
Cache hit (2377) for mini_module_2347.mlir - runtime: 12.192000000000002
-----------------------------------------------------------
Cache hit (2387) for mini_module_2345.mlir - runtime: 11.144
-----------------------------------------------------------
Cache hit (2387) for mini_module_2343.mlir - runtime: 11.144
-----------------------------------------------------------
Cache hit (2383) for mini_module_2341.mlir - runtime: 10.920000000000002
-----------------------------------------------------------
Cache hit (2381) for mini_module_2339.mlir - runtime: 11.368
-----------------------------------------------------------
Cache hit (2379) for mini_module_2337.mlir - runtime: 11.880000000000003
-----------------------------------------------------------
Cache hit (2377) for mini_module_2335.mlir - runtime: 12.192000000000002
-----------------------------------------------------------
Cache hit (2377) for mini_module_2333.mlir - runtime: 12.192000000000002
-----------------------------------------------------------
Cache hit (2387) for mini_module_2331.mlir - runtime: 11.144
-----------------------------------------------------------
Cache hit (2387) for mini_module_2329.mlir - runtime: 11.144
-----------------------------------------------------------
Cache hit (2383) for mini_module_2327.mlir - runtime: 10.920000000000002
-----------------------------------------------------------
Cache hit (2381) for mini_module_2325.mlir - runtime: 11.368
-----------------------------------------------------------
Cache hit (2379) for mini_module_2323.mlir - runtime: 11.880000000000003
-----------------------------------------------------------
Cache hit (2377) for mini_module_2321.mlir - runtime: 12.192000000000002
-----------------------------------------------------------
Cache hit (2377) for mini_module_2319.mlir - runtime: 12.192000000000002
-----------------------------------------------------------
Cache hit (2387) for mini_module_2317.mlir - runtime: 11.144
-----------------------------------------------------------
Cache hit (2387) for mini_module_2315.mlir - runtime: 11.144
-----------------------------------------------------------
Cache hit (2383) for mini_module_2313.mlir - runtime: 10.920000000000002
-----------------------------------------------------------
Cache hit (2381) for mini_module_2311.mlir - runtime: 11.368
-----------------------------------------------------------
Cache hit (2379) for mini_module_2309.mlir - runtime: 11.880000000000003
-----------------------------------------------------------
Cache hit (2377) for mini_module_2307.mlir - runtime: 12.192000000000002
-----------------------------------------------------------
Cache hit (2377) for mini_module_2305.mlir - runtime: 12.192000000000002
-----------------------------------------------------------
Cache hit (2387) for mini_module_2303.mlir - runtime: 11.144
-----------------------------------------------------------
Cache hit (2387) for mini_module_2301.mlir - runtime: 11.144
-----------------------------------------------------------
Cache hit (2383) for mini_module_2299.mlir - runtime: 10.920000000000002
-----------------------------------------------------------
Cache hit (2381) for mini_module_2297.mlir - runtime: 11.368
-----------------------------------------------------------
Cache hit (2379) for mini_module_2295.mlir - runtime: 11.880000000000003
-----------------------------------------------------------
Cache hit (2377) for mini_module_2293.mlir - runtime: 12.192000000000002
-----------------------------------------------------------
Cache hit (2377) for mini_module_2291.mlir - runtime: 12.192000000000002
-----------------------------------------------------------
Cache hit (2387) for mini_module_2289.mlir - runtime: 11.144
-----------------------------------------------------------
Cache hit (2387) for mini_module_2287.mlir - runtime: 11.144
-----------------------------------------------------------
Cache hit (2383) for mini_module_2285.mlir - runtime: 10.920000000000002
-----------------------------------------------------------
Cache hit (2381) for mini_module_2283.mlir - runtime: 11.368
-----------------------------------------------------------
Cache hit (2379) for mini_module_2281.mlir - runtime: 11.880000000000003
-----------------------------------------------------------
Cache hit (2377) for mini_module_2279.mlir - runtime: 12.192000000000002
-----------------------------------------------------------
Cache hit (2377) for mini_module_2277.mlir - runtime: 12.192000000000002
-----------------------------------------------------------
Cache hit (2387) for mini_module_2275.mlir - runtime: 11.144
-----------------------------------------------------------
Cache hit (2387) for mini_module_2273.mlir - runtime: 11.144
-----------------------------------------------------------
Cache hit (2383) for mini_module_2271.mlir - runtime: 10.920000000000002
-----------------------------------------------------------
Cache hit (2381) for mini_module_2269.mlir - runtime: 11.368
-----------------------------------------------------------
Cache hit (2379) for mini_module_2267.mlir - runtime: 11.880000000000003
-----------------------------------------------------------
Cache hit (2377) for mini_module_2265.mlir - runtime: 12.192000000000002
-----------------------------------------------------------
Cache hit (2377) for mini_module_2263.mlir - runtime: 12.192000000000002
-----------------------------------------------------------
Cache hit (2387) for mini_module_2261.mlir - runtime: 11.144
-----------------------------------------------------------
Cache hit (2387) for mini_module_2259.mlir - runtime: 11.144
-----------------------------------------------------------
Cache hit (2383) for mini_module_2257.mlir - runtime: 10.920000000000002
-----------------------------------------------------------
Cache hit (2381) for mini_module_2255.mlir - runtime: 11.368
-----------------------------------------------------------
Cache hit (2379) for mini_module_2253.mlir - runtime: 11.880000000000003
-----------------------------------------------------------
Cache hit (2377) for mini_module_2251.mlir - runtime: 12.192000000000002
-----------------------------------------------------------
Cache hit (2377) for mini_module_2249.mlir - runtime: 12.192000000000002
-----------------------------------------------------------
Cache hit (2387) for mini_module_2247.mlir - runtime: 11.144
-----------------------------------------------------------
Cache hit (2387) for mini_module_2245.mlir - runtime: 11.144
-----------------------------------------------------------
Cache hit (2383) for mini_module_2243.mlir - runtime: 10.920000000000002
-----------------------------------------------------------
Cache hit (2381) for mini_module_2241.mlir - runtime: 11.368
-----------------------------------------------------------
Cache hit (2379) for mini_module_2239.mlir - runtime: 11.880000000000003
-----------------------------------------------------------
Cache hit (2377) for mini_module_2237.mlir - runtime: 12.192000000000002
-----------------------------------------------------------
Cache hit (2377) for mini_module_2235.mlir - runtime: 12.192000000000002
-----------------------------------------------------------
Cache hit (2387) for mini_module_2233.mlir - runtime: 11.144
-----------------------------------------------------------
Cache hit (2387) for mini_module_2231.mlir - runtime: 11.144
-----------------------------------------------------------
Cache hit (2383) for mini_module_2229.mlir - runtime: 10.920000000000002
-----------------------------------------------------------
Cache hit (2381) for mini_module_2227.mlir - runtime: 11.368
-----------------------------------------------------------
Cache hit (2379) for mini_module_2225.mlir - runtime: 11.880000000000003
-----------------------------------------------------------
Cache hit (2377) for mini_module_2223.mlir - runtime: 12.192000000000002
-----------------------------------------------------------
Cache hit (2377) for mini_module_2221.mlir - runtime: 12.192000000000002
-----------------------------------------------------------
Cache hit (2387) for mini_module_2219.mlir - runtime: 11.144
-----------------------------------------------------------
Cache hit (2387) for mini_module_2217.mlir - runtime: 11.144
-----------------------------------------------------------
Cache hit (2383) for mini_module_2215.mlir - runtime: 10.920000000000002
-----------------------------------------------------------
Cache hit (2381) for mini_module_2213.mlir - runtime: 11.368
-----------------------------------------------------------
Cache hit (2379) for mini_module_2211.mlir - runtime: 11.880000000000003
-----------------------------------------------------------
Cache hit (2377) for mini_module_2209.mlir - runtime: 12.192000000000002
-----------------------------------------------------------
Cache hit (2377) for mini_module_2207.mlir - runtime: 12.192000000000002
-----------------------------------------------------------
Cache hit (2387) for mini_module_2205.mlir - runtime: 11.144
-----------------------------------------------------------
Cache hit (2387) for mini_module_2203.mlir - runtime: 11.144
-----------------------------------------------------------
Cache hit (2383) for mini_module_2201.mlir - runtime: 10.920000000000002
-----------------------------------------------------------
Cache hit (2381) for mini_module_2199.mlir - runtime: 11.368
-----------------------------------------------------------
Cache hit (2379) for mini_module_2197.mlir - runtime: 11.880000000000003
-----------------------------------------------------------
Cache hit (2377) for mini_module_2195.mlir - runtime: 12.192000000000002
-----------------------------------------------------------
Cache hit (2377) for mini_module_2193.mlir - runtime: 12.192000000000002
-----------------------------------------------------------
Cache hit (2387) for mini_module_2191.mlir - runtime: 11.144
-----------------------------------------------------------
Cache hit (2387) for mini_module_2189.mlir - runtime: 11.144
-----------------------------------------------------------
Cache hit (2383) for mini_module_2187.mlir - runtime: 10.920000000000002
-----------------------------------------------------------
Cache hit (2381) for mini_module_2185.mlir - runtime: 11.368
-----------------------------------------------------------
Cache hit (2379) for mini_module_2183.mlir - runtime: 11.880000000000003
-----------------------------------------------------------
Cache hit (2377) for mini_module_2181.mlir - runtime: 12.192000000000002
-----------------------------------------------------------
Cache hit (2377) for mini_module_2179.mlir - runtime: 12.192000000000002
-----------------------------------------------------------
Cache hit (2387) for mini_module_2177.mlir - runtime: 11.144
-----------------------------------------------------------
Cache hit (2387) for mini_module_2175.mlir - runtime: 11.144
-----------------------------------------------------------
Cache hit (2383) for mini_module_2173.mlir - runtime: 10.920000000000002
-----------------------------------------------------------
Cache hit (2381) for mini_module_2171.mlir - runtime: 11.368
-----------------------------------------------------------
Cache hit (2379) for mini_module_2169.mlir - runtime: 11.880000000000003
-----------------------------------------------------------
Cache hit (2377) for mini_module_2167.mlir - runtime: 12.192000000000002
-----------------------------------------------------------
Cache hit (2377) for mini_module_2165.mlir - runtime: 12.192000000000002
-----------------------------------------------------------
Cache hit (2387) for mini_module_2163.mlir - runtime: 11.144
-----------------------------------------------------------
Cache hit (2387) for mini_module_2161.mlir - runtime: 11.144
-----------------------------------------------------------
Cache hit (2383) for mini_module_2159.mlir - runtime: 10.920000000000002
-----------------------------------------------------------
Cache hit (2381) for mini_module_2157.mlir - runtime: 11.368
-----------------------------------------------------------
Cache hit (2379) for mini_module_2155.mlir - runtime: 11.880000000000003
-----------------------------------------------------------
Cache hit (2377) for mini_module_2153.mlir - runtime: 12.192000000000002
-----------------------------------------------------------
Cache hit (2377) for mini_module_2151.mlir - runtime: 12.192000000000002
-----------------------------------------------------------
Cache hit (2387) for mini_module_2149.mlir - runtime: 11.144
-----------------------------------------------------------
Cache hit (2387) for mini_module_2147.mlir - runtime: 11.144
-----------------------------------------------------------
Cache hit (2383) for mini_module_2145.mlir - runtime: 10.920000000000002
-----------------------------------------------------------
Cache hit (2381) for mini_module_2143.mlir - runtime: 11.368
-----------------------------------------------------------
Cache hit (2379) for mini_module_2141.mlir - runtime: 11.880000000000003
-----------------------------------------------------------
Cache hit (2377) for mini_module_2139.mlir - runtime: 12.192000000000002
-----------------------------------------------------------
Cache hit (2377) for mini_module_2137.mlir - runtime: 12.192000000000002
-----------------------------------------------------------
Cache hit (2387) for mini_module_2135.mlir - runtime: 11.144
-----------------------------------------------------------
Cache hit (2387) for mini_module_2133.mlir - runtime: 11.144
-----------------------------------------------------------
Cache hit (2383) for mini_module_2131.mlir - runtime: 10.920000000000002
-----------------------------------------------------------
Cache hit (2381) for mini_module_2129.mlir - runtime: 11.368
-----------------------------------------------------------
Cache hit (2379) for mini_module_2127.mlir - runtime: 11.880000000000003
-----------------------------------------------------------
Cache hit (2377) for mini_module_2125.mlir - runtime: 12.192000000000002
-----------------------------------------------------------
Cache hit (2377) for mini_module_2123.mlir - runtime: 12.192000000000002
-----------------------------------------------------------
Cache hit (2387) for mini_module_2121.mlir - runtime: 11.144
-----------------------------------------------------------
Cache hit (2387) for mini_module_2119.mlir - runtime: 11.144
-----------------------------------------------------------
Cache hit (2383) for mini_module_2117.mlir - runtime: 10.920000000000002
-----------------------------------------------------------
Cache hit (2381) for mini_module_2115.mlir - runtime: 11.368
-----------------------------------------------------------
Cache hit (2379) for mini_module_2113.mlir - runtime: 11.880000000000003
-----------------------------------------------------------
Cache hit (2377) for mini_module_2111.mlir - runtime: 12.192000000000002
-----------------------------------------------------------
Cache hit (2377) for mini_module_2109.mlir - runtime: 12.192000000000002
-----------------------------------------------------------
Cache hit (2387) for mini_module_2107.mlir - runtime: 11.144
-----------------------------------------------------------
Cache hit (2387) for mini_module_2105.mlir - runtime: 11.144
-----------------------------------------------------------
Cache hit (2383) for mini_module_2103.mlir - runtime: 10.920000000000002
-----------------------------------------------------------
Cache hit (2381) for mini_module_2101.mlir - runtime: 11.368
-----------------------------------------------------------
Cache hit (2379) for mini_module_2099.mlir - runtime: 11.880000000000003
-----------------------------------------------------------
Cache hit (2377) for mini_module_2097.mlir - runtime: 12.192000000000002
-----------------------------------------------------------
Cache hit (2377) for mini_module_2095.mlir - runtime: 12.192000000000002
-----------------------------------------------------------
Cache hit (2387) for mini_module_2093.mlir - runtime: 11.144
-----------------------------------------------------------
Cache hit (2387) for mini_module_2091.mlir - runtime: 11.144
-----------------------------------------------------------
Cache hit (2383) for mini_module_2089.mlir - runtime: 10.920000000000002
-----------------------------------------------------------
Cache hit (2381) for mini_module_2087.mlir - runtime: 11.368
-----------------------------------------------------------
Cache hit (2379) for mini_module_2085.mlir - runtime: 11.880000000000003
-----------------------------------------------------------
Cache hit (2377) for mini_module_2083.mlir - runtime: 12.192000000000002
-----------------------------------------------------------
Cache hit (2377) for mini_module_2081.mlir - runtime: 12.192000000000002
-----------------------------------------------------------
Cache hit (2387) for mini_module_2079.mlir - runtime: 11.144
-----------------------------------------------------------
Cache hit (2387) for mini_module_2077.mlir - runtime: 11.144
-----------------------------------------------------------
Cache hit (2383) for mini_module_2075.mlir - runtime: 10.920000000000002
-----------------------------------------------------------
Cache hit (2381) for mini_module_2073.mlir - runtime: 11.368
-----------------------------------------------------------
Cache hit (2379) for mini_module_2071.mlir - runtime: 11.880000000000003
-----------------------------------------------------------
Cache hit (2377) for mini_module_2069.mlir - runtime: 12.192000000000002
-----------------------------------------------------------
Cache hit (2377) for mini_module_2067.mlir - runtime: 12.192000000000002
-----------------------------------------------------------
Cache hit (2387) for mini_module_2065.mlir - runtime: 11.144
-----------------------------------------------------------
Cache hit (2387) for mini_module_2063.mlir - runtime: 11.144
-----------------------------------------------------------
Cache hit (2383) for mini_module_2061.mlir - runtime: 10.920000000000002
-----------------------------------------------------------
Cache hit (2381) for mini_module_2059.mlir - runtime: 11.368
-----------------------------------------------------------
Cache hit (2379) for mini_module_2057.mlir - runtime: 11.880000000000003
-----------------------------------------------------------
Cache hit (2377) for mini_module_2055.mlir - runtime: 12.192000000000002
-----------------------------------------------------------
Cache hit (2377) for mini_module_2053.mlir - runtime: 12.192000000000002
-----------------------------------------------------------
Cache hit (2387) for mini_module_2051.mlir - runtime: 11.144
-----------------------------------------------------------
Cache hit (2387) for mini_module_2049.mlir - runtime: 11.144
-----------------------------------------------------------
Cache hit (2383) for mini_module_2047.mlir - runtime: 10.920000000000002
-----------------------------------------------------------
Cache hit (2381) for mini_module_2045.mlir - runtime: 11.368
-----------------------------------------------------------
Cache hit (2379) for mini_module_2043.mlir - runtime: 11.880000000000003
-----------------------------------------------------------
Cache hit (2377) for mini_module_2041.mlir - runtime: 12.192000000000002
-----------------------------------------------------------
Cache hit (2377) for mini_module_2039.mlir - runtime: 12.192000000000002
-----------------------------------------------------------
Cache hit (2387) for mini_module_2037.mlir - runtime: 11.144
-----------------------------------------------------------
Cache hit (2387) for mini_module_2035.mlir - runtime: 11.144
-----------------------------------------------------------
Cache hit (2383) for mini_module_2033.mlir - runtime: 10.920000000000002
-----------------------------------------------------------
Cache hit (2381) for mini_module_2031.mlir - runtime: 11.368
-----------------------------------------------------------
Cache hit (2379) for mini_module_2029.mlir - runtime: 11.880000000000003
-----------------------------------------------------------
Cache hit (2377) for mini_module_2027.mlir - runtime: 12.192000000000002
-----------------------------------------------------------
Cache hit (2377) for mini_module_2025.mlir - runtime: 12.192000000000002
-----------------------------------------------------------
Cache hit (2387) for mini_module_2023.mlir - runtime: 11.144
-----------------------------------------------------------
Cache hit (2387) for mini_module_2021.mlir - runtime: 11.144
-----------------------------------------------------------
Cache hit (2383) for mini_module_2019.mlir - runtime: 10.920000000000002
-----------------------------------------------------------
Cache hit (2381) for mini_module_2017.mlir - runtime: 11.368
-----------------------------------------------------------
Cache hit (2379) for mini_module_2015.mlir - runtime: 11.880000000000003
-----------------------------------------------------------
Cache hit (2377) for mini_module_2013.mlir - runtime: 12.192000000000002
-----------------------------------------------------------
Cache hit (2377) for mini_module_2011.mlir - runtime: 12.192000000000002
-----------------------------------------------------------
Cache hit (2387) for mini_module_2009.mlir - runtime: 11.144
-----------------------------------------------------------
Cache hit (2387) for mini_module_2007.mlir - runtime: 11.144
-----------------------------------------------------------
Cache hit (2383) for mini_module_2005.mlir - runtime: 10.920000000000002
-----------------------------------------------------------
Cache hit (2381) for mini_module_2003.mlir - runtime: 11.368
-----------------------------------------------------------
Cache hit (2379) for mini_module_2001.mlir - runtime: 11.880000000000003
-----------------------------------------------------------
Cache hit (2377) for mini_module_1999.mlir - runtime: 12.192000000000002
-----------------------------------------------------------
Cache hit (2377) for mini_module_1997.mlir - runtime: 12.192000000000002
-----------------------------------------------------------
Cache hit (2387) for mini_module_1995.mlir - runtime: 11.144
-----------------------------------------------------------
Cache hit (2387) for mini_module_1993.mlir - runtime: 11.144
-----------------------------------------------------------
Cache hit (2383) for mini_module_1991.mlir - runtime: 10.920000000000002
-----------------------------------------------------------
Cache hit (2381) for mini_module_1989.mlir - runtime: 11.368
-----------------------------------------------------------
Cache hit (2379) for mini_module_1987.mlir - runtime: 11.880000000000003
-----------------------------------------------------------
Cache hit (2377) for mini_module_1985.mlir - runtime: 12.192000000000002
-----------------------------------------------------------
Cache hit (2377) for mini_module_1983.mlir - runtime: 12.192000000000002
-----------------------------------------------------------
Cache hit (2387) for mini_module_1981.mlir - runtime: 11.144
-----------------------------------------------------------
Cache hit (2387) for mini_module_1979.mlir - runtime: 11.144
-----------------------------------------------------------
Cache hit (2383) for mini_module_1977.mlir - runtime: 10.920000000000002
-----------------------------------------------------------
Cache hit (2381) for mini_module_1975.mlir - runtime: 11.368
-----------------------------------------------------------
Cache hit (2379) for mini_module_1973.mlir - runtime: 11.880000000000003
-----------------------------------------------------------
Cache hit (2377) for mini_module_1971.mlir - runtime: 12.192000000000002
-----------------------------------------------------------
Cache hit (2377) for mini_module_1969.mlir - runtime: 12.192000000000002
-----------------------------------------------------------
Cache hit (2387) for mini_module_1967.mlir - runtime: 11.144
-----------------------------------------------------------
Cache hit (2387) for mini_module_1965.mlir - runtime: 11.144
-----------------------------------------------------------
Cache hit (2383) for mini_module_1963.mlir - runtime: 10.920000000000002
-----------------------------------------------------------
Cache hit (2381) for mini_module_1961.mlir - runtime: 11.368
-----------------------------------------------------------
Cache hit (2379) for mini_module_1959.mlir - runtime: 11.880000000000003
-----------------------------------------------------------
Cache hit (2377) for mini_module_1957.mlir - runtime: 12.192000000000002
-----------------------------------------------------------
Cache hit (2377) for mini_module_1955.mlir - runtime: 12.192000000000002
-----------------------------------------------------------
Cache hit (2387) for mini_module_1953.mlir - runtime: 11.144
-----------------------------------------------------------
Cache hit (2387) for mini_module_1951.mlir - runtime: 11.144
-----------------------------------------------------------
Cache hit (2383) for mini_module_1949.mlir - runtime: 10.920000000000002
-----------------------------------------------------------
Cache hit (2381) for mini_module_1947.mlir - runtime: 11.368
-----------------------------------------------------------
Cache hit (2379) for mini_module_1945.mlir - runtime: 11.880000000000003
-----------------------------------------------------------
Cache hit (2377) for mini_module_1943.mlir - runtime: 12.192000000000002
-----------------------------------------------------------
Translating MLIR to HLO:
xla-translate --stablehlo-to-hlo-text -o /storage/ice1/5/1/cman8/shared/hespas_workload/output/llama3/3b_4h200/mini_module_1941.hlo output/llama3/3b_4h200/mini_module_1941.mlir
hlo_runner_main --num_repeats=5 --profile_execution=true --hlo_argument_mode=uninitialized /storage/ice1/5/1/cman8/shared/hespas_workload/output/llama3/3b_4h200/mini_module_1941.hlo
------------------------------------------------
Runtime estimate for mini_module_1941.mlir - runtime: 568.1760000000002
-----------------------------------------------------------
Translating MLIR to HLO:
xla-translate --stablehlo-to-hlo-text -o /storage/ice1/5/1/cman8/shared/hespas_workload/output/llama3/3b_4h200/mini_module_1940.hlo output/llama3/3b_4h200/mini_module_1940.mlir
hlo_runner_main --num_repeats=5 --profile_execution=true --hlo_argument_mode=uninitialized /storage/ice1/5/1/cman8/shared/hespas_workload/output/llama3/3b_4h200/mini_module_1940.hlo
------------------------------------------------
Runtime estimate for mini_module_1940.mlir - runtime: 836.9600000000002
-----------------------------------------------------------
Translating MLIR to HLO:
xla-translate --stablehlo-to-hlo-text -o /storage/ice1/5/1/cman8/shared/hespas_workload/output/llama3/3b_4h200/mini_module_1939.hlo output/llama3/3b_4h200/mini_module_1939.mlir
hlo_runner_main --num_repeats=5 --profile_execution=true --hlo_argument_mode=uninitialized /storage/ice1/5/1/cman8/shared/hespas_workload/output/llama3/3b_4h200/mini_module_1939.hlo
------------------------------------------------
Runtime estimate for mini_module_1939.mlir - runtime: 810.3360000000001
-----------------------------------------------------------
Translating MLIR to HLO:
xla-translate --stablehlo-to-hlo-text -o /storage/ice1/5/1/cman8/shared/hespas_workload/output/llama3/3b_4h200/mini_module_1938.hlo output/llama3/3b_4h200/mini_module_1938.mlir
hlo_runner_main --num_repeats=5 --profile_execution=true --hlo_argument_mode=uninitialized /storage/ice1/5/1/cman8/shared/hespas_workload/output/llama3/3b_4h200/mini_module_1938.hlo
------------------------------------------------
Runtime estimate for mini_module_1938.mlir - runtime: 870.5440000000001
-----------------------------------------------------------
Translating MLIR to HLO:
xla-translate --stablehlo-to-hlo-text -o /storage/ice1/5/1/cman8/shared/hespas_workload/output/llama3/3b_4h200/mini_module_1937.hlo output/llama3/3b_4h200/mini_module_1937.mlir
hlo_runner_main --num_repeats=5 --profile_execution=true --hlo_argument_mode=uninitialized /storage/ice1/5/1/cman8/shared/hespas_workload/output/llama3/3b_4h200/mini_module_1937.hlo
------------------------------------------------
Runtime estimate for mini_module_1937.mlir - runtime: 878.3440000000002
-----------------------------------------------------------
Translating MLIR to HLO:
xla-translate --stablehlo-to-hlo-text -o /storage/ice1/5/1/cman8/shared/hespas_workload/output/llama3/3b_4h200/mini_module_1936.hlo output/llama3/3b_4h200/mini_module_1936.mlir
hlo_runner_main --num_repeats=5 --profile_execution=true --hlo_argument_mode=uninitialized /storage/ice1/5/1/cman8/shared/hespas_workload/output/llama3/3b_4h200/mini_module_1936.hlo
------------------------------------------------
Runtime estimate for mini_module_1936.mlir - runtime: 502.368
-----------------------------------------------------------
Translating MLIR to HLO:
xla-translate --stablehlo-to-hlo-text -o /storage/ice1/5/1/cman8/shared/hespas_workload/output/llama3/3b_4h200/mini_module_1934.hlo output/llama3/3b_4h200/mini_module_1934.mlir
hlo_runner_main --num_repeats=5 --profile_execution=true --hlo_argument_mode=uninitialized /storage/ice1/5/1/cman8/shared/hespas_workload/output/llama3/3b_4h200/mini_module_1934.hlo
------------------------------------------------
Runtime estimate for mini_module_1934.mlir - runtime: 65.096
-----------------------------------------------------------
Translating MLIR to HLO:
xla-translate --stablehlo-to-hlo-text -o /storage/ice1/5/1/cman8/shared/hespas_workload/output/llama3/3b_4h200/mini_module_1932.hlo output/llama3/3b_4h200/mini_module_1932.mlir
hlo_runner_main --num_repeats=5 --profile_execution=true --hlo_argument_mode=uninitialized /storage/ice1/5/1/cman8/shared/hespas_workload/output/llama3/3b_4h200/mini_module_1932.hlo
------------------------------------------------
Runtime estimate for mini_module_1932.mlir - runtime: 3144.5600000000004
-----------------------------------------------------------
Translating MLIR to HLO:
xla-translate --stablehlo-to-hlo-text -o /storage/ice1/5/1/cman8/shared/hespas_workload/output/llama3/3b_4h200/mini_module_1930.hlo output/llama3/3b_4h200/mini_module_1930.mlir
hlo_runner_main --num_repeats=5 --profile_execution=true --hlo_argument_mode=uninitialized /storage/ice1/5/1/cman8/shared/hespas_workload/output/llama3/3b_4h200/mini_module_1930.hlo
------------------------------------------------
Runtime estimate for mini_module_1930.mlir - runtime: 48.248000000000005
-----------------------------------------------------------
Translating MLIR to HLO:
xla-translate --stablehlo-to-hlo-text -o /storage/ice1/5/1/cman8/shared/hespas_workload/output/llama3/3b_4h200/mini_module_1928.hlo output/llama3/3b_4h200/mini_module_1928.mlir
hlo_runner_main --num_repeats=5 --profile_execution=true --hlo_argument_mode=uninitialized /storage/ice1/5/1/cman8/shared/hespas_workload/output/llama3/3b_4h200/mini_module_1928.hlo
------------------------------------------------
Runtime estimate for mini_module_1928.mlir - runtime: 3172.1520000000005
-----------------------------------------------------------
Translating MLIR to HLO:
xla-translate --stablehlo-to-hlo-text -o /storage/ice1/5/1/cman8/shared/hespas_workload/output/llama3/3b_4h200/mini_module_1926.hlo output/llama3/3b_4h200/mini_module_1926.mlir
hlo_runner_main --num_repeats=5 --profile_execution=true --hlo_argument_mode=uninitialized /storage/ice1/5/1/cman8/shared/hespas_workload/output/llama3/3b_4h200/mini_module_1926.hlo
------------------------------------------------
Runtime estimate for mini_module_1926.mlir - runtime: 10.104000000000001
-----------------------------------------------------------
Translating MLIR to HLO:
xla-translate --stablehlo-to-hlo-text -o /storage/ice1/5/1/cman8/shared/hespas_workload/output/llama3/3b_4h200/mini_module_1924.hlo output/llama3/3b_4h200/mini_module_1924.mlir
hlo_runner_main --num_repeats=5 --profile_execution=true --hlo_argument_mode=uninitialized /storage/ice1/5/1/cman8/shared/hespas_workload/output/llama3/3b_4h200/mini_module_1924.hlo
------------------------------------------------
Runtime estimate for mini_module_1924.mlir - runtime: 148.22400000000002
-----------------------------------------------------------
Cache hit (1926) for mini_module_1922.mlir - runtime: 10.104000000000001
-----------------------------------------------------------
Cache hit (1924) for mini_module_1920.mlir - runtime: 148.22400000000002
-----------------------------------------------------------
Translating MLIR to HLO:
xla-translate --stablehlo-to-hlo-text -o /storage/ice1/5/1/cman8/shared/hespas_workload/output/llama3/3b_4h200/mini_module_1918.hlo output/llama3/3b_4h200/mini_module_1918.mlir
hlo_runner_main --num_repeats=5 --profile_execution=true --hlo_argument_mode=uninitialized /storage/ice1/5/1/cman8/shared/hespas_workload/output/llama3/3b_4h200/mini_module_1918.hlo
------------------------------------------------
Runtime estimate for mini_module_1918.mlir - runtime: 9.768
-----------------------------------------------------------
Translating MLIR to HLO:
xla-translate --stablehlo-to-hlo-text -o /storage/ice1/5/1/cman8/shared/hespas_workload/output/llama3/3b_4h200/mini_module_1916.hlo output/llama3/3b_4h200/mini_module_1916.mlir
hlo_runner_main --num_repeats=5 --profile_execution=true --hlo_argument_mode=uninitialized /storage/ice1/5/1/cman8/shared/hespas_workload/output/llama3/3b_4h200/mini_module_1916.hlo
------------------------------------------------
Runtime estimate for mini_module_1916.mlir - runtime: 181.48000000000002
-----------------------------------------------------------
Cache hit (1926) for mini_module_1914.mlir - runtime: 10.104000000000001
-----------------------------------------------------------
Translating MLIR to HLO:
xla-translate --stablehlo-to-hlo-text -o /storage/ice1/5/1/cman8/shared/hespas_workload/output/llama3/3b_4h200/mini_module_1912.hlo output/llama3/3b_4h200/mini_module_1912.mlir
hlo_runner_main --num_repeats=5 --profile_execution=true --hlo_argument_mode=uninitialized /storage/ice1/5/1/cman8/shared/hespas_workload/output/llama3/3b_4h200/mini_module_1912.hlo
------------------------------------------------
Runtime estimate for mini_module_1912.mlir - runtime: 164.792
-----------------------------------------------------------
Translating MLIR to HLO:
xla-translate --stablehlo-to-hlo-text -o /storage/ice1/5/1/cman8/shared/hespas_workload/output/llama3/3b_4h200/mini_module_1910.hlo output/llama3/3b_4h200/mini_module_1910.mlir
hlo_runner_main --num_repeats=5 --profile_execution=true --hlo_argument_mode=uninitialized /storage/ice1/5/1/cman8/shared/hespas_workload/output/llama3/3b_4h200/mini_module_1910.hlo
------------------------------------------------
Runtime estimate for mini_module_1910.mlir - runtime: 64.584
-----------------------------------------------------------
Translating MLIR to HLO:
xla-translate --stablehlo-to-hlo-text -o /storage/ice1/5/1/cman8/shared/hespas_workload/output/llama3/3b_4h200/mini_module_1908.hlo output/llama3/3b_4h200/mini_module_1908.mlir
hlo_runner_main --num_repeats=5 --profile_execution=true --hlo_argument_mode=uninitialized /storage/ice1/5/1/cman8/shared/hespas_workload/output/llama3/3b_4h200/mini_module_1908.hlo
------------------------------------------------
Runtime estimate for mini_module_1908.mlir - runtime: 44.792
-----------------------------------------------------------
Translating MLIR to HLO:
xla-translate --stablehlo-to-hlo-text -o /storage/ice1/5/1/cman8/shared/hespas_workload/output/llama3/3b_4h200/mini_module_1906.hlo output/llama3/3b_4h200/mini_module_1906.mlir
hlo_runner_main --num_repeats=5 --profile_execution=true --hlo_argument_mode=uninitialized /storage/ice1/5/1/cman8/shared/hespas_workload/output/llama3/3b_4h200/mini_module_1906.hlo
------------------------------------------------
Runtime estimate for mini_module_1906.mlir - runtime: 11.984000000000002
-----------------------------------------------------------
Translating MLIR to HLO:
xla-translate --stablehlo-to-hlo-text -o /storage/ice1/5/1/cman8/shared/hespas_workload/output/llama3/3b_4h200/mini_module_1904.hlo output/llama3/3b_4h200/mini_module_1904.mlir
hlo_runner_main --num_repeats=5 --profile_execution=true --hlo_argument_mode=uninitialized /storage/ice1/5/1/cman8/shared/hespas_workload/output/llama3/3b_4h200/mini_module_1904.hlo
------------------------------------------------
Runtime estimate for mini_module_1904.mlir - runtime: 301.744
-----------------------------------------------------------
Translating MLIR to HLO:
xla-translate --stablehlo-to-hlo-text -o /storage/ice1/5/1/cman8/shared/hespas_workload/output/llama3/3b_4h200/mini_module_1902.hlo output/llama3/3b_4h200/mini_module_1902.mlir
hlo_runner_main --num_repeats=5 --profile_execution=true --hlo_argument_mode=uninitialized /storage/ice1/5/1/cman8/shared/hespas_workload/output/llama3/3b_4h200/mini_module_1902.hlo
------------------------------------------------
Runtime estimate for mini_module_1902.mlir - runtime: 11.080000000000002
-----------------------------------------------------------
Translating MLIR to HLO:
xla-translate --stablehlo-to-hlo-text -o /storage/ice1/5/1/cman8/shared/hespas_workload/output/llama3/3b_4h200/mini_module_1900.hlo output/llama3/3b_4h200/mini_module_1900.mlir
hlo_runner_main --num_repeats=5 --profile_execution=true --hlo_argument_mode=uninitialized /storage/ice1/5/1/cman8/shared/hespas_workload/output/llama3/3b_4h200/mini_module_1900.hlo
------------------------------------------------
Runtime estimate for mini_module_1900.mlir - runtime: 249.81600000000006
-----------------------------------------------------------
Cache hit (1902) for mini_module_1898.mlir - runtime: 11.080000000000002
-----------------------------------------------------------
Translating MLIR to HLO:
xla-translate --stablehlo-to-hlo-text -o /storage/ice1/5/1/cman8/shared/hespas_workload/output/llama3/3b_4h200/mini_module_1896.hlo output/llama3/3b_4h200/mini_module_1896.mlir
hlo_runner_main --num_repeats=5 --profile_execution=true --hlo_argument_mode=uninitialized /storage/ice1/5/1/cman8/shared/hespas_workload/output/llama3/3b_4h200/mini_module_1896.hlo
------------------------------------------------
Runtime estimate for mini_module_1896.mlir - runtime: 280.608
-----------------------------------------------------------
Cache hit (1926) for mini_module_1894.mlir - runtime: 10.104000000000001
-----------------------------------------------------------
Cache hit (1924) for mini_module_1892.mlir - runtime: 148.22400000000002
-----------------------------------------------------------
Cache hit (1926) for mini_module_1890.mlir - runtime: 10.104000000000001
-----------------------------------------------------------
Cache hit (1924) for mini_module_1888.mlir - runtime: 148.22400000000002
-----------------------------------------------------------
Cache hit (1918) for mini_module_1886.mlir - runtime: 9.768
-----------------------------------------------------------
Cache hit (1916) for mini_module_1884.mlir - runtime: 181.48000000000002
-----------------------------------------------------------
Cache hit (1926) for mini_module_1882.mlir - runtime: 10.104000000000001
-----------------------------------------------------------
Cache hit (1912) for mini_module_1880.mlir - runtime: 164.792
-----------------------------------------------------------
Cache hit (1910) for mini_module_1878.mlir - runtime: 64.584
-----------------------------------------------------------
Cache hit (1908) for mini_module_1876.mlir - runtime: 44.792
-----------------------------------------------------------
Cache hit (1906) for mini_module_1874.mlir - runtime: 11.984000000000002
-----------------------------------------------------------
Cache hit (1904) for mini_module_1872.mlir - runtime: 301.744
-----------------------------------------------------------
Cache hit (1902) for mini_module_1870.mlir - runtime: 11.080000000000002
-----------------------------------------------------------
Cache hit (1900) for mini_module_1868.mlir - runtime: 249.81600000000006
-----------------------------------------------------------
Cache hit (1902) for mini_module_1866.mlir - runtime: 11.080000000000002
-----------------------------------------------------------
Cache hit (1896) for mini_module_1864.mlir - runtime: 280.608
-----------------------------------------------------------
Cache hit (1926) for mini_module_1862.mlir - runtime: 10.104000000000001
-----------------------------------------------------------
Cache hit (1924) for mini_module_1860.mlir - runtime: 148.22400000000002
-----------------------------------------------------------
Cache hit (1926) for mini_module_1858.mlir - runtime: 10.104000000000001
-----------------------------------------------------------
Cache hit (1924) for mini_module_1856.mlir - runtime: 148.22400000000002
-----------------------------------------------------------
Cache hit (1918) for mini_module_1854.mlir - runtime: 9.768
-----------------------------------------------------------
Cache hit (1916) for mini_module_1852.mlir - runtime: 181.48000000000002
-----------------------------------------------------------
Cache hit (1926) for mini_module_1850.mlir - runtime: 10.104000000000001
-----------------------------------------------------------
Cache hit (1912) for mini_module_1848.mlir - runtime: 164.792
-----------------------------------------------------------
Cache hit (1910) for mini_module_1846.mlir - runtime: 64.584
-----------------------------------------------------------
Cache hit (1908) for mini_module_1844.mlir - runtime: 44.792
-----------------------------------------------------------
Cache hit (1906) for mini_module_1842.mlir - runtime: 11.984000000000002
-----------------------------------------------------------
Cache hit (1904) for mini_module_1840.mlir - runtime: 301.744
-----------------------------------------------------------
Cache hit (1902) for mini_module_1838.mlir - runtime: 11.080000000000002
-----------------------------------------------------------
Cache hit (1900) for mini_module_1836.mlir - runtime: 249.81600000000006
-----------------------------------------------------------
Cache hit (1902) for mini_module_1834.mlir - runtime: 11.080000000000002
-----------------------------------------------------------
Cache hit (1896) for mini_module_1832.mlir - runtime: 280.608
-----------------------------------------------------------
Cache hit (1926) for mini_module_1830.mlir - runtime: 10.104000000000001
-----------------------------------------------------------
Cache hit (1924) for mini_module_1828.mlir - runtime: 148.22400000000002
-----------------------------------------------------------
Cache hit (1926) for mini_module_1826.mlir - runtime: 10.104000000000001
-----------------------------------------------------------
Cache hit (1924) for mini_module_1824.mlir - runtime: 148.22400000000002
-----------------------------------------------------------
Cache hit (1918) for mini_module_1822.mlir - runtime: 9.768
-----------------------------------------------------------
Cache hit (1916) for mini_module_1820.mlir - runtime: 181.48000000000002
-----------------------------------------------------------
Cache hit (1926) for mini_module_1818.mlir - runtime: 10.104000000000001
-----------------------------------------------------------
Cache hit (1912) for mini_module_1816.mlir - runtime: 164.792
-----------------------------------------------------------
Cache hit (1910) for mini_module_1814.mlir - runtime: 64.584
-----------------------------------------------------------
Cache hit (1908) for mini_module_1812.mlir - runtime: 44.792
-----------------------------------------------------------
Cache hit (1906) for mini_module_1810.mlir - runtime: 11.984000000000002
-----------------------------------------------------------
Cache hit (1904) for mini_module_1808.mlir - runtime: 301.744
-----------------------------------------------------------
Cache hit (1902) for mini_module_1806.mlir - runtime: 11.080000000000002
-----------------------------------------------------------
Cache hit (1900) for mini_module_1804.mlir - runtime: 249.81600000000006
-----------------------------------------------------------
Cache hit (1902) for mini_module_1802.mlir - runtime: 11.080000000000002
-----------------------------------------------------------
Cache hit (1896) for mini_module_1800.mlir - runtime: 280.608
-----------------------------------------------------------
Cache hit (1926) for mini_module_1798.mlir - runtime: 10.104000000000001
-----------------------------------------------------------
Cache hit (1924) for mini_module_1796.mlir - runtime: 148.22400000000002
-----------------------------------------------------------
Cache hit (1926) for mini_module_1794.mlir - runtime: 10.104000000000001
-----------------------------------------------------------
Cache hit (1924) for mini_module_1792.mlir - runtime: 148.22400000000002
-----------------------------------------------------------
Cache hit (1918) for mini_module_1790.mlir - runtime: 9.768
-----------------------------------------------------------
Cache hit (1916) for mini_module_1788.mlir - runtime: 181.48000000000002
-----------------------------------------------------------
Cache hit (1926) for mini_module_1786.mlir - runtime: 10.104000000000001
-----------------------------------------------------------
Cache hit (1912) for mini_module_1784.mlir - runtime: 164.792
-----------------------------------------------------------
Cache hit (1910) for mini_module_1782.mlir - runtime: 64.584
-----------------------------------------------------------
Cache hit (1908) for mini_module_1780.mlir - runtime: 44.792
-----------------------------------------------------------
Cache hit (1906) for mini_module_1778.mlir - runtime: 11.984000000000002
-----------------------------------------------------------
Cache hit (1904) for mini_module_1776.mlir - runtime: 301.744
-----------------------------------------------------------
Cache hit (1902) for mini_module_1774.mlir - runtime: 11.080000000000002
-----------------------------------------------------------
Cache hit (1900) for mini_module_1772.mlir - runtime: 249.81600000000006
-----------------------------------------------------------
Cache hit (1902) for mini_module_1770.mlir - runtime: 11.080000000000002
-----------------------------------------------------------
Cache hit (1896) for mini_module_1768.mlir - runtime: 280.608
-----------------------------------------------------------
Cache hit (1926) for mini_module_1766.mlir - runtime: 10.104000000000001
-----------------------------------------------------------
Cache hit (1924) for mini_module_1764.mlir - runtime: 148.22400000000002
-----------------------------------------------------------
Cache hit (1926) for mini_module_1762.mlir - runtime: 10.104000000000001
-----------------------------------------------------------
Cache hit (1924) for mini_module_1760.mlir - runtime: 148.22400000000002
-----------------------------------------------------------
Cache hit (1918) for mini_module_1758.mlir - runtime: 9.768
-----------------------------------------------------------
Cache hit (1916) for mini_module_1756.mlir - runtime: 181.48000000000002
-----------------------------------------------------------
Cache hit (1926) for mini_module_1754.mlir - runtime: 10.104000000000001
-----------------------------------------------------------
Cache hit (1912) for mini_module_1752.mlir - runtime: 164.792
-----------------------------------------------------------
Cache hit (1910) for mini_module_1750.mlir - runtime: 64.584
-----------------------------------------------------------
Cache hit (1908) for mini_module_1748.mlir - runtime: 44.792
-----------------------------------------------------------
Cache hit (1906) for mini_module_1746.mlir - runtime: 11.984000000000002
-----------------------------------------------------------
Cache hit (1904) for mini_module_1744.mlir - runtime: 301.744
-----------------------------------------------------------
Cache hit (1902) for mini_module_1742.mlir - runtime: 11.080000000000002
-----------------------------------------------------------
Cache hit (1900) for mini_module_1740.mlir - runtime: 249.81600000000006
-----------------------------------------------------------
Cache hit (1902) for mini_module_1738.mlir - runtime: 11.080000000000002
-----------------------------------------------------------
Cache hit (1896) for mini_module_1736.mlir - runtime: 280.608
-----------------------------------------------------------
Cache hit (1926) for mini_module_1734.mlir - runtime: 10.104000000000001
-----------------------------------------------------------
Cache hit (1924) for mini_module_1732.mlir - runtime: 148.22400000000002
-----------------------------------------------------------
Cache hit (1926) for mini_module_1730.mlir - runtime: 10.104000000000001
-----------------------------------------------------------
Cache hit (1924) for mini_module_1728.mlir - runtime: 148.22400000000002
-----------------------------------------------------------
Cache hit (1918) for mini_module_1726.mlir - runtime: 9.768
-----------------------------------------------------------
Cache hit (1916) for mini_module_1724.mlir - runtime: 181.48000000000002
-----------------------------------------------------------
Cache hit (1926) for mini_module_1722.mlir - runtime: 10.104000000000001
-----------------------------------------------------------
Cache hit (1912) for mini_module_1720.mlir - runtime: 164.792
-----------------------------------------------------------
Cache hit (1910) for mini_module_1718.mlir - runtime: 64.584
-----------------------------------------------------------
Cache hit (1908) for mini_module_1716.mlir - runtime: 44.792
-----------------------------------------------------------
Cache hit (1906) for mini_module_1714.mlir - runtime: 11.984000000000002
-----------------------------------------------------------
Cache hit (1904) for mini_module_1712.mlir - runtime: 301.744
-----------------------------------------------------------
Cache hit (1902) for mini_module_1710.mlir - runtime: 11.080000000000002
-----------------------------------------------------------
Cache hit (1900) for mini_module_1708.mlir - runtime: 249.81600000000006
-----------------------------------------------------------
Cache hit (1902) for mini_module_1706.mlir - runtime: 11.080000000000002
-----------------------------------------------------------
Cache hit (1896) for mini_module_1704.mlir - runtime: 280.608
-----------------------------------------------------------
Cache hit (1926) for mini_module_1702.mlir - runtime: 10.104000000000001
-----------------------------------------------------------
Cache hit (1924) for mini_module_1700.mlir - runtime: 148.22400000000002
-----------------------------------------------------------
Cache hit (1926) for mini_module_1698.mlir - runtime: 10.104000000000001
-----------------------------------------------------------
Cache hit (1924) for mini_module_1696.mlir - runtime: 148.22400000000002
-----------------------------------------------------------
Cache hit (1918) for mini_module_1694.mlir - runtime: 9.768
-----------------------------------------------------------
Cache hit (1916) for mini_module_1692.mlir - runtime: 181.48000000000002
-----------------------------------------------------------
Cache hit (1926) for mini_module_1690.mlir - runtime: 10.104000000000001
-----------------------------------------------------------
Cache hit (1912) for mini_module_1688.mlir - runtime: 164.792
-----------------------------------------------------------
Cache hit (1910) for mini_module_1686.mlir - runtime: 64.584
-----------------------------------------------------------
Cache hit (1908) for mini_module_1684.mlir - runtime: 44.792
-----------------------------------------------------------
Cache hit (1906) for mini_module_1682.mlir - runtime: 11.984000000000002
-----------------------------------------------------------
Cache hit (1904) for mini_module_1680.mlir - runtime: 301.744
-----------------------------------------------------------
Cache hit (1902) for mini_module_1678.mlir - runtime: 11.080000000000002
-----------------------------------------------------------
Cache hit (1900) for mini_module_1676.mlir - runtime: 249.81600000000006
-----------------------------------------------------------
Cache hit (1902) for mini_module_1674.mlir - runtime: 11.080000000000002
-----------------------------------------------------------
Cache hit (1896) for mini_module_1672.mlir - runtime: 280.608
-----------------------------------------------------------
Cache hit (1926) for mini_module_1670.mlir - runtime: 10.104000000000001
-----------------------------------------------------------
Cache hit (1924) for mini_module_1668.mlir - runtime: 148.22400000000002
-----------------------------------------------------------
Cache hit (1926) for mini_module_1666.mlir - runtime: 10.104000000000001
-----------------------------------------------------------
Cache hit (1924) for mini_module_1664.mlir - runtime: 148.22400000000002
-----------------------------------------------------------
Cache hit (1918) for mini_module_1662.mlir - runtime: 9.768
-----------------------------------------------------------
Cache hit (1916) for mini_module_1660.mlir - runtime: 181.48000000000002
-----------------------------------------------------------
Cache hit (1926) for mini_module_1658.mlir - runtime: 10.104000000000001
-----------------------------------------------------------
Cache hit (1912) for mini_module_1656.mlir - runtime: 164.792
-----------------------------------------------------------
Cache hit (1910) for mini_module_1654.mlir - runtime: 64.584
-----------------------------------------------------------
Cache hit (1908) for mini_module_1652.mlir - runtime: 44.792
-----------------------------------------------------------
Cache hit (1906) for mini_module_1650.mlir - runtime: 11.984000000000002
-----------------------------------------------------------
Cache hit (1904) for mini_module_1648.mlir - runtime: 301.744
-----------------------------------------------------------
Cache hit (1902) for mini_module_1646.mlir - runtime: 11.080000000000002
-----------------------------------------------------------
Cache hit (1900) for mini_module_1644.mlir - runtime: 249.81600000000006
-----------------------------------------------------------
Cache hit (1902) for mini_module_1642.mlir - runtime: 11.080000000000002
-----------------------------------------------------------
Cache hit (1896) for mini_module_1640.mlir - runtime: 280.608
-----------------------------------------------------------
Cache hit (1926) for mini_module_1638.mlir - runtime: 10.104000000000001
-----------------------------------------------------------
Cache hit (1924) for mini_module_1636.mlir - runtime: 148.22400000000002
-----------------------------------------------------------
Cache hit (1926) for mini_module_1634.mlir - runtime: 10.104000000000001
-----------------------------------------------------------
Cache hit (1924) for mini_module_1632.mlir - runtime: 148.22400000000002
-----------------------------------------------------------
Cache hit (1918) for mini_module_1630.mlir - runtime: 9.768
-----------------------------------------------------------
Cache hit (1916) for mini_module_1628.mlir - runtime: 181.48000000000002
-----------------------------------------------------------
Cache hit (1926) for mini_module_1626.mlir - runtime: 10.104000000000001
-----------------------------------------------------------
Cache hit (1912) for mini_module_1624.mlir - runtime: 164.792
-----------------------------------------------------------
Cache hit (1910) for mini_module_1622.mlir - runtime: 64.584
-----------------------------------------------------------
Cache hit (1908) for mini_module_1620.mlir - runtime: 44.792
-----------------------------------------------------------
Cache hit (1906) for mini_module_1618.mlir - runtime: 11.984000000000002
-----------------------------------------------------------
Cache hit (1904) for mini_module_1616.mlir - runtime: 301.744
-----------------------------------------------------------
Cache hit (1902) for mini_module_1614.mlir - runtime: 11.080000000000002
-----------------------------------------------------------
Cache hit (1900) for mini_module_1612.mlir - runtime: 249.81600000000006
-----------------------------------------------------------
Cache hit (1902) for mini_module_1610.mlir - runtime: 11.080000000000002
-----------------------------------------------------------
Cache hit (1896) for mini_module_1608.mlir - runtime: 280.608
-----------------------------------------------------------
Cache hit (1926) for mini_module_1606.mlir - runtime: 10.104000000000001
-----------------------------------------------------------
Cache hit (1924) for mini_module_1604.mlir - runtime: 148.22400000000002
-----------------------------------------------------------
Cache hit (1926) for mini_module_1602.mlir - runtime: 10.104000000000001
-----------------------------------------------------------
Cache hit (1924) for mini_module_1600.mlir - runtime: 148.22400000000002
-----------------------------------------------------------
Cache hit (1918) for mini_module_1598.mlir - runtime: 9.768
-----------------------------------------------------------
Cache hit (1916) for mini_module_1596.mlir - runtime: 181.48000000000002
-----------------------------------------------------------
Cache hit (1926) for mini_module_1594.mlir - runtime: 10.104000000000001
-----------------------------------------------------------
Cache hit (1912) for mini_module_1592.mlir - runtime: 164.792
-----------------------------------------------------------
Cache hit (1910) for mini_module_1590.mlir - runtime: 64.584
-----------------------------------------------------------
Cache hit (1908) for mini_module_1588.mlir - runtime: 44.792
-----------------------------------------------------------
Cache hit (1906) for mini_module_1586.mlir - runtime: 11.984000000000002
-----------------------------------------------------------
Cache hit (1904) for mini_module_1584.mlir - runtime: 301.744
-----------------------------------------------------------
Cache hit (1902) for mini_module_1582.mlir - runtime: 11.080000000000002
-----------------------------------------------------------
Cache hit (1900) for mini_module_1580.mlir - runtime: 249.81600000000006
-----------------------------------------------------------
Cache hit (1902) for mini_module_1578.mlir - runtime: 11.080000000000002
-----------------------------------------------------------
Cache hit (1896) for mini_module_1576.mlir - runtime: 280.608
-----------------------------------------------------------
Cache hit (1926) for mini_module_1574.mlir - runtime: 10.104000000000001
-----------------------------------------------------------
Cache hit (1924) for mini_module_1572.mlir - runtime: 148.22400000000002
-----------------------------------------------------------
Cache hit (1926) for mini_module_1570.mlir - runtime: 10.104000000000001
-----------------------------------------------------------
Cache hit (1924) for mini_module_1568.mlir - runtime: 148.22400000000002
-----------------------------------------------------------
Cache hit (1918) for mini_module_1566.mlir - runtime: 9.768
-----------------------------------------------------------
Cache hit (1916) for mini_module_1564.mlir - runtime: 181.48000000000002
-----------------------------------------------------------
Cache hit (1926) for mini_module_1562.mlir - runtime: 10.104000000000001
-----------------------------------------------------------
Cache hit (1912) for mini_module_1560.mlir - runtime: 164.792
-----------------------------------------------------------
Cache hit (1910) for mini_module_1558.mlir - runtime: 64.584
-----------------------------------------------------------
Cache hit (1908) for mini_module_1556.mlir - runtime: 44.792
-----------------------------------------------------------
Cache hit (1906) for mini_module_1554.mlir - runtime: 11.984000000000002
-----------------------------------------------------------
Cache hit (1904) for mini_module_1552.mlir - runtime: 301.744
-----------------------------------------------------------
Cache hit (1902) for mini_module_1550.mlir - runtime: 11.080000000000002
-----------------------------------------------------------
Cache hit (1900) for mini_module_1548.mlir - runtime: 249.81600000000006
-----------------------------------------------------------
Cache hit (1902) for mini_module_1546.mlir - runtime: 11.080000000000002
-----------------------------------------------------------
Cache hit (1896) for mini_module_1544.mlir - runtime: 280.608
-----------------------------------------------------------
Cache hit (1926) for mini_module_1542.mlir - runtime: 10.104000000000001
-----------------------------------------------------------
Cache hit (1924) for mini_module_1540.mlir - runtime: 148.22400000000002
-----------------------------------------------------------
Cache hit (1926) for mini_module_1538.mlir - runtime: 10.104000000000001
-----------------------------------------------------------
Cache hit (1924) for mini_module_1536.mlir - runtime: 148.22400000000002
-----------------------------------------------------------
Cache hit (1918) for mini_module_1534.mlir - runtime: 9.768
-----------------------------------------------------------
Cache hit (1916) for mini_module_1532.mlir - runtime: 181.48000000000002
-----------------------------------------------------------
Cache hit (1926) for mini_module_1530.mlir - runtime: 10.104000000000001
-----------------------------------------------------------
Cache hit (1912) for mini_module_1528.mlir - runtime: 164.792
-----------------------------------------------------------
Cache hit (1910) for mini_module_1526.mlir - runtime: 64.584
-----------------------------------------------------------
Cache hit (1908) for mini_module_1524.mlir - runtime: 44.792
-----------------------------------------------------------
Cache hit (1906) for mini_module_1522.mlir - runtime: 11.984000000000002
-----------------------------------------------------------
Cache hit (1904) for mini_module_1520.mlir - runtime: 301.744
-----------------------------------------------------------
Cache hit (1902) for mini_module_1518.mlir - runtime: 11.080000000000002
-----------------------------------------------------------
Cache hit (1900) for mini_module_1516.mlir - runtime: 249.81600000000006
-----------------------------------------------------------
Cache hit (1902) for mini_module_1514.mlir - runtime: 11.080000000000002
-----------------------------------------------------------
Cache hit (1896) for mini_module_1512.mlir - runtime: 280.608
-----------------------------------------------------------
Cache hit (1926) for mini_module_1510.mlir - runtime: 10.104000000000001
-----------------------------------------------------------
Cache hit (1924) for mini_module_1508.mlir - runtime: 148.22400000000002
-----------------------------------------------------------
Cache hit (1926) for mini_module_1506.mlir - runtime: 10.104000000000001
-----------------------------------------------------------
Cache hit (1924) for mini_module_1504.mlir - runtime: 148.22400000000002
-----------------------------------------------------------
Cache hit (1918) for mini_module_1502.mlir - runtime: 9.768
-----------------------------------------------------------
Cache hit (1916) for mini_module_1500.mlir - runtime: 181.48000000000002
-----------------------------------------------------------
Cache hit (1926) for mini_module_1498.mlir - runtime: 10.104000000000001
-----------------------------------------------------------
Cache hit (1912) for mini_module_1496.mlir - runtime: 164.792
-----------------------------------------------------------
Cache hit (1910) for mini_module_1494.mlir - runtime: 64.584
-----------------------------------------------------------
Cache hit (1908) for mini_module_1492.mlir - runtime: 44.792
-----------------------------------------------------------
Cache hit (1906) for mini_module_1490.mlir - runtime: 11.984000000000002
-----------------------------------------------------------
Cache hit (1904) for mini_module_1488.mlir - runtime: 301.744
-----------------------------------------------------------
Cache hit (1902) for mini_module_1486.mlir - runtime: 11.080000000000002
-----------------------------------------------------------
Cache hit (1900) for mini_module_1484.mlir - runtime: 249.81600000000006
-----------------------------------------------------------
Cache hit (1902) for mini_module_1482.mlir - runtime: 11.080000000000002
-----------------------------------------------------------
Cache hit (1896) for mini_module_1480.mlir - runtime: 280.608
-----------------------------------------------------------
Cache hit (1926) for mini_module_1478.mlir - runtime: 10.104000000000001
-----------------------------------------------------------
Cache hit (1924) for mini_module_1476.mlir - runtime: 148.22400000000002
-----------------------------------------------------------
Cache hit (1926) for mini_module_1474.mlir - runtime: 10.104000000000001
-----------------------------------------------------------
Cache hit (1924) for mini_module_1472.mlir - runtime: 148.22400000000002
-----------------------------------------------------------
Cache hit (1918) for mini_module_1470.mlir - runtime: 9.768
-----------------------------------------------------------
Cache hit (1916) for mini_module_1468.mlir - runtime: 181.48000000000002
-----------------------------------------------------------
Cache hit (1926) for mini_module_1466.mlir - runtime: 10.104000000000001
-----------------------------------------------------------
Cache hit (1912) for mini_module_1464.mlir - runtime: 164.792
-----------------------------------------------------------
Cache hit (1910) for mini_module_1462.mlir - runtime: 64.584
-----------------------------------------------------------
Cache hit (1908) for mini_module_1460.mlir - runtime: 44.792
-----------------------------------------------------------
Cache hit (1906) for mini_module_1458.mlir - runtime: 11.984000000000002
-----------------------------------------------------------
Cache hit (1904) for mini_module_1456.mlir - runtime: 301.744
-----------------------------------------------------------
Cache hit (1902) for mini_module_1454.mlir - runtime: 11.080000000000002
-----------------------------------------------------------
Cache hit (1900) for mini_module_1452.mlir - runtime: 249.81600000000006
-----------------------------------------------------------
Cache hit (1902) for mini_module_1450.mlir - runtime: 11.080000000000002
-----------------------------------------------------------
Cache hit (1896) for mini_module_1448.mlir - runtime: 280.608
-----------------------------------------------------------
Cache hit (1926) for mini_module_1446.mlir - runtime: 10.104000000000001
-----------------------------------------------------------
Cache hit (1924) for mini_module_1444.mlir - runtime: 148.22400000000002
-----------------------------------------------------------
Cache hit (1926) for mini_module_1442.mlir - runtime: 10.104000000000001
-----------------------------------------------------------
Cache hit (1924) for mini_module_1440.mlir - runtime: 148.22400000000002
-----------------------------------------------------------
Cache hit (1918) for mini_module_1438.mlir - runtime: 9.768
-----------------------------------------------------------
Cache hit (1916) for mini_module_1436.mlir - runtime: 181.48000000000002
-----------------------------------------------------------
Cache hit (1926) for mini_module_1434.mlir - runtime: 10.104000000000001
-----------------------------------------------------------
Cache hit (1912) for mini_module_1432.mlir - runtime: 164.792
-----------------------------------------------------------
Cache hit (1910) for mini_module_1430.mlir - runtime: 64.584
-----------------------------------------------------------
Cache hit (1908) for mini_module_1428.mlir - runtime: 44.792
-----------------------------------------------------------
Cache hit (1906) for mini_module_1426.mlir - runtime: 11.984000000000002
-----------------------------------------------------------
Cache hit (1904) for mini_module_1424.mlir - runtime: 301.744
-----------------------------------------------------------
Cache hit (1902) for mini_module_1422.mlir - runtime: 11.080000000000002
-----------------------------------------------------------
Cache hit (1900) for mini_module_1420.mlir - runtime: 249.81600000000006
-----------------------------------------------------------
Cache hit (1902) for mini_module_1418.mlir - runtime: 11.080000000000002
-----------------------------------------------------------
Cache hit (1896) for mini_module_1416.mlir - runtime: 280.608
-----------------------------------------------------------
Cache hit (1926) for mini_module_1414.mlir - runtime: 10.104000000000001
-----------------------------------------------------------
Cache hit (1924) for mini_module_1412.mlir - runtime: 148.22400000000002
-----------------------------------------------------------
Cache hit (1926) for mini_module_1410.mlir - runtime: 10.104000000000001
-----------------------------------------------------------
Cache hit (1924) for mini_module_1408.mlir - runtime: 148.22400000000002
-----------------------------------------------------------
Cache hit (1918) for mini_module_1406.mlir - runtime: 9.768
-----------------------------------------------------------
Cache hit (1916) for mini_module_1404.mlir - runtime: 181.48000000000002
-----------------------------------------------------------
Cache hit (1926) for mini_module_1402.mlir - runtime: 10.104000000000001
-----------------------------------------------------------
Cache hit (1912) for mini_module_1400.mlir - runtime: 164.792
-----------------------------------------------------------
Cache hit (1910) for mini_module_1398.mlir - runtime: 64.584
-----------------------------------------------------------
Cache hit (1908) for mini_module_1396.mlir - runtime: 44.792
-----------------------------------------------------------
Cache hit (1906) for mini_module_1394.mlir - runtime: 11.984000000000002
-----------------------------------------------------------
Cache hit (1904) for mini_module_1392.mlir - runtime: 301.744
-----------------------------------------------------------
Cache hit (1902) for mini_module_1390.mlir - runtime: 11.080000000000002
-----------------------------------------------------------
Cache hit (1900) for mini_module_1388.mlir - runtime: 249.81600000000006
-----------------------------------------------------------
Cache hit (1902) for mini_module_1386.mlir - runtime: 11.080000000000002
-----------------------------------------------------------
Cache hit (1896) for mini_module_1384.mlir - runtime: 280.608
-----------------------------------------------------------
Cache hit (1926) for mini_module_1382.mlir - runtime: 10.104000000000001
-----------------------------------------------------------
Cache hit (1924) for mini_module_1380.mlir - runtime: 148.22400000000002
-----------------------------------------------------------
Cache hit (1926) for mini_module_1378.mlir - runtime: 10.104000000000001
-----------------------------------------------------------
Cache hit (1924) for mini_module_1376.mlir - runtime: 148.22400000000002
-----------------------------------------------------------
Cache hit (1918) for mini_module_1374.mlir - runtime: 9.768
-----------------------------------------------------------
Cache hit (1916) for mini_module_1372.mlir - runtime: 181.48000000000002
-----------------------------------------------------------
Cache hit (1926) for mini_module_1370.mlir - runtime: 10.104000000000001
-----------------------------------------------------------
Cache hit (1912) for mini_module_1368.mlir - runtime: 164.792
-----------------------------------------------------------
Cache hit (1910) for mini_module_1366.mlir - runtime: 64.584
-----------------------------------------------------------
Cache hit (1908) for mini_module_1364.mlir - runtime: 44.792
-----------------------------------------------------------
Cache hit (1906) for mini_module_1362.mlir - runtime: 11.984000000000002
-----------------------------------------------------------
Cache hit (1904) for mini_module_1360.mlir - runtime: 301.744
-----------------------------------------------------------
Cache hit (1902) for mini_module_1358.mlir - runtime: 11.080000000000002
-----------------------------------------------------------
Cache hit (1900) for mini_module_1356.mlir - runtime: 249.81600000000006
-----------------------------------------------------------
Cache hit (1902) for mini_module_1354.mlir - runtime: 11.080000000000002
-----------------------------------------------------------
Cache hit (1896) for mini_module_1352.mlir - runtime: 280.608
-----------------------------------------------------------
Cache hit (1926) for mini_module_1350.mlir - runtime: 10.104000000000001
-----------------------------------------------------------
Cache hit (1924) for mini_module_1348.mlir - runtime: 148.22400000000002
-----------------------------------------------------------
Cache hit (1926) for mini_module_1346.mlir - runtime: 10.104000000000001
-----------------------------------------------------------
Cache hit (1924) for mini_module_1344.mlir - runtime: 148.22400000000002
-----------------------------------------------------------
Cache hit (1918) for mini_module_1342.mlir - runtime: 9.768
-----------------------------------------------------------
Cache hit (1916) for mini_module_1340.mlir - runtime: 181.48000000000002
-----------------------------------------------------------
Cache hit (1926) for mini_module_1338.mlir - runtime: 10.104000000000001
-----------------------------------------------------------
Cache hit (1912) for mini_module_1336.mlir - runtime: 164.792
-----------------------------------------------------------
Cache hit (1910) for mini_module_1334.mlir - runtime: 64.584
-----------------------------------------------------------
Cache hit (1908) for mini_module_1332.mlir - runtime: 44.792
-----------------------------------------------------------
Cache hit (1906) for mini_module_1330.mlir - runtime: 11.984000000000002
-----------------------------------------------------------
Cache hit (1904) for mini_module_1328.mlir - runtime: 301.744
-----------------------------------------------------------
Cache hit (1902) for mini_module_1326.mlir - runtime: 11.080000000000002
-----------------------------------------------------------
Cache hit (1900) for mini_module_1324.mlir - runtime: 249.81600000000006
-----------------------------------------------------------
Cache hit (1902) for mini_module_1322.mlir - runtime: 11.080000000000002
-----------------------------------------------------------
Cache hit (1896) for mini_module_1320.mlir - runtime: 280.608
-----------------------------------------------------------
Cache hit (1926) for mini_module_1318.mlir - runtime: 10.104000000000001
-----------------------------------------------------------
Cache hit (1924) for mini_module_1316.mlir - runtime: 148.22400000000002
-----------------------------------------------------------
Cache hit (1926) for mini_module_1314.mlir - runtime: 10.104000000000001
-----------------------------------------------------------
Cache hit (1924) for mini_module_1312.mlir - runtime: 148.22400000000002
-----------------------------------------------------------
Cache hit (1918) for mini_module_1310.mlir - runtime: 9.768
-----------------------------------------------------------
Cache hit (1916) for mini_module_1308.mlir - runtime: 181.48000000000002
-----------------------------------------------------------
Cache hit (1926) for mini_module_1306.mlir - runtime: 10.104000000000001
-----------------------------------------------------------
Cache hit (1912) for mini_module_1304.mlir - runtime: 164.792
-----------------------------------------------------------
Cache hit (1910) for mini_module_1302.mlir - runtime: 64.584
-----------------------------------------------------------
Cache hit (1908) for mini_module_1300.mlir - runtime: 44.792
-----------------------------------------------------------
Cache hit (1906) for mini_module_1298.mlir - runtime: 11.984000000000002
-----------------------------------------------------------
Cache hit (1904) for mini_module_1296.mlir - runtime: 301.744
-----------------------------------------------------------
Cache hit (1902) for mini_module_1294.mlir - runtime: 11.080000000000002
-----------------------------------------------------------
Cache hit (1900) for mini_module_1292.mlir - runtime: 249.81600000000006
-----------------------------------------------------------
Cache hit (1902) for mini_module_1290.mlir - runtime: 11.080000000000002
-----------------------------------------------------------
Cache hit (1896) for mini_module_1288.mlir - runtime: 280.608
-----------------------------------------------------------
Cache hit (1926) for mini_module_1286.mlir - runtime: 10.104000000000001
-----------------------------------------------------------
Cache hit (1924) for mini_module_1284.mlir - runtime: 148.22400000000002
-----------------------------------------------------------
Cache hit (1926) for mini_module_1282.mlir - runtime: 10.104000000000001
-----------------------------------------------------------
Cache hit (1924) for mini_module_1280.mlir - runtime: 148.22400000000002
-----------------------------------------------------------
Cache hit (1918) for mini_module_1278.mlir - runtime: 9.768
-----------------------------------------------------------
Cache hit (1916) for mini_module_1276.mlir - runtime: 181.48000000000002
-----------------------------------------------------------
Cache hit (1926) for mini_module_1274.mlir - runtime: 10.104000000000001
-----------------------------------------------------------
Cache hit (1912) for mini_module_1272.mlir - runtime: 164.792
-----------------------------------------------------------
Cache hit (1910) for mini_module_1270.mlir - runtime: 64.584
-----------------------------------------------------------
Cache hit (1908) for mini_module_1268.mlir - runtime: 44.792
-----------------------------------------------------------
Cache hit (1906) for mini_module_1266.mlir - runtime: 11.984000000000002
-----------------------------------------------------------
Cache hit (1904) for mini_module_1264.mlir - runtime: 301.744
-----------------------------------------------------------
Cache hit (1902) for mini_module_1262.mlir - runtime: 11.080000000000002
-----------------------------------------------------------
Cache hit (1900) for mini_module_1260.mlir - runtime: 249.81600000000006
-----------------------------------------------------------
Cache hit (1902) for mini_module_1258.mlir - runtime: 11.080000000000002
-----------------------------------------------------------
Cache hit (1896) for mini_module_1256.mlir - runtime: 280.608
-----------------------------------------------------------
Cache hit (1926) for mini_module_1254.mlir - runtime: 10.104000000000001
-----------------------------------------------------------
Cache hit (1924) for mini_module_1252.mlir - runtime: 148.22400000000002
-----------------------------------------------------------
Cache hit (1926) for mini_module_1250.mlir - runtime: 10.104000000000001
-----------------------------------------------------------
Cache hit (1924) for mini_module_1248.mlir - runtime: 148.22400000000002
-----------------------------------------------------------
Cache hit (1918) for mini_module_1246.mlir - runtime: 9.768
-----------------------------------------------------------
Cache hit (1916) for mini_module_1244.mlir - runtime: 181.48000000000002
-----------------------------------------------------------
Cache hit (1926) for mini_module_1242.mlir - runtime: 10.104000000000001
-----------------------------------------------------------
Cache hit (1912) for mini_module_1240.mlir - runtime: 164.792
-----------------------------------------------------------
Cache hit (1910) for mini_module_1238.mlir - runtime: 64.584
-----------------------------------------------------------
Cache hit (1908) for mini_module_1236.mlir - runtime: 44.792
-----------------------------------------------------------
Cache hit (1906) for mini_module_1234.mlir - runtime: 11.984000000000002
-----------------------------------------------------------
Cache hit (1904) for mini_module_1232.mlir - runtime: 301.744
-----------------------------------------------------------
Cache hit (1902) for mini_module_1230.mlir - runtime: 11.080000000000002
-----------------------------------------------------------
Cache hit (1900) for mini_module_1228.mlir - runtime: 249.81600000000006
-----------------------------------------------------------
Cache hit (1902) for mini_module_1226.mlir - runtime: 11.080000000000002
-----------------------------------------------------------
Cache hit (1896) for mini_module_1224.mlir - runtime: 280.608
-----------------------------------------------------------
Cache hit (1926) for mini_module_1222.mlir - runtime: 10.104000000000001
-----------------------------------------------------------
Cache hit (1924) for mini_module_1220.mlir - runtime: 148.22400000000002
-----------------------------------------------------------
Cache hit (1926) for mini_module_1218.mlir - runtime: 10.104000000000001
-----------------------------------------------------------
Cache hit (1924) for mini_module_1216.mlir - runtime: 148.22400000000002
-----------------------------------------------------------
Cache hit (1918) for mini_module_1214.mlir - runtime: 9.768
-----------------------------------------------------------
Cache hit (1916) for mini_module_1212.mlir - runtime: 181.48000000000002
-----------------------------------------------------------
Cache hit (1926) for mini_module_1210.mlir - runtime: 10.104000000000001
-----------------------------------------------------------
Cache hit (1912) for mini_module_1208.mlir - runtime: 164.792
-----------------------------------------------------------
Cache hit (1910) for mini_module_1206.mlir - runtime: 64.584
-----------------------------------------------------------
Cache hit (1908) for mini_module_1204.mlir - runtime: 44.792
-----------------------------------------------------------
Cache hit (1906) for mini_module_1202.mlir - runtime: 11.984000000000002
-----------------------------------------------------------
Cache hit (1904) for mini_module_1200.mlir - runtime: 301.744
-----------------------------------------------------------
Cache hit (1902) for mini_module_1198.mlir - runtime: 11.080000000000002
-----------------------------------------------------------
Cache hit (1900) for mini_module_1196.mlir - runtime: 249.81600000000006
-----------------------------------------------------------
Cache hit (1902) for mini_module_1194.mlir - runtime: 11.080000000000002
-----------------------------------------------------------
Cache hit (1896) for mini_module_1192.mlir - runtime: 280.608
-----------------------------------------------------------
Cache hit (1926) for mini_module_1190.mlir - runtime: 10.104000000000001
-----------------------------------------------------------
Cache hit (1924) for mini_module_1188.mlir - runtime: 148.22400000000002
-----------------------------------------------------------
Cache hit (1926) for mini_module_1186.mlir - runtime: 10.104000000000001
-----------------------------------------------------------
Cache hit (1924) for mini_module_1184.mlir - runtime: 148.22400000000002
-----------------------------------------------------------
Cache hit (1918) for mini_module_1182.mlir - runtime: 9.768
-----------------------------------------------------------
Cache hit (1916) for mini_module_1180.mlir - runtime: 181.48000000000002
-----------------------------------------------------------
Cache hit (1926) for mini_module_1178.mlir - runtime: 10.104000000000001
-----------------------------------------------------------
Cache hit (1912) for mini_module_1176.mlir - runtime: 164.792
-----------------------------------------------------------
Cache hit (1910) for mini_module_1174.mlir - runtime: 64.584
-----------------------------------------------------------
Cache hit (1908) for mini_module_1172.mlir - runtime: 44.792
-----------------------------------------------------------
Cache hit (1906) for mini_module_1170.mlir - runtime: 11.984000000000002
-----------------------------------------------------------
Cache hit (1904) for mini_module_1168.mlir - runtime: 301.744
-----------------------------------------------------------
Cache hit (1902) for mini_module_1166.mlir - runtime: 11.080000000000002
-----------------------------------------------------------
Cache hit (1900) for mini_module_1164.mlir - runtime: 249.81600000000006
-----------------------------------------------------------
Cache hit (1902) for mini_module_1162.mlir - runtime: 11.080000000000002
-----------------------------------------------------------
Cache hit (1896) for mini_module_1160.mlir - runtime: 280.608
-----------------------------------------------------------
Cache hit (1926) for mini_module_1158.mlir - runtime: 10.104000000000001
-----------------------------------------------------------
Cache hit (1924) for mini_module_1156.mlir - runtime: 148.22400000000002
-----------------------------------------------------------
Cache hit (1926) for mini_module_1154.mlir - runtime: 10.104000000000001
-----------------------------------------------------------
Cache hit (1924) for mini_module_1152.mlir - runtime: 148.22400000000002
-----------------------------------------------------------
Cache hit (1918) for mini_module_1150.mlir - runtime: 9.768
-----------------------------------------------------------
Cache hit (1916) for mini_module_1148.mlir - runtime: 181.48000000000002
-----------------------------------------------------------
Cache hit (1926) for mini_module_1146.mlir - runtime: 10.104000000000001
-----------------------------------------------------------
Cache hit (1912) for mini_module_1144.mlir - runtime: 164.792
-----------------------------------------------------------
Cache hit (1910) for mini_module_1142.mlir - runtime: 64.584
-----------------------------------------------------------
Cache hit (1908) for mini_module_1140.mlir - runtime: 44.792
-----------------------------------------------------------
Cache hit (1906) for mini_module_1138.mlir - runtime: 11.984000000000002
-----------------------------------------------------------
Cache hit (1904) for mini_module_1136.mlir - runtime: 301.744
-----------------------------------------------------------
Cache hit (1902) for mini_module_1134.mlir - runtime: 11.080000000000002
-----------------------------------------------------------
Cache hit (1900) for mini_module_1132.mlir - runtime: 249.81600000000006
-----------------------------------------------------------
Cache hit (1902) for mini_module_1130.mlir - runtime: 11.080000000000002
-----------------------------------------------------------
Cache hit (1896) for mini_module_1128.mlir - runtime: 280.608
-----------------------------------------------------------
Cache hit (1926) for mini_module_1126.mlir - runtime: 10.104000000000001
-----------------------------------------------------------
Cache hit (1924) for mini_module_1124.mlir - runtime: 148.22400000000002
-----------------------------------------------------------
Cache hit (1926) for mini_module_1122.mlir - runtime: 10.104000000000001
-----------------------------------------------------------
Cache hit (1924) for mini_module_1120.mlir - runtime: 148.22400000000002
-----------------------------------------------------------
Cache hit (1918) for mini_module_1118.mlir - runtime: 9.768
-----------------------------------------------------------
Cache hit (1916) for mini_module_1116.mlir - runtime: 181.48000000000002
-----------------------------------------------------------
Cache hit (1926) for mini_module_1114.mlir - runtime: 10.104000000000001
-----------------------------------------------------------
Cache hit (1912) for mini_module_1112.mlir - runtime: 164.792
-----------------------------------------------------------
Cache hit (1910) for mini_module_1110.mlir - runtime: 64.584
-----------------------------------------------------------
Cache hit (1908) for mini_module_1108.mlir - runtime: 44.792
-----------------------------------------------------------
Cache hit (1906) for mini_module_1106.mlir - runtime: 11.984000000000002
-----------------------------------------------------------
Cache hit (1904) for mini_module_1104.mlir - runtime: 301.744
-----------------------------------------------------------
Cache hit (1902) for mini_module_1102.mlir - runtime: 11.080000000000002
-----------------------------------------------------------
Cache hit (1900) for mini_module_1100.mlir - runtime: 249.81600000000006
-----------------------------------------------------------
Cache hit (1902) for mini_module_1098.mlir - runtime: 11.080000000000002
-----------------------------------------------------------
Cache hit (1896) for mini_module_1096.mlir - runtime: 280.608
-----------------------------------------------------------
Cache hit (1926) for mini_module_1094.mlir - runtime: 10.104000000000001
-----------------------------------------------------------
Cache hit (1924) for mini_module_1092.mlir - runtime: 148.22400000000002
-----------------------------------------------------------
Cache hit (1926) for mini_module_1090.mlir - runtime: 10.104000000000001
-----------------------------------------------------------
Cache hit (1924) for mini_module_1088.mlir - runtime: 148.22400000000002
-----------------------------------------------------------
Cache hit (1918) for mini_module_1086.mlir - runtime: 9.768
-----------------------------------------------------------
Cache hit (1916) for mini_module_1084.mlir - runtime: 181.48000000000002
-----------------------------------------------------------
Cache hit (1926) for mini_module_1082.mlir - runtime: 10.104000000000001
-----------------------------------------------------------
Cache hit (1912) for mini_module_1080.mlir - runtime: 164.792
-----------------------------------------------------------
Cache hit (1910) for mini_module_1078.mlir - runtime: 64.584
-----------------------------------------------------------
Cache hit (1908) for mini_module_1076.mlir - runtime: 44.792
-----------------------------------------------------------
Cache hit (1906) for mini_module_1074.mlir - runtime: 11.984000000000002
-----------------------------------------------------------
Cache hit (1904) for mini_module_1072.mlir - runtime: 301.744
-----------------------------------------------------------
Cache hit (1902) for mini_module_1070.mlir - runtime: 11.080000000000002
-----------------------------------------------------------
Cache hit (1900) for mini_module_1068.mlir - runtime: 249.81600000000006
-----------------------------------------------------------
Cache hit (1902) for mini_module_1066.mlir - runtime: 11.080000000000002
-----------------------------------------------------------
Cache hit (1896) for mini_module_1064.mlir - runtime: 280.608
-----------------------------------------------------------
Cache hit (1926) for mini_module_1062.mlir - runtime: 10.104000000000001
-----------------------------------------------------------
Cache hit (1924) for mini_module_1060.mlir - runtime: 148.22400000000002
-----------------------------------------------------------
Cache hit (1926) for mini_module_1058.mlir - runtime: 10.104000000000001
-----------------------------------------------------------
Cache hit (1924) for mini_module_1056.mlir - runtime: 148.22400000000002
-----------------------------------------------------------
Cache hit (1918) for mini_module_1054.mlir - runtime: 9.768
-----------------------------------------------------------
Cache hit (1916) for mini_module_1052.mlir - runtime: 181.48000000000002
-----------------------------------------------------------
Cache hit (1926) for mini_module_1050.mlir - runtime: 10.104000000000001
-----------------------------------------------------------
Cache hit (1912) for mini_module_1048.mlir - runtime: 164.792
-----------------------------------------------------------
Cache hit (1910) for mini_module_1046.mlir - runtime: 64.584
-----------------------------------------------------------
Cache hit (1908) for mini_module_1044.mlir - runtime: 44.792
-----------------------------------------------------------
Cache hit (1906) for mini_module_1042.mlir - runtime: 11.984000000000002
-----------------------------------------------------------
Cache hit (1904) for mini_module_1040.mlir - runtime: 301.744
-----------------------------------------------------------
Cache hit (1902) for mini_module_1038.mlir - runtime: 11.080000000000002
-----------------------------------------------------------
Cache hit (1900) for mini_module_1036.mlir - runtime: 249.81600000000006
-----------------------------------------------------------
Cache hit (1902) for mini_module_1034.mlir - runtime: 11.080000000000002
-----------------------------------------------------------
Cache hit (1896) for mini_module_1032.mlir - runtime: 280.608
-----------------------------------------------------------
Cache hit (1926) for mini_module_1030.mlir - runtime: 10.104000000000001
-----------------------------------------------------------
Cache hit (1924) for mini_module_1028.mlir - runtime: 148.22400000000002
-----------------------------------------------------------
Cache hit (1926) for mini_module_1026.mlir - runtime: 10.104000000000001
-----------------------------------------------------------
Cache hit (1924) for mini_module_1024.mlir - runtime: 148.22400000000002
-----------------------------------------------------------
Cache hit (1918) for mini_module_1022.mlir - runtime: 9.768
-----------------------------------------------------------
Cache hit (1916) for mini_module_1020.mlir - runtime: 181.48000000000002
-----------------------------------------------------------
Cache hit (1926) for mini_module_1018.mlir - runtime: 10.104000000000001
-----------------------------------------------------------
Cache hit (1912) for mini_module_1016.mlir - runtime: 164.792
-----------------------------------------------------------
Cache hit (1910) for mini_module_1014.mlir - runtime: 64.584
-----------------------------------------------------------
Cache hit (1908) for mini_module_1012.mlir - runtime: 44.792
-----------------------------------------------------------
Cache hit (1906) for mini_module_1010.mlir - runtime: 11.984000000000002
-----------------------------------------------------------
Cache hit (1904) for mini_module_1008.mlir - runtime: 301.744
-----------------------------------------------------------
Cache hit (1902) for mini_module_1006.mlir - runtime: 11.080000000000002
-----------------------------------------------------------
Cache hit (1900) for mini_module_1004.mlir - runtime: 249.81600000000006
-----------------------------------------------------------
Cache hit (1902) for mini_module_1002.mlir - runtime: 11.080000000000002
-----------------------------------------------------------
Cache hit (1896) for mini_module_1000.mlir - runtime: 280.608
-----------------------------------------------------------
Cache hit (1926) for mini_module_998.mlir - runtime: 10.104000000000001
-----------------------------------------------------------
Cache hit (1924) for mini_module_996.mlir - runtime: 148.22400000000002
-----------------------------------------------------------
Cache hit (1926) for mini_module_994.mlir - runtime: 10.104000000000001
-----------------------------------------------------------
Cache hit (1924) for mini_module_992.mlir - runtime: 148.22400000000002
-----------------------------------------------------------
Cache hit (1918) for mini_module_990.mlir - runtime: 9.768
-----------------------------------------------------------
Cache hit (1916) for mini_module_988.mlir - runtime: 181.48000000000002
-----------------------------------------------------------
Cache hit (1926) for mini_module_986.mlir - runtime: 10.104000000000001
-----------------------------------------------------------
Cache hit (1912) for mini_module_984.mlir - runtime: 164.792
-----------------------------------------------------------
Cache hit (1910) for mini_module_982.mlir - runtime: 64.584
-----------------------------------------------------------
Cache hit (1908) for mini_module_980.mlir - runtime: 44.792
-----------------------------------------------------------
Cache hit (1906) for mini_module_978.mlir - runtime: 11.984000000000002
-----------------------------------------------------------
Cache hit (1904) for mini_module_976.mlir - runtime: 301.744
-----------------------------------------------------------
Cache hit (1902) for mini_module_974.mlir - runtime: 11.080000000000002
-----------------------------------------------------------
Cache hit (1900) for mini_module_972.mlir - runtime: 249.81600000000006
-----------------------------------------------------------
Cache hit (1902) for mini_module_970.mlir - runtime: 11.080000000000002
-----------------------------------------------------------
Cache hit (1896) for mini_module_968.mlir - runtime: 280.608
-----------------------------------------------------------
Cache hit (1926) for mini_module_966.mlir - runtime: 10.104000000000001
-----------------------------------------------------------
Cache hit (1924) for mini_module_964.mlir - runtime: 148.22400000000002
-----------------------------------------------------------
Cache hit (1926) for mini_module_962.mlir - runtime: 10.104000000000001
-----------------------------------------------------------
Cache hit (1924) for mini_module_960.mlir - runtime: 148.22400000000002
-----------------------------------------------------------
Cache hit (1918) for mini_module_958.mlir - runtime: 9.768
-----------------------------------------------------------
Cache hit (1916) for mini_module_956.mlir - runtime: 181.48000000000002
-----------------------------------------------------------
Cache hit (1926) for mini_module_954.mlir - runtime: 10.104000000000001
-----------------------------------------------------------
Cache hit (1912) for mini_module_952.mlir - runtime: 164.792
-----------------------------------------------------------
Cache hit (1910) for mini_module_950.mlir - runtime: 64.584
-----------------------------------------------------------
Cache hit (1908) for mini_module_948.mlir - runtime: 44.792
-----------------------------------------------------------
Cache hit (1906) for mini_module_946.mlir - runtime: 11.984000000000002
-----------------------------------------------------------
Cache hit (1904) for mini_module_944.mlir - runtime: 301.744
-----------------------------------------------------------
Cache hit (1902) for mini_module_942.mlir - runtime: 11.080000000000002
-----------------------------------------------------------
Cache hit (1900) for mini_module_940.mlir - runtime: 249.81600000000006
-----------------------------------------------------------
Cache hit (1902) for mini_module_938.mlir - runtime: 11.080000000000002
-----------------------------------------------------------
Cache hit (1896) for mini_module_936.mlir - runtime: 280.608
-----------------------------------------------------------
Cache hit (1926) for mini_module_934.mlir - runtime: 10.104000000000001
-----------------------------------------------------------
Cache hit (1924) for mini_module_932.mlir - runtime: 148.22400000000002
-----------------------------------------------------------
Cache hit (1926) for mini_module_930.mlir - runtime: 10.104000000000001
-----------------------------------------------------------
Cache hit (1924) for mini_module_928.mlir - runtime: 148.22400000000002
-----------------------------------------------------------
Cache hit (1918) for mini_module_926.mlir - runtime: 9.768
-----------------------------------------------------------
Cache hit (1916) for mini_module_924.mlir - runtime: 181.48000000000002
-----------------------------------------------------------
Cache hit (1926) for mini_module_922.mlir - runtime: 10.104000000000001
-----------------------------------------------------------
Translating MLIR to HLO:
xla-translate --stablehlo-to-hlo-text -o /storage/ice1/5/1/cman8/shared/hespas_workload/output/llama3/3b_4h200/mini_module_920.hlo output/llama3/3b_4h200/mini_module_920.mlir
hlo_runner_main --num_repeats=5 --profile_execution=true --hlo_argument_mode=uninitialized /storage/ice1/5/1/cman8/shared/hespas_workload/output/llama3/3b_4h200/mini_module_920.hlo
------------------------------------------------
Runtime estimate for mini_module_920.mlir - runtime: 162.56000000000003
-----------------------------------------------------------
Translating MLIR to HLO:
xla-translate --stablehlo-to-hlo-text -o /storage/ice1/5/1/cman8/shared/hespas_workload/output/llama3/3b_4h200/mini_module_918.hlo output/llama3/3b_4h200/mini_module_918.mlir
hlo_runner_main --num_repeats=5 --profile_execution=true --hlo_argument_mode=uninitialized /storage/ice1/5/1/cman8/shared/hespas_workload/output/llama3/3b_4h200/mini_module_918.hlo
------------------------------------------------
Runtime estimate for mini_module_918.mlir - runtime: 195.68
-----------------------------------------------------------
Translating MLIR to HLO:
xla-translate --stablehlo-to-hlo-text -o /storage/ice1/5/1/cman8/shared/hespas_workload/output/llama3/3b_4h200/mini_module_916.hlo output/llama3/3b_4h200/mini_module_916.mlir
hlo_runner_main --num_repeats=5 --profile_execution=true --hlo_argument_mode=uninitialized /storage/ice1/5/1/cman8/shared/hespas_workload/output/llama3/3b_4h200/mini_module_916.hlo
------------------------------------------------
Runtime estimate for mini_module_916.mlir - runtime: 546.528
-----------------------------------------------------------
Translating MLIR to HLO:
xla-translate --stablehlo-to-hlo-text -o /storage/ice1/5/1/cman8/shared/hespas_workload/output/llama3/3b_4h200/mini_module_914.hlo output/llama3/3b_4h200/mini_module_914.mlir
hlo_runner_main --num_repeats=5 --profile_execution=true --hlo_argument_mode=uninitialized /storage/ice1/5/1/cman8/shared/hespas_workload/output/llama3/3b_4h200/mini_module_914.hlo
------------------------------------------------
Runtime estimate for mini_module_914.mlir - runtime: 4635.0157500000005
-----------------------------------------------------------
Translating MLIR to HLO:
xla-translate --stablehlo-to-hlo-text -o /storage/ice1/5/1/cman8/shared/hespas_workload/output/llama3/3b_4h200/mini_module_912.hlo output/llama3/3b_4h200/mini_module_912.mlir
hlo_runner_main --num_repeats=5 --profile_execution=true --hlo_argument_mode=uninitialized /storage/ice1/5/1/cman8/shared/hespas_workload/output/llama3/3b_4h200/mini_module_912.hlo
------------------------------------------------
Runtime estimate for mini_module_912.mlir - runtime: 4110.264
-----------------------------------------------------------
Translating MLIR to HLO:
xla-translate --stablehlo-to-hlo-text -o /storage/ice1/5/1/cman8/shared/hespas_workload/output/llama3/3b_4h200/mini_module_910.hlo output/llama3/3b_4h200/mini_module_910.mlir
hlo_runner_main --num_repeats=5 --profile_execution=true --hlo_argument_mode=uninitialized /storage/ice1/5/1/cman8/shared/hespas_workload/output/llama3/3b_4h200/mini_module_910.hlo
------------------------------------------------
Runtime estimate for mini_module_910.mlir - runtime: 96.68
-----------------------------------------------------------
Translating MLIR to HLO:
xla-translate --stablehlo-to-hlo-text -o /storage/ice1/5/1/cman8/shared/hespas_workload/output/llama3/3b_4h200/mini_module_908.hlo output/llama3/3b_4h200/mini_module_908.mlir
hlo_runner_main --num_repeats=5 --profile_execution=true --hlo_argument_mode=uninitialized /storage/ice1/5/1/cman8/shared/hespas_workload/output/llama3/3b_4h200/mini_module_908.hlo
------------------------------------------------
Runtime estimate for mini_module_908.mlir - runtime: 294.704
-----------------------------------------------------------
Translating MLIR to HLO:
xla-translate --stablehlo-to-hlo-text -o /storage/ice1/5/1/cman8/shared/hespas_workload/output/llama3/3b_4h200/mini_module_906.hlo output/llama3/3b_4h200/mini_module_906.mlir
hlo_runner_main --num_repeats=5 --profile_execution=true --hlo_argument_mode=uninitialized /storage/ice1/5/1/cman8/shared/hespas_workload/output/llama3/3b_4h200/mini_module_906.hlo
------------------------------------------------
Runtime estimate for mini_module_906.mlir - runtime: 242.68800000000002
-----------------------------------------------------------
Cache hit (3297) for mini_module_904.mlir - runtime: 5.5760000000000005
-----------------------------------------------------------
Cache hit (1906) for mini_module_902.mlir - runtime: 11.984000000000002
-----------------------------------------------------------
Cache hit (1904) for mini_module_900.mlir - runtime: 301.744
-----------------------------------------------------------
Cache hit (1902) for mini_module_898.mlir - runtime: 11.080000000000002
-----------------------------------------------------------
Translating MLIR to HLO:
xla-translate --stablehlo-to-hlo-text -o /storage/ice1/5/1/cman8/shared/hespas_workload/output/llama3/3b_4h200/mini_module_896.hlo output/llama3/3b_4h200/mini_module_896.mlir
hlo_runner_main --num_repeats=5 --profile_execution=true --hlo_argument_mode=uninitialized /storage/ice1/5/1/cman8/shared/hespas_workload/output/llama3/3b_4h200/mini_module_896.hlo
------------------------------------------------
Runtime estimate for mini_module_896.mlir - runtime: 314.6960000000001
-----------------------------------------------------------
Translating MLIR to HLO:
xla-translate --stablehlo-to-hlo-text -o /storage/ice1/5/1/cman8/shared/hespas_workload/output/llama3/3b_4h200/mini_module_894.hlo output/llama3/3b_4h200/mini_module_894.mlir
hlo_runner_main --num_repeats=5 --profile_execution=true --hlo_argument_mode=uninitialized /storage/ice1/5/1/cman8/shared/hespas_workload/output/llama3/3b_4h200/mini_module_894.hlo
------------------------------------------------
Runtime estimate for mini_module_894.mlir - runtime: 12.528000000000002
-----------------------------------------------------------
Translating MLIR to HLO:
xla-translate --stablehlo-to-hlo-text -o /storage/ice1/5/1/cman8/shared/hespas_workload/output/llama3/3b_4h200/mini_module_892.hlo output/llama3/3b_4h200/mini_module_892.mlir
hlo_runner_main --num_repeats=5 --profile_execution=true --hlo_argument_mode=uninitialized /storage/ice1/5/1/cman8/shared/hespas_workload/output/llama3/3b_4h200/mini_module_892.hlo
------------------------------------------------
Runtime estimate for mini_module_892.mlir - runtime: 596.3439999999999
-----------------------------------------------------------
Translating MLIR to HLO:
xla-translate --stablehlo-to-hlo-text -o /storage/ice1/5/1/cman8/shared/hespas_workload/output/llama3/3b_4h200/mini_module_890.hlo output/llama3/3b_4h200/mini_module_890.mlir
hlo_runner_main --num_repeats=5 --profile_execution=true --hlo_argument_mode=uninitialized /storage/ice1/5/1/cman8/shared/hespas_workload/output/llama3/3b_4h200/mini_module_890.hlo
------------------------------------------------
Runtime estimate for mini_module_890.mlir - runtime: 412.672
-----------------------------------------------------------
Cache hit (916) for mini_module_888.mlir - runtime: 546.528
-----------------------------------------------------------
Cache hit (914) for mini_module_886.mlir - runtime: 4635.0157500000005
-----------------------------------------------------------
Cache hit (912) for mini_module_884.mlir - runtime: 4110.264
-----------------------------------------------------------
Translating MLIR to HLO:
xla-translate --stablehlo-to-hlo-text -o /storage/ice1/5/1/cman8/shared/hespas_workload/output/llama3/3b_4h200/mini_module_882.hlo output/llama3/3b_4h200/mini_module_882.mlir
hlo_runner_main --num_repeats=5 --profile_execution=true --hlo_argument_mode=uninitialized /storage/ice1/5/1/cman8/shared/hespas_workload/output/llama3/3b_4h200/mini_module_882.hlo
------------------------------------------------
Runtime estimate for mini_module_882.mlir - runtime: 301.552
-----------------------------------------------------------
Translating MLIR to HLO:
xla-translate --stablehlo-to-hlo-text -o /storage/ice1/5/1/cman8/shared/hespas_workload/output/llama3/3b_4h200/mini_module_880.hlo output/llama3/3b_4h200/mini_module_880.mlir
hlo_runner_main --num_repeats=5 --profile_execution=true --hlo_argument_mode=uninitialized /storage/ice1/5/1/cman8/shared/hespas_workload/output/llama3/3b_4h200/mini_module_880.hlo
------------------------------------------------
Runtime estimate for mini_module_880.mlir - runtime: 347.68800000000005
-----------------------------------------------------------
Translating MLIR to HLO:
xla-translate --stablehlo-to-hlo-text -o /storage/ice1/5/1/cman8/shared/hespas_workload/output/llama3/3b_4h200/mini_module_878.hlo output/llama3/3b_4h200/mini_module_878.mlir
hlo_runner_main --num_repeats=5 --profile_execution=true --hlo_argument_mode=uninitialized /storage/ice1/5/1/cman8/shared/hespas_workload/output/llama3/3b_4h200/mini_module_878.hlo
------------------------------------------------
Runtime estimate for mini_module_878.mlir - runtime: 292.184
-----------------------------------------------------------
Translating MLIR to HLO:
xla-translate --stablehlo-to-hlo-text -o /storage/ice1/5/1/cman8/shared/hespas_workload/output/llama3/3b_4h200/mini_module_876.hlo output/llama3/3b_4h200/mini_module_876.mlir
hlo_runner_main --num_repeats=5 --profile_execution=true --hlo_argument_mode=uninitialized /storage/ice1/5/1/cman8/shared/hespas_workload/output/llama3/3b_4h200/mini_module_876.hlo
------------------------------------------------
Runtime estimate for mini_module_876.mlir - runtime: 425.32800000000003
-----------------------------------------------------------
Cache hit (916) for mini_module_874.mlir - runtime: 546.528
-----------------------------------------------------------
Cache hit (914) for mini_module_872.mlir - runtime: 4635.0157500000005
-----------------------------------------------------------
Cache hit (912) for mini_module_870.mlir - runtime: 4110.264
-----------------------------------------------------------
Cache hit (882) for mini_module_868.mlir - runtime: 301.552
-----------------------------------------------------------
Cache hit (880) for mini_module_866.mlir - runtime: 347.68800000000005
-----------------------------------------------------------
Cache hit (878) for mini_module_864.mlir - runtime: 292.184
-----------------------------------------------------------
Cache hit (876) for mini_module_862.mlir - runtime: 425.32800000000003
-----------------------------------------------------------
Cache hit (916) for mini_module_860.mlir - runtime: 546.528
-----------------------------------------------------------
Cache hit (914) for mini_module_858.mlir - runtime: 4635.0157500000005
-----------------------------------------------------------
Cache hit (912) for mini_module_856.mlir - runtime: 4110.264
-----------------------------------------------------------
Cache hit (882) for mini_module_854.mlir - runtime: 301.552
-----------------------------------------------------------
Cache hit (880) for mini_module_852.mlir - runtime: 347.68800000000005
-----------------------------------------------------------
Cache hit (878) for mini_module_850.mlir - runtime: 292.184
-----------------------------------------------------------
Cache hit (876) for mini_module_848.mlir - runtime: 425.32800000000003
-----------------------------------------------------------
Cache hit (916) for mini_module_846.mlir - runtime: 546.528
-----------------------------------------------------------
Cache hit (914) for mini_module_844.mlir - runtime: 4635.0157500000005
-----------------------------------------------------------
Cache hit (912) for mini_module_842.mlir - runtime: 4110.264
-----------------------------------------------------------
Cache hit (882) for mini_module_840.mlir - runtime: 301.552
-----------------------------------------------------------
Cache hit (880) for mini_module_838.mlir - runtime: 347.68800000000005
-----------------------------------------------------------
Cache hit (878) for mini_module_836.mlir - runtime: 292.184
-----------------------------------------------------------
Cache hit (876) for mini_module_834.mlir - runtime: 425.32800000000003
-----------------------------------------------------------
Cache hit (916) for mini_module_832.mlir - runtime: 546.528
-----------------------------------------------------------
Cache hit (914) for mini_module_830.mlir - runtime: 4635.0157500000005
-----------------------------------------------------------
Cache hit (912) for mini_module_828.mlir - runtime: 4110.264
-----------------------------------------------------------
Cache hit (882) for mini_module_826.mlir - runtime: 301.552
-----------------------------------------------------------
Cache hit (880) for mini_module_824.mlir - runtime: 347.68800000000005
-----------------------------------------------------------
Cache hit (878) for mini_module_822.mlir - runtime: 292.184
-----------------------------------------------------------
Cache hit (876) for mini_module_820.mlir - runtime: 425.32800000000003
-----------------------------------------------------------
Cache hit (916) for mini_module_818.mlir - runtime: 546.528
-----------------------------------------------------------
Cache hit (914) for mini_module_816.mlir - runtime: 4635.0157500000005
-----------------------------------------------------------
Cache hit (912) for mini_module_814.mlir - runtime: 4110.264
-----------------------------------------------------------
Cache hit (882) for mini_module_812.mlir - runtime: 301.552
-----------------------------------------------------------
Cache hit (880) for mini_module_810.mlir - runtime: 347.68800000000005
-----------------------------------------------------------
Cache hit (878) for mini_module_808.mlir - runtime: 292.184
-----------------------------------------------------------
Cache hit (876) for mini_module_806.mlir - runtime: 425.32800000000003
-----------------------------------------------------------
Cache hit (916) for mini_module_804.mlir - runtime: 546.528
-----------------------------------------------------------
Cache hit (914) for mini_module_802.mlir - runtime: 4635.0157500000005
-----------------------------------------------------------
Cache hit (912) for mini_module_800.mlir - runtime: 4110.264
-----------------------------------------------------------
Cache hit (882) for mini_module_798.mlir - runtime: 301.552
-----------------------------------------------------------
Cache hit (880) for mini_module_796.mlir - runtime: 347.68800000000005
-----------------------------------------------------------
Cache hit (878) for mini_module_794.mlir - runtime: 292.184
-----------------------------------------------------------
Cache hit (876) for mini_module_792.mlir - runtime: 425.32800000000003
-----------------------------------------------------------
Cache hit (916) for mini_module_790.mlir - runtime: 546.528
-----------------------------------------------------------
Cache hit (914) for mini_module_788.mlir - runtime: 4635.0157500000005
-----------------------------------------------------------
Cache hit (912) for mini_module_786.mlir - runtime: 4110.264
-----------------------------------------------------------
Cache hit (882) for mini_module_784.mlir - runtime: 301.552
-----------------------------------------------------------
Cache hit (880) for mini_module_782.mlir - runtime: 347.68800000000005
-----------------------------------------------------------
Cache hit (878) for mini_module_780.mlir - runtime: 292.184
-----------------------------------------------------------
Cache hit (876) for mini_module_778.mlir - runtime: 425.32800000000003
-----------------------------------------------------------
Cache hit (916) for mini_module_776.mlir - runtime: 546.528
-----------------------------------------------------------
Cache hit (914) for mini_module_774.mlir - runtime: 4635.0157500000005
-----------------------------------------------------------
Cache hit (912) for mini_module_772.mlir - runtime: 4110.264
-----------------------------------------------------------
Cache hit (882) for mini_module_770.mlir - runtime: 301.552
-----------------------------------------------------------
Cache hit (880) for mini_module_768.mlir - runtime: 347.68800000000005
-----------------------------------------------------------
Cache hit (878) for mini_module_766.mlir - runtime: 292.184
-----------------------------------------------------------
Cache hit (876) for mini_module_764.mlir - runtime: 425.32800000000003
-----------------------------------------------------------
Cache hit (916) for mini_module_762.mlir - runtime: 546.528
-----------------------------------------------------------
Cache hit (914) for mini_module_760.mlir - runtime: 4635.0157500000005
-----------------------------------------------------------
Cache hit (912) for mini_module_758.mlir - runtime: 4110.264
-----------------------------------------------------------
Cache hit (882) for mini_module_756.mlir - runtime: 301.552
-----------------------------------------------------------
Cache hit (880) for mini_module_754.mlir - runtime: 347.68800000000005
-----------------------------------------------------------
Cache hit (878) for mini_module_752.mlir - runtime: 292.184
-----------------------------------------------------------
Cache hit (876) for mini_module_750.mlir - runtime: 425.32800000000003
-----------------------------------------------------------
Cache hit (916) for mini_module_748.mlir - runtime: 546.528
-----------------------------------------------------------
Cache hit (914) for mini_module_746.mlir - runtime: 4635.0157500000005
-----------------------------------------------------------
Cache hit (912) for mini_module_744.mlir - runtime: 4110.264
-----------------------------------------------------------
Cache hit (882) for mini_module_742.mlir - runtime: 301.552
-----------------------------------------------------------
Cache hit (880) for mini_module_740.mlir - runtime: 347.68800000000005
-----------------------------------------------------------
Cache hit (878) for mini_module_738.mlir - runtime: 292.184
-----------------------------------------------------------
Cache hit (876) for mini_module_736.mlir - runtime: 425.32800000000003
-----------------------------------------------------------
Cache hit (916) for mini_module_734.mlir - runtime: 546.528
-----------------------------------------------------------
Cache hit (914) for mini_module_732.mlir - runtime: 4635.0157500000005
-----------------------------------------------------------
Cache hit (912) for mini_module_730.mlir - runtime: 4110.264
-----------------------------------------------------------
Cache hit (882) for mini_module_728.mlir - runtime: 301.552
-----------------------------------------------------------
Cache hit (880) for mini_module_726.mlir - runtime: 347.68800000000005
-----------------------------------------------------------
Cache hit (878) for mini_module_724.mlir - runtime: 292.184
-----------------------------------------------------------
Cache hit (876) for mini_module_722.mlir - runtime: 425.32800000000003
-----------------------------------------------------------
Cache hit (916) for mini_module_720.mlir - runtime: 546.528
-----------------------------------------------------------
Cache hit (914) for mini_module_718.mlir - runtime: 4635.0157500000005
-----------------------------------------------------------
Cache hit (912) for mini_module_716.mlir - runtime: 4110.264
-----------------------------------------------------------
Cache hit (882) for mini_module_714.mlir - runtime: 301.552
-----------------------------------------------------------
Cache hit (880) for mini_module_712.mlir - runtime: 347.68800000000005
-----------------------------------------------------------
Cache hit (878) for mini_module_710.mlir - runtime: 292.184
-----------------------------------------------------------
Cache hit (876) for mini_module_708.mlir - runtime: 425.32800000000003
-----------------------------------------------------------
Cache hit (916) for mini_module_706.mlir - runtime: 546.528
-----------------------------------------------------------
Cache hit (914) for mini_module_704.mlir - runtime: 4635.0157500000005
-----------------------------------------------------------
Cache hit (912) for mini_module_702.mlir - runtime: 4110.264
-----------------------------------------------------------
Cache hit (882) for mini_module_700.mlir - runtime: 301.552
-----------------------------------------------------------
Cache hit (880) for mini_module_698.mlir - runtime: 347.68800000000005
-----------------------------------------------------------
Cache hit (878) for mini_module_696.mlir - runtime: 292.184
-----------------------------------------------------------
Cache hit (876) for mini_module_694.mlir - runtime: 425.32800000000003
-----------------------------------------------------------
Cache hit (916) for mini_module_692.mlir - runtime: 546.528
-----------------------------------------------------------
Cache hit (914) for mini_module_690.mlir - runtime: 4635.0157500000005
-----------------------------------------------------------
Cache hit (912) for mini_module_688.mlir - runtime: 4110.264
-----------------------------------------------------------
Cache hit (882) for mini_module_686.mlir - runtime: 301.552
-----------------------------------------------------------
Cache hit (880) for mini_module_684.mlir - runtime: 347.68800000000005
-----------------------------------------------------------
Cache hit (878) for mini_module_682.mlir - runtime: 292.184
-----------------------------------------------------------
Cache hit (876) for mini_module_680.mlir - runtime: 425.32800000000003
-----------------------------------------------------------
Cache hit (916) for mini_module_678.mlir - runtime: 546.528
-----------------------------------------------------------
Cache hit (914) for mini_module_676.mlir - runtime: 4635.0157500000005
-----------------------------------------------------------
Cache hit (912) for mini_module_674.mlir - runtime: 4110.264
-----------------------------------------------------------
Cache hit (882) for mini_module_672.mlir - runtime: 301.552
-----------------------------------------------------------
Cache hit (880) for mini_module_670.mlir - runtime: 347.68800000000005
-----------------------------------------------------------
Cache hit (878) for mini_module_668.mlir - runtime: 292.184
-----------------------------------------------------------
Cache hit (876) for mini_module_666.mlir - runtime: 425.32800000000003
-----------------------------------------------------------
Cache hit (916) for mini_module_664.mlir - runtime: 546.528
-----------------------------------------------------------
Cache hit (914) for mini_module_662.mlir - runtime: 4635.0157500000005
-----------------------------------------------------------
Cache hit (912) for mini_module_660.mlir - runtime: 4110.264
-----------------------------------------------------------
Cache hit (882) for mini_module_658.mlir - runtime: 301.552
-----------------------------------------------------------
Cache hit (880) for mini_module_656.mlir - runtime: 347.68800000000005
-----------------------------------------------------------
Cache hit (878) for mini_module_654.mlir - runtime: 292.184
-----------------------------------------------------------
Cache hit (876) for mini_module_652.mlir - runtime: 425.32800000000003
-----------------------------------------------------------
Cache hit (916) for mini_module_650.mlir - runtime: 546.528
-----------------------------------------------------------
Cache hit (914) for mini_module_648.mlir - runtime: 4635.0157500000005
-----------------------------------------------------------
Cache hit (912) for mini_module_646.mlir - runtime: 4110.264
-----------------------------------------------------------
Cache hit (882) for mini_module_644.mlir - runtime: 301.552
-----------------------------------------------------------
Cache hit (880) for mini_module_642.mlir - runtime: 347.68800000000005
-----------------------------------------------------------
Cache hit (878) for mini_module_640.mlir - runtime: 292.184
-----------------------------------------------------------
Cache hit (876) for mini_module_638.mlir - runtime: 425.32800000000003
-----------------------------------------------------------
Cache hit (916) for mini_module_636.mlir - runtime: 546.528
-----------------------------------------------------------
Cache hit (914) for mini_module_634.mlir - runtime: 4635.0157500000005
-----------------------------------------------------------
Cache hit (912) for mini_module_632.mlir - runtime: 4110.264
-----------------------------------------------------------
Cache hit (882) for mini_module_630.mlir - runtime: 301.552
-----------------------------------------------------------
Cache hit (880) for mini_module_628.mlir - runtime: 347.68800000000005
-----------------------------------------------------------
Cache hit (878) for mini_module_626.mlir - runtime: 292.184
-----------------------------------------------------------
Cache hit (876) for mini_module_624.mlir - runtime: 425.32800000000003
-----------------------------------------------------------
Cache hit (916) for mini_module_622.mlir - runtime: 546.528
-----------------------------------------------------------
Cache hit (914) for mini_module_620.mlir - runtime: 4635.0157500000005
-----------------------------------------------------------
Cache hit (912) for mini_module_618.mlir - runtime: 4110.264
-----------------------------------------------------------
Cache hit (882) for mini_module_616.mlir - runtime: 301.552
-----------------------------------------------------------
Cache hit (880) for mini_module_614.mlir - runtime: 347.68800000000005
-----------------------------------------------------------
Cache hit (878) for mini_module_612.mlir - runtime: 292.184
-----------------------------------------------------------
Cache hit (876) for mini_module_610.mlir - runtime: 425.32800000000003
-----------------------------------------------------------
Cache hit (916) for mini_module_608.mlir - runtime: 546.528
-----------------------------------------------------------
Cache hit (914) for mini_module_606.mlir - runtime: 4635.0157500000005
-----------------------------------------------------------
Cache hit (912) for mini_module_604.mlir - runtime: 4110.264
-----------------------------------------------------------
Cache hit (882) for mini_module_602.mlir - runtime: 301.552
-----------------------------------------------------------
Cache hit (880) for mini_module_600.mlir - runtime: 347.68800000000005
-----------------------------------------------------------
Cache hit (878) for mini_module_598.mlir - runtime: 292.184
-----------------------------------------------------------
Cache hit (876) for mini_module_596.mlir - runtime: 425.32800000000003
-----------------------------------------------------------
Cache hit (916) for mini_module_594.mlir - runtime: 546.528
-----------------------------------------------------------
Cache hit (914) for mini_module_592.mlir - runtime: 4635.0157500000005
-----------------------------------------------------------
Cache hit (912) for mini_module_590.mlir - runtime: 4110.264
-----------------------------------------------------------
Cache hit (882) for mini_module_588.mlir - runtime: 301.552
-----------------------------------------------------------
Cache hit (880) for mini_module_586.mlir - runtime: 347.68800000000005
-----------------------------------------------------------
Cache hit (878) for mini_module_584.mlir - runtime: 292.184
-----------------------------------------------------------
Cache hit (876) for mini_module_582.mlir - runtime: 425.32800000000003
-----------------------------------------------------------
Cache hit (916) for mini_module_580.mlir - runtime: 546.528
-----------------------------------------------------------
Cache hit (914) for mini_module_578.mlir - runtime: 4635.0157500000005
-----------------------------------------------------------
Cache hit (912) for mini_module_576.mlir - runtime: 4110.264
-----------------------------------------------------------
Cache hit (882) for mini_module_574.mlir - runtime: 301.552
-----------------------------------------------------------
Cache hit (880) for mini_module_572.mlir - runtime: 347.68800000000005
-----------------------------------------------------------
Cache hit (878) for mini_module_570.mlir - runtime: 292.184
-----------------------------------------------------------
Cache hit (876) for mini_module_568.mlir - runtime: 425.32800000000003
-----------------------------------------------------------
Cache hit (916) for mini_module_566.mlir - runtime: 546.528
-----------------------------------------------------------
Cache hit (914) for mini_module_564.mlir - runtime: 4635.0157500000005
-----------------------------------------------------------
Cache hit (912) for mini_module_562.mlir - runtime: 4110.264
-----------------------------------------------------------
Cache hit (882) for mini_module_560.mlir - runtime: 301.552
-----------------------------------------------------------
Cache hit (880) for mini_module_558.mlir - runtime: 347.68800000000005
-----------------------------------------------------------
Cache hit (878) for mini_module_556.mlir - runtime: 292.184
-----------------------------------------------------------
Cache hit (876) for mini_module_554.mlir - runtime: 425.32800000000003
-----------------------------------------------------------
Cache hit (916) for mini_module_552.mlir - runtime: 546.528
-----------------------------------------------------------
Cache hit (914) for mini_module_550.mlir - runtime: 4635.0157500000005
-----------------------------------------------------------
Cache hit (912) for mini_module_548.mlir - runtime: 4110.264
-----------------------------------------------------------
Cache hit (882) for mini_module_546.mlir - runtime: 301.552
-----------------------------------------------------------
Cache hit (880) for mini_module_544.mlir - runtime: 347.68800000000005
-----------------------------------------------------------
Cache hit (878) for mini_module_542.mlir - runtime: 292.184
-----------------------------------------------------------
Cache hit (876) for mini_module_540.mlir - runtime: 425.32800000000003
-----------------------------------------------------------
Cache hit (916) for mini_module_538.mlir - runtime: 546.528
-----------------------------------------------------------
Cache hit (914) for mini_module_536.mlir - runtime: 4635.0157500000005
-----------------------------------------------------------
Cache hit (912) for mini_module_534.mlir - runtime: 4110.264
-----------------------------------------------------------
Cache hit (882) for mini_module_532.mlir - runtime: 301.552
-----------------------------------------------------------
Cache hit (880) for mini_module_530.mlir - runtime: 347.68800000000005
-----------------------------------------------------------
Cache hit (878) for mini_module_528.mlir - runtime: 292.184
-----------------------------------------------------------
Cache hit (876) for mini_module_526.mlir - runtime: 425.32800000000003
-----------------------------------------------------------
Cache hit (916) for mini_module_524.mlir - runtime: 546.528
-----------------------------------------------------------
Cache hit (914) for mini_module_522.mlir - runtime: 4635.0157500000005
-----------------------------------------------------------
Cache hit (912) for mini_module_520.mlir - runtime: 4110.264
-----------------------------------------------------------
Cache hit (882) for mini_module_518.mlir - runtime: 301.552
-----------------------------------------------------------
Cache hit (880) for mini_module_516.mlir - runtime: 347.68800000000005
-----------------------------------------------------------
Cache hit (878) for mini_module_514.mlir - runtime: 292.184
-----------------------------------------------------------
Cache hit (876) for mini_module_512.mlir - runtime: 425.32800000000003
-----------------------------------------------------------
Cache hit (916) for mini_module_510.mlir - runtime: 546.528
-----------------------------------------------------------
Cache hit (914) for mini_module_508.mlir - runtime: 4635.0157500000005
-----------------------------------------------------------
Cache hit (912) for mini_module_506.mlir - runtime: 4110.264
-----------------------------------------------------------
Cache hit (882) for mini_module_504.mlir - runtime: 301.552
-----------------------------------------------------------
Cache hit (880) for mini_module_502.mlir - runtime: 347.68800000000005
-----------------------------------------------------------
Cache hit (878) for mini_module_500.mlir - runtime: 292.184
-----------------------------------------------------------
Cache hit (876) for mini_module_498.mlir - runtime: 425.32800000000003
-----------------------------------------------------------
Cache hit (916) for mini_module_496.mlir - runtime: 546.528
-----------------------------------------------------------
Cache hit (914) for mini_module_494.mlir - runtime: 4635.0157500000005
-----------------------------------------------------------
Cache hit (912) for mini_module_492.mlir - runtime: 4110.264
-----------------------------------------------------------
Cache hit (882) for mini_module_490.mlir - runtime: 301.552
-----------------------------------------------------------
Cache hit (880) for mini_module_488.mlir - runtime: 347.68800000000005
-----------------------------------------------------------
Cache hit (878) for mini_module_486.mlir - runtime: 292.184
-----------------------------------------------------------
Cache hit (876) for mini_module_484.mlir - runtime: 425.32800000000003
-----------------------------------------------------------
Cache hit (916) for mini_module_482.mlir - runtime: 546.528
-----------------------------------------------------------
Cache hit (914) for mini_module_480.mlir - runtime: 4635.0157500000005
-----------------------------------------------------------
Cache hit (912) for mini_module_478.mlir - runtime: 4110.264
-----------------------------------------------------------
Cache hit (882) for mini_module_476.mlir - runtime: 301.552
-----------------------------------------------------------
Cache hit (880) for mini_module_474.mlir - runtime: 347.68800000000005
-----------------------------------------------------------
Cache hit (878) for mini_module_472.mlir - runtime: 292.184
-----------------------------------------------------------
Cache hit (876) for mini_module_470.mlir - runtime: 425.32800000000003
-----------------------------------------------------------
Cache hit (916) for mini_module_468.mlir - runtime: 546.528
-----------------------------------------------------------
Translating MLIR to HLO:
xla-translate --stablehlo-to-hlo-text -o /storage/ice1/5/1/cman8/shared/hespas_workload/output/llama3/3b_4h200/mini_module_466.hlo output/llama3/3b_4h200/mini_module_466.mlir
hlo_runner_main --num_repeats=5 --profile_execution=true --hlo_argument_mode=uninitialized /storage/ice1/5/1/cman8/shared/hespas_workload/output/llama3/3b_4h200/mini_module_466.hlo
------------------------------------------------
Runtime estimate for mini_module_466.mlir - runtime: 4063.8235
-----------------------------------------------------------
Cache hit (912) for mini_module_464.mlir - runtime: 4110.264
-----------------------------------------------------------
Cache hit (882) for mini_module_462.mlir - runtime: 301.552
-----------------------------------------------------------
Cache hit (880) for mini_module_460.mlir - runtime: 347.68800000000005
-----------------------------------------------------------
Cache hit (878) for mini_module_458.mlir - runtime: 292.184
-----------------------------------------------------------
Translating MLIR to HLO:
xla-translate --stablehlo-to-hlo-text -o /storage/ice1/5/1/cman8/shared/hespas_workload/output/llama3/3b_4h200/mini_module_456.hlo output/llama3/3b_4h200/mini_module_456.mlir
hlo_runner_main --num_repeats=5 --profile_execution=true --hlo_argument_mode=uninitialized /storage/ice1/5/1/cman8/shared/hespas_workload/output/llama3/3b_4h200/mini_module_456.hlo
------------------------------------------------
Runtime estimate for mini_module_456.mlir - runtime: 300.30400000000003
-----------------------------------------------------------
Translating MLIR to HLO:
xla-translate --stablehlo-to-hlo-text -o /storage/ice1/5/1/cman8/shared/hespas_workload/output/llama3/3b_4h200/mini_module_454.hlo output/llama3/3b_4h200/mini_module_454.mlir
hlo_runner_main --num_repeats=5 --profile_execution=true --hlo_argument_mode=uninitialized /storage/ice1/5/1/cman8/shared/hespas_workload/output/llama3/3b_4h200/mini_module_454.hlo
------------------------------------------------
Runtime estimate for mini_module_454.mlir - runtime: 7685.024
-----------------------------------------------------------
Translating MLIR to HLO:
xla-translate --stablehlo-to-hlo-text -o /storage/ice1/5/1/cman8/shared/hespas_workload/output/llama3/3b_4h200/mini_module_452.hlo output/llama3/3b_4h200/mini_module_452.mlir
hlo_runner_main --num_repeats=5 --profile_execution=true --hlo_argument_mode=uninitialized /storage/ice1/5/1/cman8/shared/hespas_workload/output/llama3/3b_4h200/mini_module_452.hlo
------------------------------------------------
Runtime estimate for mini_module_452.mlir - runtime: 644.6560000000001
-----------------------------------------------------------
Translating MLIR to HLO:
xla-translate --stablehlo-to-hlo-text -o /storage/ice1/5/1/cman8/shared/hespas_workload/output/llama3/3b_4h200/mini_module_450.hlo output/llama3/3b_4h200/mini_module_450.mlir
hlo_runner_main --num_repeats=5 --profile_execution=true --hlo_argument_mode=uninitialized /storage/ice1/5/1/cman8/shared/hespas_workload/output/llama3/3b_4h200/mini_module_450.hlo
------------------------------------------------
Runtime estimate for mini_module_450.mlir - runtime: 308.776
-----------------------------------------------------------
Translating MLIR to HLO:
xla-translate --stablehlo-to-hlo-text -o /storage/ice1/5/1/cman8/shared/hespas_workload/output/llama3/3b_4h200/mini_module_448.hlo output/llama3/3b_4h200/mini_module_448.mlir
hlo_runner_main --num_repeats=5 --profile_execution=true --hlo_argument_mode=uninitialized /storage/ice1/5/1/cman8/shared/hespas_workload/output/llama3/3b_4h200/mini_module_448.hlo
------------------------------------------------
Runtime estimate for mini_module_448.mlir - runtime: 299.48
-----------------------------------------------------------
Translating MLIR to HLO:
xla-translate --stablehlo-to-hlo-text -o /storage/ice1/5/1/cman8/shared/hespas_workload/output/llama3/3b_4h200/mini_module_446.hlo output/llama3/3b_4h200/mini_module_446.mlir
hlo_runner_main --num_repeats=5 --profile_execution=true --hlo_argument_mode=uninitialized /storage/ice1/5/1/cman8/shared/hespas_workload/output/llama3/3b_4h200/mini_module_446.hlo
------------------------------------------------
Runtime estimate for mini_module_446.mlir - runtime: 300.92
-----------------------------------------------------------
Translating MLIR to HLO:
xla-translate --stablehlo-to-hlo-text -o /storage/ice1/5/1/cman8/shared/hespas_workload/output/llama3/3b_4h200/mini_module_444.hlo output/llama3/3b_4h200/mini_module_444.mlir
hlo_runner_main --num_repeats=5 --profile_execution=true --hlo_argument_mode=uninitialized /storage/ice1/5/1/cman8/shared/hespas_workload/output/llama3/3b_4h200/mini_module_444.hlo
------------------------------------------------
Runtime estimate for mini_module_444.mlir - runtime: 190.12800000000004
-----------------------------------------------------------
Translating MLIR to HLO:
xla-translate --stablehlo-to-hlo-text -o /storage/ice1/5/1/cman8/shared/hespas_workload/output/llama3/3b_4h200/mini_module_442.hlo output/llama3/3b_4h200/mini_module_442.mlir
hlo_runner_main --num_repeats=5 --profile_execution=true --hlo_argument_mode=uninitialized /storage/ice1/5/1/cman8/shared/hespas_workload/output/llama3/3b_4h200/mini_module_442.hlo
------------------------------------------------
Runtime estimate for mini_module_442.mlir - runtime: 4821.303500000001
-----------------------------------------------------------
Translating MLIR to HLO:
xla-translate --stablehlo-to-hlo-text -o /storage/ice1/5/1/cman8/shared/hespas_workload/output/llama3/3b_4h200/mini_module_440.hlo output/llama3/3b_4h200/mini_module_440.mlir
hlo_runner_main --num_repeats=5 --profile_execution=true --hlo_argument_mode=uninitialized /storage/ice1/5/1/cman8/shared/hespas_workload/output/llama3/3b_4h200/mini_module_440.hlo
------------------------------------------------
Runtime estimate for mini_module_440.mlir - runtime: 172.912
-----------------------------------------------------------
Translating MLIR to HLO:
xla-translate --stablehlo-to-hlo-text -o /storage/ice1/5/1/cman8/shared/hespas_workload/output/llama3/3b_4h200/mini_module_438.hlo output/llama3/3b_4h200/mini_module_438.mlir
hlo_runner_main --num_repeats=5 --profile_execution=true --hlo_argument_mode=uninitialized /storage/ice1/5/1/cman8/shared/hespas_workload/output/llama3/3b_4h200/mini_module_438.hlo
------------------------------------------------
Runtime estimate for mini_module_438.mlir - runtime: 141.864
-----------------------------------------------------------
Translating MLIR to HLO:
xla-translate --stablehlo-to-hlo-text -o /storage/ice1/5/1/cman8/shared/hespas_workload/output/llama3/3b_4h200/mini_module_436.hlo output/llama3/3b_4h200/mini_module_436.mlir
hlo_runner_main --num_repeats=5 --profile_execution=true --hlo_argument_mode=uninitialized /storage/ice1/5/1/cman8/shared/hespas_workload/output/llama3/3b_4h200/mini_module_436.hlo
------------------------------------------------
Runtime estimate for mini_module_436.mlir - runtime: 306.264
-----------------------------------------------------------
Cache hit (448) for mini_module_434.mlir - runtime: 299.48
-----------------------------------------------------------
Cache hit (446) for mini_module_432.mlir - runtime: 300.92
-----------------------------------------------------------
Cache hit (444) for mini_module_430.mlir - runtime: 190.12800000000004
-----------------------------------------------------------
Cache hit (442) for mini_module_428.mlir - runtime: 4821.303500000001
-----------------------------------------------------------
Cache hit (440) for mini_module_426.mlir - runtime: 172.912
-----------------------------------------------------------
Cache hit (438) for mini_module_424.mlir - runtime: 141.864
-----------------------------------------------------------
Cache hit (436) for mini_module_422.mlir - runtime: 306.264
-----------------------------------------------------------
Cache hit (448) for mini_module_420.mlir - runtime: 299.48
-----------------------------------------------------------
Cache hit (446) for mini_module_418.mlir - runtime: 300.92
-----------------------------------------------------------
Cache hit (444) for mini_module_416.mlir - runtime: 190.12800000000004
-----------------------------------------------------------
Cache hit (442) for mini_module_414.mlir - runtime: 4821.303500000001
-----------------------------------------------------------
Cache hit (440) for mini_module_412.mlir - runtime: 172.912
-----------------------------------------------------------
Cache hit (438) for mini_module_410.mlir - runtime: 141.864
-----------------------------------------------------------
Cache hit (436) for mini_module_408.mlir - runtime: 306.264
-----------------------------------------------------------
Cache hit (448) for mini_module_406.mlir - runtime: 299.48
-----------------------------------------------------------
Cache hit (446) for mini_module_404.mlir - runtime: 300.92
-----------------------------------------------------------
Cache hit (444) for mini_module_402.mlir - runtime: 190.12800000000004
-----------------------------------------------------------
Cache hit (442) for mini_module_400.mlir - runtime: 4821.303500000001
-----------------------------------------------------------
Cache hit (440) for mini_module_398.mlir - runtime: 172.912
-----------------------------------------------------------
Cache hit (438) for mini_module_396.mlir - runtime: 141.864
-----------------------------------------------------------
Cache hit (436) for mini_module_394.mlir - runtime: 306.264
-----------------------------------------------------------
Cache hit (448) for mini_module_392.mlir - runtime: 299.48
-----------------------------------------------------------
Cache hit (446) for mini_module_390.mlir - runtime: 300.92
-----------------------------------------------------------
Cache hit (444) for mini_module_388.mlir - runtime: 190.12800000000004
-----------------------------------------------------------
Cache hit (442) for mini_module_386.mlir - runtime: 4821.303500000001
-----------------------------------------------------------
Cache hit (440) for mini_module_384.mlir - runtime: 172.912
-----------------------------------------------------------
Cache hit (438) for mini_module_382.mlir - runtime: 141.864
-----------------------------------------------------------
Cache hit (436) for mini_module_380.mlir - runtime: 306.264
-----------------------------------------------------------
Cache hit (448) for mini_module_378.mlir - runtime: 299.48
-----------------------------------------------------------
Cache hit (446) for mini_module_376.mlir - runtime: 300.92
-----------------------------------------------------------
Cache hit (444) for mini_module_374.mlir - runtime: 190.12800000000004
-----------------------------------------------------------
Cache hit (442) for mini_module_372.mlir - runtime: 4821.303500000001
-----------------------------------------------------------
Cache hit (440) for mini_module_370.mlir - runtime: 172.912
-----------------------------------------------------------
Cache hit (438) for mini_module_368.mlir - runtime: 141.864
-----------------------------------------------------------
Cache hit (436) for mini_module_366.mlir - runtime: 306.264
-----------------------------------------------------------
Cache hit (448) for mini_module_364.mlir - runtime: 299.48
-----------------------------------------------------------
Cache hit (446) for mini_module_362.mlir - runtime: 300.92
-----------------------------------------------------------
Cache hit (444) for mini_module_360.mlir - runtime: 190.12800000000004
-----------------------------------------------------------
Cache hit (442) for mini_module_358.mlir - runtime: 4821.303500000001
-----------------------------------------------------------
Cache hit (440) for mini_module_356.mlir - runtime: 172.912
-----------------------------------------------------------
Cache hit (438) for mini_module_354.mlir - runtime: 141.864
-----------------------------------------------------------
Cache hit (436) for mini_module_352.mlir - runtime: 306.264
-----------------------------------------------------------
Cache hit (448) for mini_module_350.mlir - runtime: 299.48
-----------------------------------------------------------
Cache hit (446) for mini_module_348.mlir - runtime: 300.92
-----------------------------------------------------------
Cache hit (444) for mini_module_346.mlir - runtime: 190.12800000000004
-----------------------------------------------------------
Cache hit (442) for mini_module_344.mlir - runtime: 4821.303500000001
-----------------------------------------------------------
Cache hit (440) for mini_module_342.mlir - runtime: 172.912
-----------------------------------------------------------
Cache hit (438) for mini_module_340.mlir - runtime: 141.864
-----------------------------------------------------------
Cache hit (436) for mini_module_338.mlir - runtime: 306.264
-----------------------------------------------------------
Cache hit (448) for mini_module_336.mlir - runtime: 299.48
-----------------------------------------------------------
Cache hit (446) for mini_module_334.mlir - runtime: 300.92
-----------------------------------------------------------
Cache hit (444) for mini_module_332.mlir - runtime: 190.12800000000004
-----------------------------------------------------------
Cache hit (442) for mini_module_330.mlir - runtime: 4821.303500000001
-----------------------------------------------------------
Cache hit (440) for mini_module_328.mlir - runtime: 172.912
-----------------------------------------------------------
Cache hit (438) for mini_module_326.mlir - runtime: 141.864
-----------------------------------------------------------
Cache hit (436) for mini_module_324.mlir - runtime: 306.264
-----------------------------------------------------------
Cache hit (448) for mini_module_322.mlir - runtime: 299.48
-----------------------------------------------------------
Cache hit (446) for mini_module_320.mlir - runtime: 300.92
-----------------------------------------------------------
Cache hit (444) for mini_module_318.mlir - runtime: 190.12800000000004
-----------------------------------------------------------
Cache hit (442) for mini_module_316.mlir - runtime: 4821.303500000001
-----------------------------------------------------------
Cache hit (440) for mini_module_314.mlir - runtime: 172.912
-----------------------------------------------------------
Cache hit (438) for mini_module_312.mlir - runtime: 141.864
-----------------------------------------------------------
Cache hit (436) for mini_module_310.mlir - runtime: 306.264
-----------------------------------------------------------
Cache hit (448) for mini_module_308.mlir - runtime: 299.48
-----------------------------------------------------------
Cache hit (446) for mini_module_306.mlir - runtime: 300.92
-----------------------------------------------------------
Cache hit (444) for mini_module_304.mlir - runtime: 190.12800000000004
-----------------------------------------------------------
Cache hit (442) for mini_module_302.mlir - runtime: 4821.303500000001
-----------------------------------------------------------
Cache hit (440) for mini_module_300.mlir - runtime: 172.912
-----------------------------------------------------------
Cache hit (438) for mini_module_298.mlir - runtime: 141.864
-----------------------------------------------------------
Cache hit (436) for mini_module_296.mlir - runtime: 306.264
-----------------------------------------------------------
Cache hit (448) for mini_module_294.mlir - runtime: 299.48
-----------------------------------------------------------
Cache hit (446) for mini_module_292.mlir - runtime: 300.92
-----------------------------------------------------------
Cache hit (444) for mini_module_290.mlir - runtime: 190.12800000000004
-----------------------------------------------------------
Cache hit (442) for mini_module_288.mlir - runtime: 4821.303500000001
-----------------------------------------------------------
Cache hit (440) for mini_module_286.mlir - runtime: 172.912
-----------------------------------------------------------
Cache hit (438) for mini_module_284.mlir - runtime: 141.864
-----------------------------------------------------------
Cache hit (436) for mini_module_282.mlir - runtime: 306.264
-----------------------------------------------------------
Cache hit (448) for mini_module_280.mlir - runtime: 299.48
-----------------------------------------------------------
Cache hit (446) for mini_module_278.mlir - runtime: 300.92
-----------------------------------------------------------
Cache hit (444) for mini_module_276.mlir - runtime: 190.12800000000004
-----------------------------------------------------------
Cache hit (442) for mini_module_274.mlir - runtime: 4821.303500000001
-----------------------------------------------------------
Cache hit (440) for mini_module_272.mlir - runtime: 172.912
-----------------------------------------------------------
Cache hit (438) for mini_module_270.mlir - runtime: 141.864
-----------------------------------------------------------
Cache hit (436) for mini_module_268.mlir - runtime: 306.264
-----------------------------------------------------------
Cache hit (448) for mini_module_266.mlir - runtime: 299.48
-----------------------------------------------------------
Cache hit (446) for mini_module_264.mlir - runtime: 300.92
-----------------------------------------------------------
Cache hit (444) for mini_module_262.mlir - runtime: 190.12800000000004
-----------------------------------------------------------
Cache hit (442) for mini_module_260.mlir - runtime: 4821.303500000001
-----------------------------------------------------------
Cache hit (440) for mini_module_258.mlir - runtime: 172.912
-----------------------------------------------------------
Cache hit (438) for mini_module_256.mlir - runtime: 141.864
-----------------------------------------------------------
Cache hit (436) for mini_module_254.mlir - runtime: 306.264
-----------------------------------------------------------
Cache hit (448) for mini_module_252.mlir - runtime: 299.48
-----------------------------------------------------------
Cache hit (446) for mini_module_250.mlir - runtime: 300.92
-----------------------------------------------------------
Cache hit (444) for mini_module_248.mlir - runtime: 190.12800000000004
-----------------------------------------------------------
Cache hit (442) for mini_module_246.mlir - runtime: 4821.303500000001
-----------------------------------------------------------
Cache hit (440) for mini_module_244.mlir - runtime: 172.912
-----------------------------------------------------------
Cache hit (438) for mini_module_242.mlir - runtime: 141.864
-----------------------------------------------------------
Cache hit (436) for mini_module_240.mlir - runtime: 306.264
-----------------------------------------------------------
Cache hit (448) for mini_module_238.mlir - runtime: 299.48
-----------------------------------------------------------
Cache hit (446) for mini_module_236.mlir - runtime: 300.92
-----------------------------------------------------------
Cache hit (444) for mini_module_234.mlir - runtime: 190.12800000000004
-----------------------------------------------------------
Cache hit (442) for mini_module_232.mlir - runtime: 4821.303500000001
-----------------------------------------------------------
Cache hit (440) for mini_module_230.mlir - runtime: 172.912
-----------------------------------------------------------
Cache hit (438) for mini_module_228.mlir - runtime: 141.864
-----------------------------------------------------------
Cache hit (436) for mini_module_226.mlir - runtime: 306.264
-----------------------------------------------------------
Cache hit (448) for mini_module_224.mlir - runtime: 299.48
-----------------------------------------------------------
Cache hit (446) for mini_module_222.mlir - runtime: 300.92
-----------------------------------------------------------
Cache hit (444) for mini_module_220.mlir - runtime: 190.12800000000004
-----------------------------------------------------------
Cache hit (442) for mini_module_218.mlir - runtime: 4821.303500000001
-----------------------------------------------------------
Cache hit (440) for mini_module_216.mlir - runtime: 172.912
-----------------------------------------------------------
Cache hit (438) for mini_module_214.mlir - runtime: 141.864
-----------------------------------------------------------
Cache hit (436) for mini_module_212.mlir - runtime: 306.264
-----------------------------------------------------------
Cache hit (448) for mini_module_210.mlir - runtime: 299.48
-----------------------------------------------------------
Cache hit (446) for mini_module_208.mlir - runtime: 300.92
-----------------------------------------------------------
Cache hit (444) for mini_module_206.mlir - runtime: 190.12800000000004
-----------------------------------------------------------
Cache hit (442) for mini_module_204.mlir - runtime: 4821.303500000001
-----------------------------------------------------------
Cache hit (440) for mini_module_202.mlir - runtime: 172.912
-----------------------------------------------------------
Cache hit (438) for mini_module_200.mlir - runtime: 141.864
-----------------------------------------------------------
Cache hit (436) for mini_module_198.mlir - runtime: 306.264
-----------------------------------------------------------
Cache hit (448) for mini_module_196.mlir - runtime: 299.48
-----------------------------------------------------------
Cache hit (446) for mini_module_194.mlir - runtime: 300.92
-----------------------------------------------------------
Cache hit (444) for mini_module_192.mlir - runtime: 190.12800000000004
-----------------------------------------------------------
Cache hit (442) for mini_module_190.mlir - runtime: 4821.303500000001
-----------------------------------------------------------
Cache hit (440) for mini_module_188.mlir - runtime: 172.912
-----------------------------------------------------------
Cache hit (438) for mini_module_186.mlir - runtime: 141.864
-----------------------------------------------------------
Cache hit (436) for mini_module_184.mlir - runtime: 306.264
-----------------------------------------------------------
Cache hit (448) for mini_module_182.mlir - runtime: 299.48
-----------------------------------------------------------
Cache hit (446) for mini_module_180.mlir - runtime: 300.92
-----------------------------------------------------------
Cache hit (444) for mini_module_178.mlir - runtime: 190.12800000000004
-----------------------------------------------------------
Cache hit (442) for mini_module_176.mlir - runtime: 4821.303500000001
-----------------------------------------------------------
Cache hit (440) for mini_module_174.mlir - runtime: 172.912
-----------------------------------------------------------
Cache hit (438) for mini_module_172.mlir - runtime: 141.864
-----------------------------------------------------------
Cache hit (436) for mini_module_170.mlir - runtime: 306.264
-----------------------------------------------------------
Cache hit (448) for mini_module_168.mlir - runtime: 299.48
-----------------------------------------------------------
Cache hit (446) for mini_module_166.mlir - runtime: 300.92
-----------------------------------------------------------
Cache hit (444) for mini_module_164.mlir - runtime: 190.12800000000004
-----------------------------------------------------------
Cache hit (442) for mini_module_162.mlir - runtime: 4821.303500000001
-----------------------------------------------------------
Cache hit (440) for mini_module_160.mlir - runtime: 172.912
-----------------------------------------------------------
Cache hit (438) for mini_module_158.mlir - runtime: 141.864
-----------------------------------------------------------
Cache hit (436) for mini_module_156.mlir - runtime: 306.264
-----------------------------------------------------------
Cache hit (448) for mini_module_154.mlir - runtime: 299.48
-----------------------------------------------------------
Cache hit (446) for mini_module_152.mlir - runtime: 300.92
-----------------------------------------------------------
Cache hit (444) for mini_module_150.mlir - runtime: 190.12800000000004
-----------------------------------------------------------
Cache hit (442) for mini_module_148.mlir - runtime: 4821.303500000001
-----------------------------------------------------------
Cache hit (440) for mini_module_146.mlir - runtime: 172.912
-----------------------------------------------------------
Cache hit (438) for mini_module_144.mlir - runtime: 141.864
-----------------------------------------------------------
Cache hit (436) for mini_module_142.mlir - runtime: 306.264
-----------------------------------------------------------
Cache hit (448) for mini_module_140.mlir - runtime: 299.48
-----------------------------------------------------------
Cache hit (446) for mini_module_138.mlir - runtime: 300.92
-----------------------------------------------------------
Cache hit (444) for mini_module_136.mlir - runtime: 190.12800000000004
-----------------------------------------------------------
Cache hit (442) for mini_module_134.mlir - runtime: 4821.303500000001
-----------------------------------------------------------
Cache hit (440) for mini_module_132.mlir - runtime: 172.912
-----------------------------------------------------------
Cache hit (438) for mini_module_130.mlir - runtime: 141.864
-----------------------------------------------------------
Cache hit (436) for mini_module_128.mlir - runtime: 306.264
-----------------------------------------------------------
Cache hit (448) for mini_module_126.mlir - runtime: 299.48
-----------------------------------------------------------
Cache hit (446) for mini_module_124.mlir - runtime: 300.92
-----------------------------------------------------------
Cache hit (444) for mini_module_122.mlir - runtime: 190.12800000000004
-----------------------------------------------------------
Cache hit (442) for mini_module_120.mlir - runtime: 4821.303500000001
-----------------------------------------------------------
Cache hit (440) for mini_module_118.mlir - runtime: 172.912
-----------------------------------------------------------
Cache hit (438) for mini_module_116.mlir - runtime: 141.864
-----------------------------------------------------------
Cache hit (436) for mini_module_114.mlir - runtime: 306.264
-----------------------------------------------------------
Cache hit (448) for mini_module_112.mlir - runtime: 299.48
-----------------------------------------------------------
Cache hit (446) for mini_module_110.mlir - runtime: 300.92
-----------------------------------------------------------
Cache hit (444) for mini_module_108.mlir - runtime: 190.12800000000004
-----------------------------------------------------------
Cache hit (442) for mini_module_106.mlir - runtime: 4821.303500000001
-----------------------------------------------------------
Cache hit (440) for mini_module_104.mlir - runtime: 172.912
-----------------------------------------------------------
Cache hit (438) for mini_module_102.mlir - runtime: 141.864
-----------------------------------------------------------
Cache hit (436) for mini_module_100.mlir - runtime: 306.264
-----------------------------------------------------------
Cache hit (448) for mini_module_98.mlir - runtime: 299.48
-----------------------------------------------------------
Cache hit (446) for mini_module_96.mlir - runtime: 300.92
-----------------------------------------------------------
Cache hit (444) for mini_module_94.mlir - runtime: 190.12800000000004
-----------------------------------------------------------
Cache hit (442) for mini_module_92.mlir - runtime: 4821.303500000001
-----------------------------------------------------------
Cache hit (440) for mini_module_90.mlir - runtime: 172.912
-----------------------------------------------------------
Cache hit (438) for mini_module_88.mlir - runtime: 141.864
-----------------------------------------------------------
Cache hit (436) for mini_module_86.mlir - runtime: 306.264
-----------------------------------------------------------
Cache hit (448) for mini_module_84.mlir - runtime: 299.48
-----------------------------------------------------------
Cache hit (446) for mini_module_82.mlir - runtime: 300.92
-----------------------------------------------------------
Cache hit (444) for mini_module_80.mlir - runtime: 190.12800000000004
-----------------------------------------------------------
Cache hit (442) for mini_module_78.mlir - runtime: 4821.303500000001
-----------------------------------------------------------
Cache hit (440) for mini_module_76.mlir - runtime: 172.912
-----------------------------------------------------------
Cache hit (438) for mini_module_74.mlir - runtime: 141.864
-----------------------------------------------------------
Cache hit (436) for mini_module_72.mlir - runtime: 306.264
-----------------------------------------------------------
Cache hit (448) for mini_module_70.mlir - runtime: 299.48
-----------------------------------------------------------
Cache hit (446) for mini_module_68.mlir - runtime: 300.92
-----------------------------------------------------------
Cache hit (444) for mini_module_66.mlir - runtime: 190.12800000000004
-----------------------------------------------------------
Cache hit (442) for mini_module_64.mlir - runtime: 4821.303500000001
-----------------------------------------------------------
Cache hit (440) for mini_module_62.mlir - runtime: 172.912
-----------------------------------------------------------
Cache hit (438) for mini_module_60.mlir - runtime: 141.864
-----------------------------------------------------------
Cache hit (436) for mini_module_58.mlir - runtime: 306.264
-----------------------------------------------------------
Cache hit (448) for mini_module_56.mlir - runtime: 299.48
-----------------------------------------------------------
Cache hit (446) for mini_module_54.mlir - runtime: 300.92
-----------------------------------------------------------
Cache hit (444) for mini_module_52.mlir - runtime: 190.12800000000004
-----------------------------------------------------------
Cache hit (442) for mini_module_50.mlir - runtime: 4821.303500000001
-----------------------------------------------------------
Cache hit (440) for mini_module_48.mlir - runtime: 172.912
-----------------------------------------------------------
Cache hit (438) for mini_module_46.mlir - runtime: 141.864
-----------------------------------------------------------
Cache hit (436) for mini_module_44.mlir - runtime: 306.264
-----------------------------------------------------------
Cache hit (448) for mini_module_42.mlir - runtime: 299.48
-----------------------------------------------------------
Cache hit (446) for mini_module_40.mlir - runtime: 300.92
-----------------------------------------------------------
Cache hit (444) for mini_module_38.mlir - runtime: 190.12800000000004
-----------------------------------------------------------
Cache hit (442) for mini_module_36.mlir - runtime: 4821.303500000001
-----------------------------------------------------------
Cache hit (440) for mini_module_34.mlir - runtime: 172.912
-----------------------------------------------------------
Cache hit (438) for mini_module_32.mlir - runtime: 141.864
-----------------------------------------------------------
Cache hit (436) for mini_module_30.mlir - runtime: 306.264
-----------------------------------------------------------
Cache hit (448) for mini_module_28.mlir - runtime: 299.48
-----------------------------------------------------------
Cache hit (446) for mini_module_26.mlir - runtime: 300.92
-----------------------------------------------------------
Cache hit (444) for mini_module_24.mlir - runtime: 190.12800000000004
-----------------------------------------------------------
Cache hit (442) for mini_module_22.mlir - runtime: 4821.303500000001
-----------------------------------------------------------
Cache hit (440) for mini_module_20.mlir - runtime: 172.912
-----------------------------------------------------------
Cache hit (438) for mini_module_18.mlir - runtime: 141.864
-----------------------------------------------------------
Cache hit (436) for mini_module_16.mlir - runtime: 306.264
-----------------------------------------------------------
Cache hit (448) for mini_module_14.mlir - runtime: 299.48
-----------------------------------------------------------
Translating MLIR to HLO:
xla-translate --stablehlo-to-hlo-text -o /storage/ice1/5/1/cman8/shared/hespas_workload/output/llama3/3b_4h200/mini_module_12.hlo output/llama3/3b_4h200/mini_module_12.mlir
hlo_runner_main --num_repeats=5 --profile_execution=true --hlo_argument_mode=uninitialized /storage/ice1/5/1/cman8/shared/hespas_workload/output/llama3/3b_4h200/mini_module_12.hlo
------------------------------------------------
Runtime estimate for mini_module_12.mlir - runtime: 294.88000000000005
-----------------------------------------------------------
Cache hit (444) for mini_module_10.mlir - runtime: 190.12800000000004
-----------------------------------------------------------
Translating MLIR to HLO:
xla-translate --stablehlo-to-hlo-text -o /storage/ice1/5/1/cman8/shared/hespas_workload/output/llama3/3b_4h200/mini_module_8.hlo output/llama3/3b_4h200/mini_module_8.mlir
hlo_runner_main --num_repeats=5 --profile_execution=true --hlo_argument_mode=uninitialized /storage/ice1/5/1/cman8/shared/hespas_workload/output/llama3/3b_4h200/mini_module_8.hlo
------------------------------------------------
Runtime estimate for mini_module_8.mlir - runtime: 3790.952
-----------------------------------------------------------
Translating MLIR to HLO:
xla-translate --stablehlo-to-hlo-text -o /storage/ice1/5/1/cman8/shared/hespas_workload/output/llama3/3b_4h200/mini_module_6.hlo output/llama3/3b_4h200/mini_module_6.mlir
hlo_runner_main --num_repeats=5 --profile_execution=true --hlo_argument_mode=uninitialized /storage/ice1/5/1/cman8/shared/hespas_workload/output/llama3/3b_4h200/mini_module_6.hlo
------------------------------------------------
Runtime estimate for mini_module_6.mlir - runtime: 174.48000000000002
-----------------------------------------------------------
Translating MLIR to HLO:
xla-translate --stablehlo-to-hlo-text -o /storage/ice1/5/1/cman8/shared/hespas_workload/output/llama3/3b_4h200/mini_module_4.hlo output/llama3/3b_4h200/mini_module_4.mlir
hlo_runner_main --num_repeats=5 --profile_execution=true --hlo_argument_mode=uninitialized /storage/ice1/5/1/cman8/shared/hespas_workload/output/llama3/3b_4h200/mini_module_4.hlo
------------------------------------------------
Runtime estimate for mini_module_4.mlir - runtime: 974.5360000000001
-----------------------------------------------------------
Translating MLIR to HLO:
xla-translate --stablehlo-to-hlo-text -o /storage/ice1/5/1/cman8/shared/hespas_workload/output/llama3/3b_4h200/mini_module_2.hlo output/llama3/3b_4h200/mini_module_2.mlir
hlo_runner_main --num_repeats=5 --profile_execution=true --hlo_argument_mode=uninitialized /storage/ice1/5/1/cman8/shared/hespas_workload/output/llama3/3b_4h200/mini_module_2.hlo
------------------------------------------------
Runtime estimate for mini_module_2.mlir - runtime: 3500.7040000000006
-----------------------------------------------------------
Translating MLIR to HLO:
xla-translate --stablehlo-to-hlo-text -o /storage/ice1/5/1/cman8/shared/hespas_workload/output/llama3/3b_4h200/mini_module_0.hlo output/llama3/3b_4h200/mini_module_0.mlir
hlo_runner_main --num_repeats=5 --profile_execution=true --hlo_argument_mode=uninitialized /storage/ice1/5/1/cman8/shared/hespas_workload/output/llama3/3b_4h200/mini_module_0.hlo
------------------------------------------------
Runtime estimate for mini_module_0.mlir - runtime: 630.1760000000002
------------------------------------------------------------
Linking chakra traces 4 times for all devices.
Chakra gen done.
Cache hits: 1578
Basic block reuse rate: 0.95 (1578/1653)
Operator reuse factor: 0.71 (15653/22004)
Compute Runtime Estimation: 623486.70 us
Stats: {}
------------------------------------------------------------
Done. Output directory: output/llama3/3b_4h200
Took 179.738s
