Created output directory: output/llama3/500m_4h200
Dependency graph not loaded. Generating a new one.
Parsing mlir_file: /home/hice1/wguo303/changhai/shared/scratch/workloads/llama3-500m.mlir
----------------------------------------
Input file          | /home/hice1/wguo303/changhai/shared/scratch/workloads/llama3-500m.mlir
Number of non-expanded ops:| 11199
Split strategy      | linear_split
----------------------------------------
Dependency graph saved to output/llama3/500m_4h200/dependency_graph.dot
Number of splits: 1665
Creating new MLIR modules for each split:
Saving private functions to: output/llama3/500m_4h200/private_functions.mlir
Removed 0 empty mlir nodes from dependency graph
Dependency graph pickled and saved to output/llama3/500m_4h200/dependency_graph.pkl
Parsed 1665 modules from the MLIR file.
No cached results found at: /storage/ice1/5/1/cman8/shared/hespas_workload/output/llama3/500m_4h200/cache.json
>>>> DiGraph with 1665 nodes and 1664 edges
-----------------------------------------------------------
Translating MLIR to HLO:
xla-translate --stablehlo-to-hlo-text -o /storage/ice1/5/1/cman8/shared/hespas_workload/output/llama3/500m_4h200/mini_module_1664.hlo output/llama3/500m_4h200/mini_module_1664.mlir
hlo_runner_main --num_repeats=5 --profile_execution=true --hlo_argument_mode=uninitialized /storage/ice1/5/1/cman8/shared/hespas_workload/output/llama3/500m_4h200/mini_module_1664.hlo
------------------------------------------------
Runtime estimate for mini_module_1664.mlir - runtime: 5.448
-----------------------------------------------------------
Translating MLIR to HLO:
xla-translate --stablehlo-to-hlo-text -o /storage/ice1/5/1/cman8/shared/hespas_workload/output/llama3/500m_4h200/mini_module_1662.hlo output/llama3/500m_4h200/mini_module_1662.mlir
hlo_runner_main --num_repeats=5 --profile_execution=true --hlo_argument_mode=uninitialized /storage/ice1/5/1/cman8/shared/hespas_workload/output/llama3/500m_4h200/mini_module_1662.hlo
------------------------------------------------
Runtime estimate for mini_module_1662.mlir - runtime: 5.704000000000001
-----------------------------------------------------------
Cache hit (1662) for mini_module_1660.mlir - runtime: 5.704000000000001
-----------------------------------------------------------
Cache hit (1662) for mini_module_1658.mlir - runtime: 5.704000000000001
-----------------------------------------------------------
Cache hit (1662) for mini_module_1656.mlir - runtime: 5.704000000000001
-----------------------------------------------------------
Cache hit (1662) for mini_module_1654.mlir - runtime: 5.704000000000001
-----------------------------------------------------------
Translating MLIR to HLO:
xla-translate --stablehlo-to-hlo-text -o /storage/ice1/5/1/cman8/shared/hespas_workload/output/llama3/500m_4h200/mini_module_1652.hlo output/llama3/500m_4h200/mini_module_1652.mlir
hlo_runner_main --num_repeats=5 --profile_execution=true --hlo_argument_mode=uninitialized /storage/ice1/5/1/cman8/shared/hespas_workload/output/llama3/500m_4h200/mini_module_1652.hlo
------------------------------------------------
Runtime estimate for mini_module_1652.mlir - runtime: 5.696000000000001
-----------------------------------------------------------
Cache hit (1662) for mini_module_1650.mlir - runtime: 5.704000000000001
-----------------------------------------------------------
Cache hit (1662) for mini_module_1648.mlir - runtime: 5.704000000000001
-----------------------------------------------------------
Cache hit (1662) for mini_module_1646.mlir - runtime: 5.704000000000001
-----------------------------------------------------------
Cache hit (1662) for mini_module_1644.mlir - runtime: 5.704000000000001
-----------------------------------------------------------
Cache hit (1662) for mini_module_1642.mlir - runtime: 5.704000000000001
-----------------------------------------------------------
Cache hit (1662) for mini_module_1640.mlir - runtime: 5.704000000000001
-----------------------------------------------------------
Cache hit (1652) for mini_module_1638.mlir - runtime: 5.696000000000001
-----------------------------------------------------------
Cache hit (1662) for mini_module_1636.mlir - runtime: 5.704000000000001
-----------------------------------------------------------
Cache hit (1662) for mini_module_1634.mlir - runtime: 5.704000000000001
-----------------------------------------------------------
Cache hit (1662) for mini_module_1632.mlir - runtime: 5.704000000000001
-----------------------------------------------------------
Cache hit (1662) for mini_module_1630.mlir - runtime: 5.704000000000001
-----------------------------------------------------------
Cache hit (1662) for mini_module_1628.mlir - runtime: 5.704000000000001
-----------------------------------------------------------
Cache hit (1662) for mini_module_1626.mlir - runtime: 5.704000000000001
-----------------------------------------------------------
Cache hit (1652) for mini_module_1624.mlir - runtime: 5.696000000000001
-----------------------------------------------------------
Cache hit (1662) for mini_module_1622.mlir - runtime: 5.704000000000001
-----------------------------------------------------------
Cache hit (1662) for mini_module_1620.mlir - runtime: 5.704000000000001
-----------------------------------------------------------
Cache hit (1662) for mini_module_1618.mlir - runtime: 5.704000000000001
-----------------------------------------------------------
Cache hit (1662) for mini_module_1616.mlir - runtime: 5.704000000000001
-----------------------------------------------------------
Cache hit (1662) for mini_module_1614.mlir - runtime: 5.704000000000001
-----------------------------------------------------------
Cache hit (1662) for mini_module_1612.mlir - runtime: 5.704000000000001
-----------------------------------------------------------
Cache hit (1652) for mini_module_1610.mlir - runtime: 5.696000000000001
-----------------------------------------------------------
Cache hit (1662) for mini_module_1608.mlir - runtime: 5.704000000000001
-----------------------------------------------------------
Cache hit (1662) for mini_module_1606.mlir - runtime: 5.704000000000001
-----------------------------------------------------------
Cache hit (1662) for mini_module_1604.mlir - runtime: 5.704000000000001
-----------------------------------------------------------
Cache hit (1662) for mini_module_1602.mlir - runtime: 5.704000000000001
-----------------------------------------------------------
Cache hit (1662) for mini_module_1600.mlir - runtime: 5.704000000000001
-----------------------------------------------------------
Cache hit (1662) for mini_module_1598.mlir - runtime: 5.704000000000001
-----------------------------------------------------------
Cache hit (1652) for mini_module_1596.mlir - runtime: 5.696000000000001
-----------------------------------------------------------
Cache hit (1662) for mini_module_1594.mlir - runtime: 5.704000000000001
-----------------------------------------------------------
Cache hit (1662) for mini_module_1592.mlir - runtime: 5.704000000000001
-----------------------------------------------------------
Cache hit (1662) for mini_module_1590.mlir - runtime: 5.704000000000001
-----------------------------------------------------------
Cache hit (1662) for mini_module_1588.mlir - runtime: 5.704000000000001
-----------------------------------------------------------
Cache hit (1662) for mini_module_1586.mlir - runtime: 5.704000000000001
-----------------------------------------------------------
Cache hit (1662) for mini_module_1584.mlir - runtime: 5.704000000000001
-----------------------------------------------------------
Cache hit (1652) for mini_module_1582.mlir - runtime: 5.696000000000001
-----------------------------------------------------------
Cache hit (1662) for mini_module_1580.mlir - runtime: 5.704000000000001
-----------------------------------------------------------
Cache hit (1662) for mini_module_1578.mlir - runtime: 5.704000000000001
-----------------------------------------------------------
Cache hit (1662) for mini_module_1576.mlir - runtime: 5.704000000000001
-----------------------------------------------------------
Cache hit (1662) for mini_module_1574.mlir - runtime: 5.704000000000001
-----------------------------------------------------------
Cache hit (1662) for mini_module_1572.mlir - runtime: 5.704000000000001
-----------------------------------------------------------
Cache hit (1662) for mini_module_1570.mlir - runtime: 5.704000000000001
-----------------------------------------------------------
Cache hit (1652) for mini_module_1568.mlir - runtime: 5.696000000000001
-----------------------------------------------------------
Cache hit (1662) for mini_module_1566.mlir - runtime: 5.704000000000001
-----------------------------------------------------------
Cache hit (1662) for mini_module_1564.mlir - runtime: 5.704000000000001
-----------------------------------------------------------
Cache hit (1662) for mini_module_1562.mlir - runtime: 5.704000000000001
-----------------------------------------------------------
Cache hit (1662) for mini_module_1560.mlir - runtime: 5.704000000000001
-----------------------------------------------------------
Cache hit (1662) for mini_module_1558.mlir - runtime: 5.704000000000001
-----------------------------------------------------------
Cache hit (1662) for mini_module_1556.mlir - runtime: 5.704000000000001
-----------------------------------------------------------
Cache hit (1652) for mini_module_1554.mlir - runtime: 5.696000000000001
-----------------------------------------------------------
Cache hit (1662) for mini_module_1552.mlir - runtime: 5.704000000000001
-----------------------------------------------------------
Cache hit (1662) for mini_module_1550.mlir - runtime: 5.704000000000001
-----------------------------------------------------------
Cache hit (1662) for mini_module_1548.mlir - runtime: 5.704000000000001
-----------------------------------------------------------
Cache hit (1662) for mini_module_1546.mlir - runtime: 5.704000000000001
-----------------------------------------------------------
Cache hit (1662) for mini_module_1544.mlir - runtime: 5.704000000000001
-----------------------------------------------------------
Cache hit (1662) for mini_module_1542.mlir - runtime: 5.704000000000001
-----------------------------------------------------------
Cache hit (1652) for mini_module_1540.mlir - runtime: 5.696000000000001
-----------------------------------------------------------
Cache hit (1662) for mini_module_1538.mlir - runtime: 5.704000000000001
-----------------------------------------------------------
Cache hit (1662) for mini_module_1536.mlir - runtime: 5.704000000000001
-----------------------------------------------------------
Cache hit (1662) for mini_module_1534.mlir - runtime: 5.704000000000001
-----------------------------------------------------------
Cache hit (1662) for mini_module_1532.mlir - runtime: 5.704000000000001
-----------------------------------------------------------
Cache hit (1662) for mini_module_1530.mlir - runtime: 5.704000000000001
-----------------------------------------------------------
Cache hit (1662) for mini_module_1528.mlir - runtime: 5.704000000000001
-----------------------------------------------------------
Cache hit (1652) for mini_module_1526.mlir - runtime: 5.696000000000001
-----------------------------------------------------------
Cache hit (1662) for mini_module_1524.mlir - runtime: 5.704000000000001
-----------------------------------------------------------
Cache hit (1662) for mini_module_1522.mlir - runtime: 5.704000000000001
-----------------------------------------------------------
Cache hit (1662) for mini_module_1520.mlir - runtime: 5.704000000000001
-----------------------------------------------------------
Cache hit (1662) for mini_module_1518.mlir - runtime: 5.704000000000001
-----------------------------------------------------------
Cache hit (1662) for mini_module_1516.mlir - runtime: 5.704000000000001
-----------------------------------------------------------
Cache hit (1662) for mini_module_1514.mlir - runtime: 5.704000000000001
-----------------------------------------------------------
Cache hit (1652) for mini_module_1512.mlir - runtime: 5.696000000000001
-----------------------------------------------------------
Cache hit (1662) for mini_module_1510.mlir - runtime: 5.704000000000001
-----------------------------------------------------------
Cache hit (1662) for mini_module_1508.mlir - runtime: 5.704000000000001
-----------------------------------------------------------
Cache hit (1662) for mini_module_1506.mlir - runtime: 5.704000000000001
-----------------------------------------------------------
Cache hit (1662) for mini_module_1504.mlir - runtime: 5.704000000000001
-----------------------------------------------------------
Cache hit (1662) for mini_module_1502.mlir - runtime: 5.704000000000001
-----------------------------------------------------------
Cache hit (1662) for mini_module_1500.mlir - runtime: 5.704000000000001
-----------------------------------------------------------
Cache hit (1652) for mini_module_1498.mlir - runtime: 5.696000000000001
-----------------------------------------------------------
Cache hit (1662) for mini_module_1496.mlir - runtime: 5.704000000000001
-----------------------------------------------------------
Cache hit (1662) for mini_module_1494.mlir - runtime: 5.704000000000001
-----------------------------------------------------------
Cache hit (1662) for mini_module_1492.mlir - runtime: 5.704000000000001
-----------------------------------------------------------
Cache hit (1662) for mini_module_1490.mlir - runtime: 5.704000000000001
-----------------------------------------------------------
Cache hit (1662) for mini_module_1488.mlir - runtime: 5.704000000000001
-----------------------------------------------------------
Cache hit (1662) for mini_module_1486.mlir - runtime: 5.704000000000001
-----------------------------------------------------------
Cache hit (1652) for mini_module_1484.mlir - runtime: 5.696000000000001
-----------------------------------------------------------
Cache hit (1662) for mini_module_1482.mlir - runtime: 5.704000000000001
-----------------------------------------------------------
Cache hit (1662) for mini_module_1480.mlir - runtime: 5.704000000000001
-----------------------------------------------------------
Cache hit (1662) for mini_module_1478.mlir - runtime: 5.704000000000001
-----------------------------------------------------------
Cache hit (1662) for mini_module_1476.mlir - runtime: 5.704000000000001
-----------------------------------------------------------
Cache hit (1662) for mini_module_1474.mlir - runtime: 5.704000000000001
-----------------------------------------------------------
Cache hit (1662) for mini_module_1472.mlir - runtime: 5.704000000000001
-----------------------------------------------------------
Cache hit (1652) for mini_module_1470.mlir - runtime: 5.696000000000001
-----------------------------------------------------------
Cache hit (1662) for mini_module_1468.mlir - runtime: 5.704000000000001
-----------------------------------------------------------
Cache hit (1662) for mini_module_1466.mlir - runtime: 5.704000000000001
-----------------------------------------------------------
Cache hit (1662) for mini_module_1464.mlir - runtime: 5.704000000000001
-----------------------------------------------------------
Cache hit (1662) for mini_module_1462.mlir - runtime: 5.704000000000001
-----------------------------------------------------------
Cache hit (1662) for mini_module_1460.mlir - runtime: 5.704000000000001
-----------------------------------------------------------
Cache hit (1662) for mini_module_1458.mlir - runtime: 5.704000000000001
-----------------------------------------------------------
Cache hit (1652) for mini_module_1456.mlir - runtime: 5.696000000000001
-----------------------------------------------------------
Cache hit (1662) for mini_module_1454.mlir - runtime: 5.704000000000001
-----------------------------------------------------------
Cache hit (1662) for mini_module_1452.mlir - runtime: 5.704000000000001
-----------------------------------------------------------
Cache hit (1662) for mini_module_1450.mlir - runtime: 5.704000000000001
-----------------------------------------------------------
Cache hit (1662) for mini_module_1448.mlir - runtime: 5.704000000000001
-----------------------------------------------------------
Cache hit (1662) for mini_module_1446.mlir - runtime: 5.704000000000001
-----------------------------------------------------------
Cache hit (1662) for mini_module_1444.mlir - runtime: 5.704000000000001
-----------------------------------------------------------
Cache hit (1652) for mini_module_1442.mlir - runtime: 5.696000000000001
-----------------------------------------------------------
Cache hit (1662) for mini_module_1440.mlir - runtime: 5.704000000000001
-----------------------------------------------------------
Cache hit (1662) for mini_module_1438.mlir - runtime: 5.704000000000001
-----------------------------------------------------------
Cache hit (1664) for mini_module_1436.mlir - runtime: 5.448
-----------------------------------------------------------
Translating MLIR to HLO:
xla-translate --stablehlo-to-hlo-text -o /storage/ice1/5/1/cman8/shared/hespas_workload/output/llama3/500m_4h200/mini_module_1434.hlo output/llama3/500m_4h200/mini_module_1434.mlir
hlo_runner_main --num_repeats=5 --profile_execution=true --hlo_argument_mode=uninitialized /storage/ice1/5/1/cman8/shared/hespas_workload/output/llama3/500m_4h200/mini_module_1434.hlo
------------------------------------------------
Runtime estimate for mini_module_1434.mlir - runtime: 31.631999999999998
-----------------------------------------------------------
Translating MLIR to HLO:
xla-translate --stablehlo-to-hlo-text -o /storage/ice1/5/1/cman8/shared/hespas_workload/output/llama3/500m_4h200/mini_module_1432.hlo output/llama3/500m_4h200/mini_module_1432.mlir
hlo_runner_main --num_repeats=5 --profile_execution=true --hlo_argument_mode=uninitialized /storage/ice1/5/1/cman8/shared/hespas_workload/output/llama3/500m_4h200/mini_module_1432.hlo
------------------------------------------------
Runtime estimate for mini_module_1432.mlir - runtime: 31.776000000000003
-----------------------------------------------------------
Translating MLIR to HLO:
xla-translate --stablehlo-to-hlo-text -o /storage/ice1/5/1/cman8/shared/hespas_workload/output/llama3/500m_4h200/mini_module_1430.hlo output/llama3/500m_4h200/mini_module_1430.mlir
hlo_runner_main --num_repeats=5 --profile_execution=true --hlo_argument_mode=uninitialized /storage/ice1/5/1/cman8/shared/hespas_workload/output/llama3/500m_4h200/mini_module_1430.hlo
------------------------------------------------
Runtime estimate for mini_module_1430.mlir - runtime: 10.048000000000002
-----------------------------------------------------------
Cache hit (1430) for mini_module_1428.mlir - runtime: 10.048000000000002
-----------------------------------------------------------
Translating MLIR to HLO:
xla-translate --stablehlo-to-hlo-text -o /storage/ice1/5/1/cman8/shared/hespas_workload/output/llama3/500m_4h200/mini_module_1426.hlo output/llama3/500m_4h200/mini_module_1426.mlir
hlo_runner_main --num_repeats=5 --profile_execution=true --hlo_argument_mode=uninitialized /storage/ice1/5/1/cman8/shared/hespas_workload/output/llama3/500m_4h200/mini_module_1426.hlo
------------------------------------------------
Runtime estimate for mini_module_1426.mlir - runtime: 10.080000000000002
-----------------------------------------------------------
Translating MLIR to HLO:
xla-translate --stablehlo-to-hlo-text -o /storage/ice1/5/1/cman8/shared/hespas_workload/output/llama3/500m_4h200/mini_module_1424.hlo output/llama3/500m_4h200/mini_module_1424.mlir
hlo_runner_main --num_repeats=5 --profile_execution=true --hlo_argument_mode=uninitialized /storage/ice1/5/1/cman8/shared/hespas_workload/output/llama3/500m_4h200/mini_module_1424.hlo
------------------------------------------------
Runtime estimate for mini_module_1424.mlir - runtime: 10.544000000000002
-----------------------------------------------------------
Translating MLIR to HLO:
xla-translate --stablehlo-to-hlo-text -o /storage/ice1/5/1/cman8/shared/hespas_workload/output/llama3/500m_4h200/mini_module_1422.hlo output/llama3/500m_4h200/mini_module_1422.mlir
hlo_runner_main --num_repeats=5 --profile_execution=true --hlo_argument_mode=uninitialized /storage/ice1/5/1/cman8/shared/hespas_workload/output/llama3/500m_4h200/mini_module_1422.hlo
------------------------------------------------
Runtime estimate for mini_module_1422.mlir - runtime: 10.56
-----------------------------------------------------------
Translating MLIR to HLO:
xla-translate --stablehlo-to-hlo-text -o /storage/ice1/5/1/cman8/shared/hespas_workload/output/llama3/500m_4h200/mini_module_1420.hlo output/llama3/500m_4h200/mini_module_1420.mlir
hlo_runner_main --num_repeats=5 --profile_execution=true --hlo_argument_mode=uninitialized /storage/ice1/5/1/cman8/shared/hespas_workload/output/llama3/500m_4h200/mini_module_1420.hlo
------------------------------------------------
Runtime estimate for mini_module_1420.mlir - runtime: 10.760000000000002
-----------------------------------------------------------
Cache hit (1420) for mini_module_1418.mlir - runtime: 10.760000000000002
-----------------------------------------------------------
Cache hit (1430) for mini_module_1416.mlir - runtime: 10.048000000000002
-----------------------------------------------------------
Cache hit (1430) for mini_module_1414.mlir - runtime: 10.048000000000002
-----------------------------------------------------------
Cache hit (1426) for mini_module_1412.mlir - runtime: 10.080000000000002
-----------------------------------------------------------
Cache hit (1424) for mini_module_1410.mlir - runtime: 10.544000000000002
-----------------------------------------------------------
Cache hit (1422) for mini_module_1408.mlir - runtime: 10.56
-----------------------------------------------------------
Cache hit (1420) for mini_module_1406.mlir - runtime: 10.760000000000002
-----------------------------------------------------------
Cache hit (1420) for mini_module_1404.mlir - runtime: 10.760000000000002
-----------------------------------------------------------
Cache hit (1430) for mini_module_1402.mlir - runtime: 10.048000000000002
-----------------------------------------------------------
Cache hit (1430) for mini_module_1400.mlir - runtime: 10.048000000000002
-----------------------------------------------------------
Cache hit (1426) for mini_module_1398.mlir - runtime: 10.080000000000002
-----------------------------------------------------------
Cache hit (1424) for mini_module_1396.mlir - runtime: 10.544000000000002
-----------------------------------------------------------
Cache hit (1422) for mini_module_1394.mlir - runtime: 10.56
-----------------------------------------------------------
Cache hit (1420) for mini_module_1392.mlir - runtime: 10.760000000000002
-----------------------------------------------------------
Cache hit (1420) for mini_module_1390.mlir - runtime: 10.760000000000002
-----------------------------------------------------------
Cache hit (1430) for mini_module_1388.mlir - runtime: 10.048000000000002
-----------------------------------------------------------
Cache hit (1430) for mini_module_1386.mlir - runtime: 10.048000000000002
-----------------------------------------------------------
Cache hit (1426) for mini_module_1384.mlir - runtime: 10.080000000000002
-----------------------------------------------------------
Cache hit (1424) for mini_module_1382.mlir - runtime: 10.544000000000002
-----------------------------------------------------------
Cache hit (1422) for mini_module_1380.mlir - runtime: 10.56
-----------------------------------------------------------
Cache hit (1420) for mini_module_1378.mlir - runtime: 10.760000000000002
-----------------------------------------------------------
Cache hit (1420) for mini_module_1376.mlir - runtime: 10.760000000000002
-----------------------------------------------------------
Cache hit (1430) for mini_module_1374.mlir - runtime: 10.048000000000002
-----------------------------------------------------------
Cache hit (1430) for mini_module_1372.mlir - runtime: 10.048000000000002
-----------------------------------------------------------
Cache hit (1426) for mini_module_1370.mlir - runtime: 10.080000000000002
-----------------------------------------------------------
Cache hit (1424) for mini_module_1368.mlir - runtime: 10.544000000000002
-----------------------------------------------------------
Cache hit (1422) for mini_module_1366.mlir - runtime: 10.56
-----------------------------------------------------------
Cache hit (1420) for mini_module_1364.mlir - runtime: 10.760000000000002
-----------------------------------------------------------
Cache hit (1420) for mini_module_1362.mlir - runtime: 10.760000000000002
-----------------------------------------------------------
Cache hit (1430) for mini_module_1360.mlir - runtime: 10.048000000000002
-----------------------------------------------------------
Cache hit (1430) for mini_module_1358.mlir - runtime: 10.048000000000002
-----------------------------------------------------------
Cache hit (1426) for mini_module_1356.mlir - runtime: 10.080000000000002
-----------------------------------------------------------
Cache hit (1424) for mini_module_1354.mlir - runtime: 10.544000000000002
-----------------------------------------------------------
Cache hit (1422) for mini_module_1352.mlir - runtime: 10.56
-----------------------------------------------------------
Cache hit (1420) for mini_module_1350.mlir - runtime: 10.760000000000002
-----------------------------------------------------------
Cache hit (1420) for mini_module_1348.mlir - runtime: 10.760000000000002
-----------------------------------------------------------
Cache hit (1430) for mini_module_1346.mlir - runtime: 10.048000000000002
-----------------------------------------------------------
Cache hit (1430) for mini_module_1344.mlir - runtime: 10.048000000000002
-----------------------------------------------------------
Cache hit (1426) for mini_module_1342.mlir - runtime: 10.080000000000002
-----------------------------------------------------------
Cache hit (1424) for mini_module_1340.mlir - runtime: 10.544000000000002
-----------------------------------------------------------
Cache hit (1422) for mini_module_1338.mlir - runtime: 10.56
-----------------------------------------------------------
Cache hit (1420) for mini_module_1336.mlir - runtime: 10.760000000000002
-----------------------------------------------------------
Cache hit (1420) for mini_module_1334.mlir - runtime: 10.760000000000002
-----------------------------------------------------------
Cache hit (1430) for mini_module_1332.mlir - runtime: 10.048000000000002
-----------------------------------------------------------
Cache hit (1430) for mini_module_1330.mlir - runtime: 10.048000000000002
-----------------------------------------------------------
Cache hit (1426) for mini_module_1328.mlir - runtime: 10.080000000000002
-----------------------------------------------------------
Cache hit (1424) for mini_module_1326.mlir - runtime: 10.544000000000002
-----------------------------------------------------------
Cache hit (1422) for mini_module_1324.mlir - runtime: 10.56
-----------------------------------------------------------
Cache hit (1420) for mini_module_1322.mlir - runtime: 10.760000000000002
-----------------------------------------------------------
Cache hit (1420) for mini_module_1320.mlir - runtime: 10.760000000000002
-----------------------------------------------------------
Cache hit (1430) for mini_module_1318.mlir - runtime: 10.048000000000002
-----------------------------------------------------------
Cache hit (1430) for mini_module_1316.mlir - runtime: 10.048000000000002
-----------------------------------------------------------
Cache hit (1426) for mini_module_1314.mlir - runtime: 10.080000000000002
-----------------------------------------------------------
Cache hit (1424) for mini_module_1312.mlir - runtime: 10.544000000000002
-----------------------------------------------------------
Cache hit (1422) for mini_module_1310.mlir - runtime: 10.56
-----------------------------------------------------------
Cache hit (1420) for mini_module_1308.mlir - runtime: 10.760000000000002
-----------------------------------------------------------
Cache hit (1420) for mini_module_1306.mlir - runtime: 10.760000000000002
-----------------------------------------------------------
Cache hit (1430) for mini_module_1304.mlir - runtime: 10.048000000000002
-----------------------------------------------------------
Cache hit (1430) for mini_module_1302.mlir - runtime: 10.048000000000002
-----------------------------------------------------------
Cache hit (1426) for mini_module_1300.mlir - runtime: 10.080000000000002
-----------------------------------------------------------
Cache hit (1424) for mini_module_1298.mlir - runtime: 10.544000000000002
-----------------------------------------------------------
Cache hit (1422) for mini_module_1296.mlir - runtime: 10.56
-----------------------------------------------------------
Cache hit (1420) for mini_module_1294.mlir - runtime: 10.760000000000002
-----------------------------------------------------------
Cache hit (1420) for mini_module_1292.mlir - runtime: 10.760000000000002
-----------------------------------------------------------
Cache hit (1430) for mini_module_1290.mlir - runtime: 10.048000000000002
-----------------------------------------------------------
Cache hit (1430) for mini_module_1288.mlir - runtime: 10.048000000000002
-----------------------------------------------------------
Cache hit (1426) for mini_module_1286.mlir - runtime: 10.080000000000002
-----------------------------------------------------------
Cache hit (1424) for mini_module_1284.mlir - runtime: 10.544000000000002
-----------------------------------------------------------
Cache hit (1422) for mini_module_1282.mlir - runtime: 10.56
-----------------------------------------------------------
Cache hit (1420) for mini_module_1280.mlir - runtime: 10.760000000000002
-----------------------------------------------------------
Cache hit (1420) for mini_module_1278.mlir - runtime: 10.760000000000002
-----------------------------------------------------------
Cache hit (1430) for mini_module_1276.mlir - runtime: 10.048000000000002
-----------------------------------------------------------
Cache hit (1430) for mini_module_1274.mlir - runtime: 10.048000000000002
-----------------------------------------------------------
Cache hit (1426) for mini_module_1272.mlir - runtime: 10.080000000000002
-----------------------------------------------------------
Cache hit (1424) for mini_module_1270.mlir - runtime: 10.544000000000002
-----------------------------------------------------------
Cache hit (1422) for mini_module_1268.mlir - runtime: 10.56
-----------------------------------------------------------
Cache hit (1420) for mini_module_1266.mlir - runtime: 10.760000000000002
-----------------------------------------------------------
Cache hit (1420) for mini_module_1264.mlir - runtime: 10.760000000000002
-----------------------------------------------------------
Cache hit (1430) for mini_module_1262.mlir - runtime: 10.048000000000002
-----------------------------------------------------------
Cache hit (1430) for mini_module_1260.mlir - runtime: 10.048000000000002
-----------------------------------------------------------
Cache hit (1426) for mini_module_1258.mlir - runtime: 10.080000000000002
-----------------------------------------------------------
Cache hit (1424) for mini_module_1256.mlir - runtime: 10.544000000000002
-----------------------------------------------------------
Cache hit (1422) for mini_module_1254.mlir - runtime: 10.56
-----------------------------------------------------------
Cache hit (1420) for mini_module_1252.mlir - runtime: 10.760000000000002
-----------------------------------------------------------
Cache hit (1420) for mini_module_1250.mlir - runtime: 10.760000000000002
-----------------------------------------------------------
Cache hit (1430) for mini_module_1248.mlir - runtime: 10.048000000000002
-----------------------------------------------------------
Cache hit (1430) for mini_module_1246.mlir - runtime: 10.048000000000002
-----------------------------------------------------------
Cache hit (1426) for mini_module_1244.mlir - runtime: 10.080000000000002
-----------------------------------------------------------
Cache hit (1424) for mini_module_1242.mlir - runtime: 10.544000000000002
-----------------------------------------------------------
Cache hit (1422) for mini_module_1240.mlir - runtime: 10.56
-----------------------------------------------------------
Cache hit (1420) for mini_module_1238.mlir - runtime: 10.760000000000002
-----------------------------------------------------------
Cache hit (1420) for mini_module_1236.mlir - runtime: 10.760000000000002
-----------------------------------------------------------
Cache hit (1430) for mini_module_1234.mlir - runtime: 10.048000000000002
-----------------------------------------------------------
Cache hit (1430) for mini_module_1232.mlir - runtime: 10.048000000000002
-----------------------------------------------------------
Cache hit (1426) for mini_module_1230.mlir - runtime: 10.080000000000002
-----------------------------------------------------------
Cache hit (1424) for mini_module_1228.mlir - runtime: 10.544000000000002
-----------------------------------------------------------
Cache hit (1422) for mini_module_1226.mlir - runtime: 10.56
-----------------------------------------------------------
Cache hit (1420) for mini_module_1224.mlir - runtime: 10.760000000000002
-----------------------------------------------------------
Cache hit (1420) for mini_module_1222.mlir - runtime: 10.760000000000002
-----------------------------------------------------------
Cache hit (1430) for mini_module_1220.mlir - runtime: 10.048000000000002
-----------------------------------------------------------
Cache hit (1430) for mini_module_1218.mlir - runtime: 10.048000000000002
-----------------------------------------------------------
Cache hit (1426) for mini_module_1216.mlir - runtime: 10.080000000000002
-----------------------------------------------------------
Cache hit (1424) for mini_module_1214.mlir - runtime: 10.544000000000002
-----------------------------------------------------------
Cache hit (1422) for mini_module_1212.mlir - runtime: 10.56
-----------------------------------------------------------
Cache hit (1420) for mini_module_1210.mlir - runtime: 10.760000000000002
-----------------------------------------------------------
Translating MLIR to HLO:
xla-translate --stablehlo-to-hlo-text -o /storage/ice1/5/1/cman8/shared/hespas_workload/output/llama3/500m_4h200/mini_module_1208.hlo output/llama3/500m_4h200/mini_module_1208.mlir
hlo_runner_main --num_repeats=5 --profile_execution=true --hlo_argument_mode=uninitialized /storage/ice1/5/1/cman8/shared/hespas_workload/output/llama3/500m_4h200/mini_module_1208.hlo
------------------------------------------------
Runtime estimate for mini_module_1208.mlir - runtime: 12.136000000000001
-----------------------------------------------------------
Translating MLIR to HLO:
xla-translate --stablehlo-to-hlo-text -o /storage/ice1/5/1/cman8/shared/hespas_workload/output/llama3/500m_4h200/mini_module_1206.hlo output/llama3/500m_4h200/mini_module_1206.mlir
hlo_runner_main --num_repeats=5 --profile_execution=true --hlo_argument_mode=uninitialized /storage/ice1/5/1/cman8/shared/hespas_workload/output/llama3/500m_4h200/mini_module_1206.hlo
------------------------------------------------
Runtime estimate for mini_module_1206.mlir - runtime: 603.1120000000001
-----------------------------------------------------------
Translating MLIR to HLO:
xla-translate --stablehlo-to-hlo-text -o /storage/ice1/5/1/cman8/shared/hespas_workload/output/llama3/500m_4h200/mini_module_1204.hlo output/llama3/500m_4h200/mini_module_1204.mlir
hlo_runner_main --num_repeats=5 --profile_execution=true --hlo_argument_mode=uninitialized /storage/ice1/5/1/cman8/shared/hespas_workload/output/llama3/500m_4h200/mini_module_1204.hlo
------------------------------------------------
Runtime estimate for mini_module_1204.mlir - runtime: 31.344000000000005
-----------------------------------------------------------
Translating MLIR to HLO:
xla-translate --stablehlo-to-hlo-text -o /storage/ice1/5/1/cman8/shared/hespas_workload/output/llama3/500m_4h200/mini_module_1202.hlo output/llama3/500m_4h200/mini_module_1202.mlir
hlo_runner_main --num_repeats=5 --profile_execution=true --hlo_argument_mode=uninitialized /storage/ice1/5/1/cman8/shared/hespas_workload/output/llama3/500m_4h200/mini_module_1202.hlo
------------------------------------------------
Runtime estimate for mini_module_1202.mlir - runtime: 31.12
-----------------------------------------------------------
Translating MLIR to HLO:
xla-translate --stablehlo-to-hlo-text -o /storage/ice1/5/1/cman8/shared/hespas_workload/output/llama3/500m_4h200/mini_module_1200.hlo output/llama3/500m_4h200/mini_module_1200.mlir
hlo_runner_main --num_repeats=5 --profile_execution=true --hlo_argument_mode=uninitialized /storage/ice1/5/1/cman8/shared/hespas_workload/output/llama3/500m_4h200/mini_module_1200.hlo
------------------------------------------------
Runtime estimate for mini_module_1200.mlir - runtime: 10.216000000000001
-----------------------------------------------------------
Cache hit (1200) for mini_module_1198.mlir - runtime: 10.216000000000001
-----------------------------------------------------------
Translating MLIR to HLO:
xla-translate --stablehlo-to-hlo-text -o /storage/ice1/5/1/cman8/shared/hespas_workload/output/llama3/500m_4h200/mini_module_1196.hlo output/llama3/500m_4h200/mini_module_1196.mlir
hlo_runner_main --num_repeats=5 --profile_execution=true --hlo_argument_mode=uninitialized /storage/ice1/5/1/cman8/shared/hespas_workload/output/llama3/500m_4h200/mini_module_1196.hlo
------------------------------------------------
Runtime estimate for mini_module_1196.mlir - runtime: 10.360000000000001
-----------------------------------------------------------
Translating MLIR to HLO:
xla-translate --stablehlo-to-hlo-text -o /storage/ice1/5/1/cman8/shared/hespas_workload/output/llama3/500m_4h200/mini_module_1194.hlo output/llama3/500m_4h200/mini_module_1194.mlir
hlo_runner_main --num_repeats=5 --profile_execution=true --hlo_argument_mode=uninitialized /storage/ice1/5/1/cman8/shared/hespas_workload/output/llama3/500m_4h200/mini_module_1194.hlo
------------------------------------------------
Runtime estimate for mini_module_1194.mlir - runtime: 10.688
-----------------------------------------------------------
Translating MLIR to HLO:
xla-translate --stablehlo-to-hlo-text -o /storage/ice1/5/1/cman8/shared/hespas_workload/output/llama3/500m_4h200/mini_module_1192.hlo output/llama3/500m_4h200/mini_module_1192.mlir
hlo_runner_main --num_repeats=5 --profile_execution=true --hlo_argument_mode=uninitialized /storage/ice1/5/1/cman8/shared/hespas_workload/output/llama3/500m_4h200/mini_module_1192.hlo
------------------------------------------------
Runtime estimate for mini_module_1192.mlir - runtime: 10.384000000000002
-----------------------------------------------------------
Translating MLIR to HLO:
xla-translate --stablehlo-to-hlo-text -o /storage/ice1/5/1/cman8/shared/hespas_workload/output/llama3/500m_4h200/mini_module_1190.hlo output/llama3/500m_4h200/mini_module_1190.mlir
hlo_runner_main --num_repeats=5 --profile_execution=true --hlo_argument_mode=uninitialized /storage/ice1/5/1/cman8/shared/hespas_workload/output/llama3/500m_4h200/mini_module_1190.hlo
------------------------------------------------
Runtime estimate for mini_module_1190.mlir - runtime: 10.744000000000002
-----------------------------------------------------------
Cache hit (1190) for mini_module_1188.mlir - runtime: 10.744000000000002
-----------------------------------------------------------
Cache hit (1200) for mini_module_1186.mlir - runtime: 10.216000000000001
-----------------------------------------------------------
Cache hit (1200) for mini_module_1184.mlir - runtime: 10.216000000000001
-----------------------------------------------------------
Cache hit (1196) for mini_module_1182.mlir - runtime: 10.360000000000001
-----------------------------------------------------------
Cache hit (1194) for mini_module_1180.mlir - runtime: 10.688
-----------------------------------------------------------
Cache hit (1192) for mini_module_1178.mlir - runtime: 10.384000000000002
-----------------------------------------------------------
Cache hit (1190) for mini_module_1176.mlir - runtime: 10.744000000000002
-----------------------------------------------------------
Cache hit (1190) for mini_module_1174.mlir - runtime: 10.744000000000002
-----------------------------------------------------------
Cache hit (1200) for mini_module_1172.mlir - runtime: 10.216000000000001
-----------------------------------------------------------
Cache hit (1200) for mini_module_1170.mlir - runtime: 10.216000000000001
-----------------------------------------------------------
Cache hit (1196) for mini_module_1168.mlir - runtime: 10.360000000000001
-----------------------------------------------------------
Cache hit (1194) for mini_module_1166.mlir - runtime: 10.688
-----------------------------------------------------------
Cache hit (1192) for mini_module_1164.mlir - runtime: 10.384000000000002
-----------------------------------------------------------
Cache hit (1190) for mini_module_1162.mlir - runtime: 10.744000000000002
-----------------------------------------------------------
Cache hit (1190) for mini_module_1160.mlir - runtime: 10.744000000000002
-----------------------------------------------------------
Cache hit (1200) for mini_module_1158.mlir - runtime: 10.216000000000001
-----------------------------------------------------------
Cache hit (1200) for mini_module_1156.mlir - runtime: 10.216000000000001
-----------------------------------------------------------
Cache hit (1196) for mini_module_1154.mlir - runtime: 10.360000000000001
-----------------------------------------------------------
Cache hit (1194) for mini_module_1152.mlir - runtime: 10.688
-----------------------------------------------------------
Cache hit (1192) for mini_module_1150.mlir - runtime: 10.384000000000002
-----------------------------------------------------------
Cache hit (1190) for mini_module_1148.mlir - runtime: 10.744000000000002
-----------------------------------------------------------
Cache hit (1190) for mini_module_1146.mlir - runtime: 10.744000000000002
-----------------------------------------------------------
Cache hit (1200) for mini_module_1144.mlir - runtime: 10.216000000000001
-----------------------------------------------------------
Cache hit (1200) for mini_module_1142.mlir - runtime: 10.216000000000001
-----------------------------------------------------------
Cache hit (1196) for mini_module_1140.mlir - runtime: 10.360000000000001
-----------------------------------------------------------
Cache hit (1194) for mini_module_1138.mlir - runtime: 10.688
-----------------------------------------------------------
Cache hit (1192) for mini_module_1136.mlir - runtime: 10.384000000000002
-----------------------------------------------------------
Cache hit (1190) for mini_module_1134.mlir - runtime: 10.744000000000002
-----------------------------------------------------------
Cache hit (1190) for mini_module_1132.mlir - runtime: 10.744000000000002
-----------------------------------------------------------
Cache hit (1200) for mini_module_1130.mlir - runtime: 10.216000000000001
-----------------------------------------------------------
Cache hit (1200) for mini_module_1128.mlir - runtime: 10.216000000000001
-----------------------------------------------------------
Cache hit (1196) for mini_module_1126.mlir - runtime: 10.360000000000001
-----------------------------------------------------------
Cache hit (1194) for mini_module_1124.mlir - runtime: 10.688
-----------------------------------------------------------
Cache hit (1192) for mini_module_1122.mlir - runtime: 10.384000000000002
-----------------------------------------------------------
Cache hit (1190) for mini_module_1120.mlir - runtime: 10.744000000000002
-----------------------------------------------------------
Cache hit (1190) for mini_module_1118.mlir - runtime: 10.744000000000002
-----------------------------------------------------------
Cache hit (1200) for mini_module_1116.mlir - runtime: 10.216000000000001
-----------------------------------------------------------
Cache hit (1200) for mini_module_1114.mlir - runtime: 10.216000000000001
-----------------------------------------------------------
Cache hit (1196) for mini_module_1112.mlir - runtime: 10.360000000000001
-----------------------------------------------------------
Cache hit (1194) for mini_module_1110.mlir - runtime: 10.688
-----------------------------------------------------------
Cache hit (1192) for mini_module_1108.mlir - runtime: 10.384000000000002
-----------------------------------------------------------
Cache hit (1190) for mini_module_1106.mlir - runtime: 10.744000000000002
-----------------------------------------------------------
Cache hit (1190) for mini_module_1104.mlir - runtime: 10.744000000000002
-----------------------------------------------------------
Cache hit (1200) for mini_module_1102.mlir - runtime: 10.216000000000001
-----------------------------------------------------------
Cache hit (1200) for mini_module_1100.mlir - runtime: 10.216000000000001
-----------------------------------------------------------
Cache hit (1196) for mini_module_1098.mlir - runtime: 10.360000000000001
-----------------------------------------------------------
Cache hit (1194) for mini_module_1096.mlir - runtime: 10.688
-----------------------------------------------------------
Cache hit (1192) for mini_module_1094.mlir - runtime: 10.384000000000002
-----------------------------------------------------------
Cache hit (1190) for mini_module_1092.mlir - runtime: 10.744000000000002
-----------------------------------------------------------
Cache hit (1190) for mini_module_1090.mlir - runtime: 10.744000000000002
-----------------------------------------------------------
Cache hit (1200) for mini_module_1088.mlir - runtime: 10.216000000000001
-----------------------------------------------------------
Cache hit (1200) for mini_module_1086.mlir - runtime: 10.216000000000001
-----------------------------------------------------------
Cache hit (1196) for mini_module_1084.mlir - runtime: 10.360000000000001
-----------------------------------------------------------
Cache hit (1194) for mini_module_1082.mlir - runtime: 10.688
-----------------------------------------------------------
Cache hit (1192) for mini_module_1080.mlir - runtime: 10.384000000000002
-----------------------------------------------------------
Cache hit (1190) for mini_module_1078.mlir - runtime: 10.744000000000002
-----------------------------------------------------------
Cache hit (1190) for mini_module_1076.mlir - runtime: 10.744000000000002
-----------------------------------------------------------
Cache hit (1200) for mini_module_1074.mlir - runtime: 10.216000000000001
-----------------------------------------------------------
Cache hit (1200) for mini_module_1072.mlir - runtime: 10.216000000000001
-----------------------------------------------------------
Cache hit (1196) for mini_module_1070.mlir - runtime: 10.360000000000001
-----------------------------------------------------------
Cache hit (1194) for mini_module_1068.mlir - runtime: 10.688
-----------------------------------------------------------
Cache hit (1192) for mini_module_1066.mlir - runtime: 10.384000000000002
-----------------------------------------------------------
Cache hit (1190) for mini_module_1064.mlir - runtime: 10.744000000000002
-----------------------------------------------------------
Cache hit (1190) for mini_module_1062.mlir - runtime: 10.744000000000002
-----------------------------------------------------------
Cache hit (1200) for mini_module_1060.mlir - runtime: 10.216000000000001
-----------------------------------------------------------
Cache hit (1200) for mini_module_1058.mlir - runtime: 10.216000000000001
-----------------------------------------------------------
Cache hit (1196) for mini_module_1056.mlir - runtime: 10.360000000000001
-----------------------------------------------------------
Cache hit (1194) for mini_module_1054.mlir - runtime: 10.688
-----------------------------------------------------------
Cache hit (1192) for mini_module_1052.mlir - runtime: 10.384000000000002
-----------------------------------------------------------
Cache hit (1190) for mini_module_1050.mlir - runtime: 10.744000000000002
-----------------------------------------------------------
Cache hit (1190) for mini_module_1048.mlir - runtime: 10.744000000000002
-----------------------------------------------------------
Cache hit (1200) for mini_module_1046.mlir - runtime: 10.216000000000001
-----------------------------------------------------------
Cache hit (1200) for mini_module_1044.mlir - runtime: 10.216000000000001
-----------------------------------------------------------
Cache hit (1196) for mini_module_1042.mlir - runtime: 10.360000000000001
-----------------------------------------------------------
Cache hit (1194) for mini_module_1040.mlir - runtime: 10.688
-----------------------------------------------------------
Cache hit (1192) for mini_module_1038.mlir - runtime: 10.384000000000002
-----------------------------------------------------------
Cache hit (1190) for mini_module_1036.mlir - runtime: 10.744000000000002
-----------------------------------------------------------
Cache hit (1190) for mini_module_1034.mlir - runtime: 10.744000000000002
-----------------------------------------------------------
Cache hit (1200) for mini_module_1032.mlir - runtime: 10.216000000000001
-----------------------------------------------------------
Cache hit (1200) for mini_module_1030.mlir - runtime: 10.216000000000001
-----------------------------------------------------------
Cache hit (1196) for mini_module_1028.mlir - runtime: 10.360000000000001
-----------------------------------------------------------
Cache hit (1194) for mini_module_1026.mlir - runtime: 10.688
-----------------------------------------------------------
Cache hit (1192) for mini_module_1024.mlir - runtime: 10.384000000000002
-----------------------------------------------------------
Cache hit (1190) for mini_module_1022.mlir - runtime: 10.744000000000002
-----------------------------------------------------------
Cache hit (1190) for mini_module_1020.mlir - runtime: 10.744000000000002
-----------------------------------------------------------
Cache hit (1200) for mini_module_1018.mlir - runtime: 10.216000000000001
-----------------------------------------------------------
Cache hit (1200) for mini_module_1016.mlir - runtime: 10.216000000000001
-----------------------------------------------------------
Cache hit (1196) for mini_module_1014.mlir - runtime: 10.360000000000001
-----------------------------------------------------------
Cache hit (1194) for mini_module_1012.mlir - runtime: 10.688
-----------------------------------------------------------
Cache hit (1192) for mini_module_1010.mlir - runtime: 10.384000000000002
-----------------------------------------------------------
Cache hit (1190) for mini_module_1008.mlir - runtime: 10.744000000000002
-----------------------------------------------------------
Cache hit (1190) for mini_module_1006.mlir - runtime: 10.744000000000002
-----------------------------------------------------------
Cache hit (1200) for mini_module_1004.mlir - runtime: 10.216000000000001
-----------------------------------------------------------
Cache hit (1200) for mini_module_1002.mlir - runtime: 10.216000000000001
-----------------------------------------------------------
Cache hit (1196) for mini_module_1000.mlir - runtime: 10.360000000000001
-----------------------------------------------------------
Cache hit (1194) for mini_module_998.mlir - runtime: 10.688
-----------------------------------------------------------
Cache hit (1192) for mini_module_996.mlir - runtime: 10.384000000000002
-----------------------------------------------------------
Cache hit (1190) for mini_module_994.mlir - runtime: 10.744000000000002
-----------------------------------------------------------
Cache hit (1190) for mini_module_992.mlir - runtime: 10.744000000000002
-----------------------------------------------------------
Cache hit (1200) for mini_module_990.mlir - runtime: 10.216000000000001
-----------------------------------------------------------
Cache hit (1200) for mini_module_988.mlir - runtime: 10.216000000000001
-----------------------------------------------------------
Cache hit (1196) for mini_module_986.mlir - runtime: 10.360000000000001
-----------------------------------------------------------
Cache hit (1194) for mini_module_984.mlir - runtime: 10.688
-----------------------------------------------------------
Cache hit (1192) for mini_module_982.mlir - runtime: 10.384000000000002
-----------------------------------------------------------
Cache hit (1190) for mini_module_980.mlir - runtime: 10.744000000000002
-----------------------------------------------------------
Translating MLIR to HLO:
xla-translate --stablehlo-to-hlo-text -o /storage/ice1/5/1/cman8/shared/hespas_workload/output/llama3/500m_4h200/mini_module_978.hlo output/llama3/500m_4h200/mini_module_978.mlir
hlo_runner_main --num_repeats=5 --profile_execution=true --hlo_argument_mode=uninitialized /storage/ice1/5/1/cman8/shared/hespas_workload/output/llama3/500m_4h200/mini_module_978.hlo
------------------------------------------------
Runtime estimate for mini_module_978.mlir - runtime: 331.52000000000004
-----------------------------------------------------------
Translating MLIR to HLO:
xla-translate --stablehlo-to-hlo-text -o /storage/ice1/5/1/cman8/shared/hespas_workload/output/llama3/500m_4h200/mini_module_977.hlo output/llama3/500m_4h200/mini_module_977.mlir
hlo_runner_main --num_repeats=5 --profile_execution=true --hlo_argument_mode=uninitialized /storage/ice1/5/1/cman8/shared/hespas_workload/output/llama3/500m_4h200/mini_module_977.hlo
------------------------------------------------
Runtime estimate for mini_module_977.mlir - runtime: 248.99200000000002
-----------------------------------------------------------
Translating MLIR to HLO:
xla-translate --stablehlo-to-hlo-text -o /storage/ice1/5/1/cman8/shared/hespas_workload/output/llama3/500m_4h200/mini_module_976.hlo output/llama3/500m_4h200/mini_module_976.mlir
hlo_runner_main --num_repeats=5 --profile_execution=true --hlo_argument_mode=uninitialized /storage/ice1/5/1/cman8/shared/hespas_workload/output/llama3/500m_4h200/mini_module_976.hlo
------------------------------------------------
Runtime estimate for mini_module_976.mlir - runtime: 179.83200000000002
-----------------------------------------------------------
Translating MLIR to HLO:
xla-translate --stablehlo-to-hlo-text -o /storage/ice1/5/1/cman8/shared/hespas_workload/output/llama3/500m_4h200/mini_module_974.hlo output/llama3/500m_4h200/mini_module_974.mlir
hlo_runner_main --num_repeats=5 --profile_execution=true --hlo_argument_mode=uninitialized /storage/ice1/5/1/cman8/shared/hespas_workload/output/llama3/500m_4h200/mini_module_974.hlo
------------------------------------------------
Runtime estimate for mini_module_974.mlir - runtime: 33.912000000000006
-----------------------------------------------------------
Translating MLIR to HLO:
xla-translate --stablehlo-to-hlo-text -o /storage/ice1/5/1/cman8/shared/hespas_workload/output/llama3/500m_4h200/mini_module_972.hlo output/llama3/500m_4h200/mini_module_972.mlir
hlo_runner_main --num_repeats=5 --profile_execution=true --hlo_argument_mode=uninitialized /storage/ice1/5/1/cman8/shared/hespas_workload/output/llama3/500m_4h200/mini_module_972.hlo
------------------------------------------------
Runtime estimate for mini_module_972.mlir - runtime: 1544.9920000000002
-----------------------------------------------------------
Translating MLIR to HLO:
xla-translate --stablehlo-to-hlo-text -o /storage/ice1/5/1/cman8/shared/hespas_workload/output/llama3/500m_4h200/mini_module_970.hlo output/llama3/500m_4h200/mini_module_970.mlir
hlo_runner_main --num_repeats=5 --profile_execution=true --hlo_argument_mode=uninitialized /storage/ice1/5/1/cman8/shared/hespas_workload/output/llama3/500m_4h200/mini_module_970.hlo
------------------------------------------------
Runtime estimate for mini_module_970.mlir - runtime: 29.568000000000005
-----------------------------------------------------------
Translating MLIR to HLO:
xla-translate --stablehlo-to-hlo-text -o /storage/ice1/5/1/cman8/shared/hespas_workload/output/llama3/500m_4h200/mini_module_968.hlo output/llama3/500m_4h200/mini_module_968.mlir
hlo_runner_main --num_repeats=5 --profile_execution=true --hlo_argument_mode=uninitialized /storage/ice1/5/1/cman8/shared/hespas_workload/output/llama3/500m_4h200/mini_module_968.hlo
------------------------------------------------
Runtime estimate for mini_module_968.mlir - runtime: 1515.3520000000003
-----------------------------------------------------------
Translating MLIR to HLO:
xla-translate --stablehlo-to-hlo-text -o /storage/ice1/5/1/cman8/shared/hespas_workload/output/llama3/500m_4h200/mini_module_966.hlo output/llama3/500m_4h200/mini_module_966.mlir
hlo_runner_main --num_repeats=5 --profile_execution=true --hlo_argument_mode=uninitialized /storage/ice1/5/1/cman8/shared/hespas_workload/output/llama3/500m_4h200/mini_module_966.hlo
------------------------------------------------
Runtime estimate for mini_module_966.mlir - runtime: 8.96
-----------------------------------------------------------
Translating MLIR to HLO:
xla-translate --stablehlo-to-hlo-text -o /storage/ice1/5/1/cman8/shared/hespas_workload/output/llama3/500m_4h200/mini_module_964.hlo output/llama3/500m_4h200/mini_module_964.mlir
hlo_runner_main --num_repeats=5 --profile_execution=true --hlo_argument_mode=uninitialized /storage/ice1/5/1/cman8/shared/hespas_workload/output/llama3/500m_4h200/mini_module_964.hlo
------------------------------------------------
Runtime estimate for mini_module_964.mlir - runtime: 49.74400000000001
-----------------------------------------------------------
Cache hit (966) for mini_module_962.mlir - runtime: 8.96
-----------------------------------------------------------
Cache hit (964) for mini_module_960.mlir - runtime: 49.74400000000001
-----------------------------------------------------------
Translating MLIR to HLO:
xla-translate --stablehlo-to-hlo-text -o /storage/ice1/5/1/cman8/shared/hespas_workload/output/llama3/500m_4h200/mini_module_958.hlo output/llama3/500m_4h200/mini_module_958.mlir
hlo_runner_main --num_repeats=5 --profile_execution=true --hlo_argument_mode=uninitialized /storage/ice1/5/1/cman8/shared/hespas_workload/output/llama3/500m_4h200/mini_module_958.hlo
------------------------------------------------
Runtime estimate for mini_module_958.mlir - runtime: 8.744000000000002
-----------------------------------------------------------
Translating MLIR to HLO:
xla-translate --stablehlo-to-hlo-text -o /storage/ice1/5/1/cman8/shared/hespas_workload/output/llama3/500m_4h200/mini_module_956.hlo output/llama3/500m_4h200/mini_module_956.mlir
hlo_runner_main --num_repeats=5 --profile_execution=true --hlo_argument_mode=uninitialized /storage/ice1/5/1/cman8/shared/hespas_workload/output/llama3/500m_4h200/mini_module_956.hlo
------------------------------------------------
Runtime estimate for mini_module_956.mlir - runtime: 66.11200000000001
-----------------------------------------------------------
Cache hit (966) for mini_module_954.mlir - runtime: 8.96
-----------------------------------------------------------
Translating MLIR to HLO:
xla-translate --stablehlo-to-hlo-text -o /storage/ice1/5/1/cman8/shared/hespas_workload/output/llama3/500m_4h200/mini_module_952.hlo output/llama3/500m_4h200/mini_module_952.mlir
hlo_runner_main --num_repeats=5 --profile_execution=true --hlo_argument_mode=uninitialized /storage/ice1/5/1/cman8/shared/hespas_workload/output/llama3/500m_4h200/mini_module_952.hlo
------------------------------------------------
Runtime estimate for mini_module_952.mlir - runtime: 60.824000000000005
-----------------------------------------------------------
Translating MLIR to HLO:
xla-translate --stablehlo-to-hlo-text -o /storage/ice1/5/1/cman8/shared/hespas_workload/output/llama3/500m_4h200/mini_module_950.hlo output/llama3/500m_4h200/mini_module_950.mlir
hlo_runner_main --num_repeats=5 --profile_execution=true --hlo_argument_mode=uninitialized /storage/ice1/5/1/cman8/shared/hespas_workload/output/llama3/500m_4h200/mini_module_950.hlo
------------------------------------------------
Runtime estimate for mini_module_950.mlir - runtime: 44.77600000000001
-----------------------------------------------------------
Translating MLIR to HLO:
xla-translate --stablehlo-to-hlo-text -o /storage/ice1/5/1/cman8/shared/hespas_workload/output/llama3/500m_4h200/mini_module_948.hlo output/llama3/500m_4h200/mini_module_948.mlir
hlo_runner_main --num_repeats=5 --profile_execution=true --hlo_argument_mode=uninitialized /storage/ice1/5/1/cman8/shared/hespas_workload/output/llama3/500m_4h200/mini_module_948.hlo
------------------------------------------------
Runtime estimate for mini_module_948.mlir - runtime: 30.672
-----------------------------------------------------------
Translating MLIR to HLO:
xla-translate --stablehlo-to-hlo-text -o /storage/ice1/5/1/cman8/shared/hespas_workload/output/llama3/500m_4h200/mini_module_946.hlo output/llama3/500m_4h200/mini_module_946.mlir
hlo_runner_main --num_repeats=5 --profile_execution=true --hlo_argument_mode=uninitialized /storage/ice1/5/1/cman8/shared/hespas_workload/output/llama3/500m_4h200/mini_module_946.hlo
------------------------------------------------
Runtime estimate for mini_module_946.mlir - runtime: 9.296000000000001
-----------------------------------------------------------
Translating MLIR to HLO:
xla-translate --stablehlo-to-hlo-text -o /storage/ice1/5/1/cman8/shared/hespas_workload/output/llama3/500m_4h200/mini_module_944.hlo output/llama3/500m_4h200/mini_module_944.mlir
hlo_runner_main --num_repeats=5 --profile_execution=true --hlo_argument_mode=uninitialized /storage/ice1/5/1/cman8/shared/hespas_workload/output/llama3/500m_4h200/mini_module_944.hlo
------------------------------------------------
Runtime estimate for mini_module_944.mlir - runtime: 96.94400000000002
-----------------------------------------------------------
Translating MLIR to HLO:
xla-translate --stablehlo-to-hlo-text -o /storage/ice1/5/1/cman8/shared/hespas_workload/output/llama3/500m_4h200/mini_module_942.hlo output/llama3/500m_4h200/mini_module_942.mlir
hlo_runner_main --num_repeats=5 --profile_execution=true --hlo_argument_mode=uninitialized /storage/ice1/5/1/cman8/shared/hespas_workload/output/llama3/500m_4h200/mini_module_942.hlo
------------------------------------------------
Runtime estimate for mini_module_942.mlir - runtime: 9.000000000000002
-----------------------------------------------------------
Translating MLIR to HLO:
xla-translate --stablehlo-to-hlo-text -o /storage/ice1/5/1/cman8/shared/hespas_workload/output/llama3/500m_4h200/mini_module_940.hlo output/llama3/500m_4h200/mini_module_940.mlir
hlo_runner_main --num_repeats=5 --profile_execution=true --hlo_argument_mode=uninitialized /storage/ice1/5/1/cman8/shared/hespas_workload/output/llama3/500m_4h200/mini_module_940.hlo
------------------------------------------------
Runtime estimate for mini_module_940.mlir - runtime: 70.11200000000001
-----------------------------------------------------------
Cache hit (942) for mini_module_938.mlir - runtime: 9.000000000000002
-----------------------------------------------------------
Translating MLIR to HLO:
xla-translate --stablehlo-to-hlo-text -o /storage/ice1/5/1/cman8/shared/hespas_workload/output/llama3/500m_4h200/mini_module_936.hlo output/llama3/500m_4h200/mini_module_936.mlir
hlo_runner_main --num_repeats=5 --profile_execution=true --hlo_argument_mode=uninitialized /storage/ice1/5/1/cman8/shared/hespas_workload/output/llama3/500m_4h200/mini_module_936.hlo
------------------------------------------------
Runtime estimate for mini_module_936.mlir - runtime: 86.49600000000001
-----------------------------------------------------------
Cache hit (966) for mini_module_934.mlir - runtime: 8.96
-----------------------------------------------------------
Cache hit (964) for mini_module_932.mlir - runtime: 49.74400000000001
-----------------------------------------------------------
Cache hit (966) for mini_module_930.mlir - runtime: 8.96
-----------------------------------------------------------
Cache hit (964) for mini_module_928.mlir - runtime: 49.74400000000001
-----------------------------------------------------------
Cache hit (958) for mini_module_926.mlir - runtime: 8.744000000000002
-----------------------------------------------------------
Cache hit (956) for mini_module_924.mlir - runtime: 66.11200000000001
-----------------------------------------------------------
Cache hit (966) for mini_module_922.mlir - runtime: 8.96
-----------------------------------------------------------
Cache hit (952) for mini_module_920.mlir - runtime: 60.824000000000005
-----------------------------------------------------------
Cache hit (950) for mini_module_918.mlir - runtime: 44.77600000000001
-----------------------------------------------------------
Cache hit (948) for mini_module_916.mlir - runtime: 30.672
-----------------------------------------------------------
Cache hit (946) for mini_module_914.mlir - runtime: 9.296000000000001
-----------------------------------------------------------
Cache hit (944) for mini_module_912.mlir - runtime: 96.94400000000002
-----------------------------------------------------------
Cache hit (942) for mini_module_910.mlir - runtime: 9.000000000000002
-----------------------------------------------------------
Cache hit (940) for mini_module_908.mlir - runtime: 70.11200000000001
-----------------------------------------------------------
Cache hit (942) for mini_module_906.mlir - runtime: 9.000000000000002
-----------------------------------------------------------
Cache hit (936) for mini_module_904.mlir - runtime: 86.49600000000001
-----------------------------------------------------------
Cache hit (966) for mini_module_902.mlir - runtime: 8.96
-----------------------------------------------------------
Cache hit (964) for mini_module_900.mlir - runtime: 49.74400000000001
-----------------------------------------------------------
Cache hit (966) for mini_module_898.mlir - runtime: 8.96
-----------------------------------------------------------
Cache hit (964) for mini_module_896.mlir - runtime: 49.74400000000001
-----------------------------------------------------------
Cache hit (958) for mini_module_894.mlir - runtime: 8.744000000000002
-----------------------------------------------------------
Cache hit (956) for mini_module_892.mlir - runtime: 66.11200000000001
-----------------------------------------------------------
Cache hit (966) for mini_module_890.mlir - runtime: 8.96
-----------------------------------------------------------
Cache hit (952) for mini_module_888.mlir - runtime: 60.824000000000005
-----------------------------------------------------------
Cache hit (950) for mini_module_886.mlir - runtime: 44.77600000000001
-----------------------------------------------------------
Cache hit (948) for mini_module_884.mlir - runtime: 30.672
-----------------------------------------------------------
Cache hit (946) for mini_module_882.mlir - runtime: 9.296000000000001
-----------------------------------------------------------
Cache hit (944) for mini_module_880.mlir - runtime: 96.94400000000002
-----------------------------------------------------------
Cache hit (942) for mini_module_878.mlir - runtime: 9.000000000000002
-----------------------------------------------------------
Cache hit (940) for mini_module_876.mlir - runtime: 70.11200000000001
-----------------------------------------------------------
Cache hit (942) for mini_module_874.mlir - runtime: 9.000000000000002
-----------------------------------------------------------
Cache hit (936) for mini_module_872.mlir - runtime: 86.49600000000001
-----------------------------------------------------------
Cache hit (966) for mini_module_870.mlir - runtime: 8.96
-----------------------------------------------------------
Cache hit (964) for mini_module_868.mlir - runtime: 49.74400000000001
-----------------------------------------------------------
Cache hit (966) for mini_module_866.mlir - runtime: 8.96
-----------------------------------------------------------
Cache hit (964) for mini_module_864.mlir - runtime: 49.74400000000001
-----------------------------------------------------------
Cache hit (958) for mini_module_862.mlir - runtime: 8.744000000000002
-----------------------------------------------------------
Cache hit (956) for mini_module_860.mlir - runtime: 66.11200000000001
-----------------------------------------------------------
Cache hit (966) for mini_module_858.mlir - runtime: 8.96
-----------------------------------------------------------
Cache hit (952) for mini_module_856.mlir - runtime: 60.824000000000005
-----------------------------------------------------------
Cache hit (950) for mini_module_854.mlir - runtime: 44.77600000000001
-----------------------------------------------------------
Cache hit (948) for mini_module_852.mlir - runtime: 30.672
-----------------------------------------------------------
Cache hit (946) for mini_module_850.mlir - runtime: 9.296000000000001
-----------------------------------------------------------
Cache hit (944) for mini_module_848.mlir - runtime: 96.94400000000002
-----------------------------------------------------------
Cache hit (942) for mini_module_846.mlir - runtime: 9.000000000000002
-----------------------------------------------------------
Cache hit (940) for mini_module_844.mlir - runtime: 70.11200000000001
-----------------------------------------------------------
Cache hit (942) for mini_module_842.mlir - runtime: 9.000000000000002
-----------------------------------------------------------
Cache hit (936) for mini_module_840.mlir - runtime: 86.49600000000001
-----------------------------------------------------------
Cache hit (966) for mini_module_838.mlir - runtime: 8.96
-----------------------------------------------------------
Cache hit (964) for mini_module_836.mlir - runtime: 49.74400000000001
-----------------------------------------------------------
Cache hit (966) for mini_module_834.mlir - runtime: 8.96
-----------------------------------------------------------
Cache hit (964) for mini_module_832.mlir - runtime: 49.74400000000001
-----------------------------------------------------------
Cache hit (958) for mini_module_830.mlir - runtime: 8.744000000000002
-----------------------------------------------------------
Cache hit (956) for mini_module_828.mlir - runtime: 66.11200000000001
-----------------------------------------------------------
Cache hit (966) for mini_module_826.mlir - runtime: 8.96
-----------------------------------------------------------
Cache hit (952) for mini_module_824.mlir - runtime: 60.824000000000005
-----------------------------------------------------------
Cache hit (950) for mini_module_822.mlir - runtime: 44.77600000000001
-----------------------------------------------------------
Cache hit (948) for mini_module_820.mlir - runtime: 30.672
-----------------------------------------------------------
Cache hit (946) for mini_module_818.mlir - runtime: 9.296000000000001
-----------------------------------------------------------
Cache hit (944) for mini_module_816.mlir - runtime: 96.94400000000002
-----------------------------------------------------------
Cache hit (942) for mini_module_814.mlir - runtime: 9.000000000000002
-----------------------------------------------------------
Cache hit (940) for mini_module_812.mlir - runtime: 70.11200000000001
-----------------------------------------------------------
Cache hit (942) for mini_module_810.mlir - runtime: 9.000000000000002
-----------------------------------------------------------
Cache hit (936) for mini_module_808.mlir - runtime: 86.49600000000001
-----------------------------------------------------------
Cache hit (966) for mini_module_806.mlir - runtime: 8.96
-----------------------------------------------------------
Cache hit (964) for mini_module_804.mlir - runtime: 49.74400000000001
-----------------------------------------------------------
Cache hit (966) for mini_module_802.mlir - runtime: 8.96
-----------------------------------------------------------
Cache hit (964) for mini_module_800.mlir - runtime: 49.74400000000001
-----------------------------------------------------------
Cache hit (958) for mini_module_798.mlir - runtime: 8.744000000000002
-----------------------------------------------------------
Cache hit (956) for mini_module_796.mlir - runtime: 66.11200000000001
-----------------------------------------------------------
Cache hit (966) for mini_module_794.mlir - runtime: 8.96
-----------------------------------------------------------
Cache hit (952) for mini_module_792.mlir - runtime: 60.824000000000005
-----------------------------------------------------------
Cache hit (950) for mini_module_790.mlir - runtime: 44.77600000000001
-----------------------------------------------------------
Cache hit (948) for mini_module_788.mlir - runtime: 30.672
-----------------------------------------------------------
Cache hit (946) for mini_module_786.mlir - runtime: 9.296000000000001
-----------------------------------------------------------
Cache hit (944) for mini_module_784.mlir - runtime: 96.94400000000002
-----------------------------------------------------------
Cache hit (942) for mini_module_782.mlir - runtime: 9.000000000000002
-----------------------------------------------------------
Cache hit (940) for mini_module_780.mlir - runtime: 70.11200000000001
-----------------------------------------------------------
Cache hit (942) for mini_module_778.mlir - runtime: 9.000000000000002
-----------------------------------------------------------
Cache hit (936) for mini_module_776.mlir - runtime: 86.49600000000001
-----------------------------------------------------------
Cache hit (966) for mini_module_774.mlir - runtime: 8.96
-----------------------------------------------------------
Cache hit (964) for mini_module_772.mlir - runtime: 49.74400000000001
-----------------------------------------------------------
Cache hit (966) for mini_module_770.mlir - runtime: 8.96
-----------------------------------------------------------
Cache hit (964) for mini_module_768.mlir - runtime: 49.74400000000001
-----------------------------------------------------------
Cache hit (958) for mini_module_766.mlir - runtime: 8.744000000000002
-----------------------------------------------------------
Cache hit (956) for mini_module_764.mlir - runtime: 66.11200000000001
-----------------------------------------------------------
Cache hit (966) for mini_module_762.mlir - runtime: 8.96
-----------------------------------------------------------
Cache hit (952) for mini_module_760.mlir - runtime: 60.824000000000005
-----------------------------------------------------------
Cache hit (950) for mini_module_758.mlir - runtime: 44.77600000000001
-----------------------------------------------------------
Cache hit (948) for mini_module_756.mlir - runtime: 30.672
-----------------------------------------------------------
Cache hit (946) for mini_module_754.mlir - runtime: 9.296000000000001
-----------------------------------------------------------
Cache hit (944) for mini_module_752.mlir - runtime: 96.94400000000002
-----------------------------------------------------------
Cache hit (942) for mini_module_750.mlir - runtime: 9.000000000000002
-----------------------------------------------------------
Cache hit (940) for mini_module_748.mlir - runtime: 70.11200000000001
-----------------------------------------------------------
Cache hit (942) for mini_module_746.mlir - runtime: 9.000000000000002
-----------------------------------------------------------
Cache hit (936) for mini_module_744.mlir - runtime: 86.49600000000001
-----------------------------------------------------------
Cache hit (966) for mini_module_742.mlir - runtime: 8.96
-----------------------------------------------------------
Cache hit (964) for mini_module_740.mlir - runtime: 49.74400000000001
-----------------------------------------------------------
Cache hit (966) for mini_module_738.mlir - runtime: 8.96
-----------------------------------------------------------
Cache hit (964) for mini_module_736.mlir - runtime: 49.74400000000001
-----------------------------------------------------------
Cache hit (958) for mini_module_734.mlir - runtime: 8.744000000000002
-----------------------------------------------------------
Cache hit (956) for mini_module_732.mlir - runtime: 66.11200000000001
-----------------------------------------------------------
Cache hit (966) for mini_module_730.mlir - runtime: 8.96
-----------------------------------------------------------
Cache hit (952) for mini_module_728.mlir - runtime: 60.824000000000005
-----------------------------------------------------------
Cache hit (950) for mini_module_726.mlir - runtime: 44.77600000000001
-----------------------------------------------------------
Cache hit (948) for mini_module_724.mlir - runtime: 30.672
-----------------------------------------------------------
Cache hit (946) for mini_module_722.mlir - runtime: 9.296000000000001
-----------------------------------------------------------
Cache hit (944) for mini_module_720.mlir - runtime: 96.94400000000002
-----------------------------------------------------------
Cache hit (942) for mini_module_718.mlir - runtime: 9.000000000000002
-----------------------------------------------------------
Cache hit (940) for mini_module_716.mlir - runtime: 70.11200000000001
-----------------------------------------------------------
Cache hit (942) for mini_module_714.mlir - runtime: 9.000000000000002
-----------------------------------------------------------
Cache hit (936) for mini_module_712.mlir - runtime: 86.49600000000001
-----------------------------------------------------------
Cache hit (966) for mini_module_710.mlir - runtime: 8.96
-----------------------------------------------------------
Cache hit (964) for mini_module_708.mlir - runtime: 49.74400000000001
-----------------------------------------------------------
Cache hit (966) for mini_module_706.mlir - runtime: 8.96
-----------------------------------------------------------
Cache hit (964) for mini_module_704.mlir - runtime: 49.74400000000001
-----------------------------------------------------------
Cache hit (958) for mini_module_702.mlir - runtime: 8.744000000000002
-----------------------------------------------------------
Cache hit (956) for mini_module_700.mlir - runtime: 66.11200000000001
-----------------------------------------------------------
Cache hit (966) for mini_module_698.mlir - runtime: 8.96
-----------------------------------------------------------
Cache hit (952) for mini_module_696.mlir - runtime: 60.824000000000005
-----------------------------------------------------------
Cache hit (950) for mini_module_694.mlir - runtime: 44.77600000000001
-----------------------------------------------------------
Cache hit (948) for mini_module_692.mlir - runtime: 30.672
-----------------------------------------------------------
Cache hit (946) for mini_module_690.mlir - runtime: 9.296000000000001
-----------------------------------------------------------
Cache hit (944) for mini_module_688.mlir - runtime: 96.94400000000002
-----------------------------------------------------------
Cache hit (942) for mini_module_686.mlir - runtime: 9.000000000000002
-----------------------------------------------------------
Cache hit (940) for mini_module_684.mlir - runtime: 70.11200000000001
-----------------------------------------------------------
Cache hit (942) for mini_module_682.mlir - runtime: 9.000000000000002
-----------------------------------------------------------
Cache hit (936) for mini_module_680.mlir - runtime: 86.49600000000001
-----------------------------------------------------------
Cache hit (966) for mini_module_678.mlir - runtime: 8.96
-----------------------------------------------------------
Cache hit (964) for mini_module_676.mlir - runtime: 49.74400000000001
-----------------------------------------------------------
Cache hit (966) for mini_module_674.mlir - runtime: 8.96
-----------------------------------------------------------
Cache hit (964) for mini_module_672.mlir - runtime: 49.74400000000001
-----------------------------------------------------------
Cache hit (958) for mini_module_670.mlir - runtime: 8.744000000000002
-----------------------------------------------------------
Cache hit (956) for mini_module_668.mlir - runtime: 66.11200000000001
-----------------------------------------------------------
Cache hit (966) for mini_module_666.mlir - runtime: 8.96
-----------------------------------------------------------
Cache hit (952) for mini_module_664.mlir - runtime: 60.824000000000005
-----------------------------------------------------------
Cache hit (950) for mini_module_662.mlir - runtime: 44.77600000000001
-----------------------------------------------------------
Cache hit (948) for mini_module_660.mlir - runtime: 30.672
-----------------------------------------------------------
Cache hit (946) for mini_module_658.mlir - runtime: 9.296000000000001
-----------------------------------------------------------
Cache hit (944) for mini_module_656.mlir - runtime: 96.94400000000002
-----------------------------------------------------------
Cache hit (942) for mini_module_654.mlir - runtime: 9.000000000000002
-----------------------------------------------------------
Cache hit (940) for mini_module_652.mlir - runtime: 70.11200000000001
-----------------------------------------------------------
Cache hit (942) for mini_module_650.mlir - runtime: 9.000000000000002
-----------------------------------------------------------
Cache hit (936) for mini_module_648.mlir - runtime: 86.49600000000001
-----------------------------------------------------------
Cache hit (966) for mini_module_646.mlir - runtime: 8.96
-----------------------------------------------------------
Cache hit (964) for mini_module_644.mlir - runtime: 49.74400000000001
-----------------------------------------------------------
Cache hit (966) for mini_module_642.mlir - runtime: 8.96
-----------------------------------------------------------
Cache hit (964) for mini_module_640.mlir - runtime: 49.74400000000001
-----------------------------------------------------------
Cache hit (958) for mini_module_638.mlir - runtime: 8.744000000000002
-----------------------------------------------------------
Cache hit (956) for mini_module_636.mlir - runtime: 66.11200000000001
-----------------------------------------------------------
Cache hit (966) for mini_module_634.mlir - runtime: 8.96
-----------------------------------------------------------
Cache hit (952) for mini_module_632.mlir - runtime: 60.824000000000005
-----------------------------------------------------------
Cache hit (950) for mini_module_630.mlir - runtime: 44.77600000000001
-----------------------------------------------------------
Cache hit (948) for mini_module_628.mlir - runtime: 30.672
-----------------------------------------------------------
Cache hit (946) for mini_module_626.mlir - runtime: 9.296000000000001
-----------------------------------------------------------
Cache hit (944) for mini_module_624.mlir - runtime: 96.94400000000002
-----------------------------------------------------------
Cache hit (942) for mini_module_622.mlir - runtime: 9.000000000000002
-----------------------------------------------------------
Cache hit (940) for mini_module_620.mlir - runtime: 70.11200000000001
-----------------------------------------------------------
Cache hit (942) for mini_module_618.mlir - runtime: 9.000000000000002
-----------------------------------------------------------
Cache hit (936) for mini_module_616.mlir - runtime: 86.49600000000001
-----------------------------------------------------------
Cache hit (966) for mini_module_614.mlir - runtime: 8.96
-----------------------------------------------------------
Cache hit (964) for mini_module_612.mlir - runtime: 49.74400000000001
-----------------------------------------------------------
Cache hit (966) for mini_module_610.mlir - runtime: 8.96
-----------------------------------------------------------
Cache hit (964) for mini_module_608.mlir - runtime: 49.74400000000001
-----------------------------------------------------------
Cache hit (958) for mini_module_606.mlir - runtime: 8.744000000000002
-----------------------------------------------------------
Cache hit (956) for mini_module_604.mlir - runtime: 66.11200000000001
-----------------------------------------------------------
Cache hit (966) for mini_module_602.mlir - runtime: 8.96
-----------------------------------------------------------
Cache hit (952) for mini_module_600.mlir - runtime: 60.824000000000005
-----------------------------------------------------------
Cache hit (950) for mini_module_598.mlir - runtime: 44.77600000000001
-----------------------------------------------------------
Cache hit (948) for mini_module_596.mlir - runtime: 30.672
-----------------------------------------------------------
Cache hit (946) for mini_module_594.mlir - runtime: 9.296000000000001
-----------------------------------------------------------
Cache hit (944) for mini_module_592.mlir - runtime: 96.94400000000002
-----------------------------------------------------------
Cache hit (942) for mini_module_590.mlir - runtime: 9.000000000000002
-----------------------------------------------------------
Cache hit (940) for mini_module_588.mlir - runtime: 70.11200000000001
-----------------------------------------------------------
Cache hit (942) for mini_module_586.mlir - runtime: 9.000000000000002
-----------------------------------------------------------
Cache hit (936) for mini_module_584.mlir - runtime: 86.49600000000001
-----------------------------------------------------------
Cache hit (966) for mini_module_582.mlir - runtime: 8.96
-----------------------------------------------------------
Cache hit (964) for mini_module_580.mlir - runtime: 49.74400000000001
-----------------------------------------------------------
Cache hit (966) for mini_module_578.mlir - runtime: 8.96
-----------------------------------------------------------
Cache hit (964) for mini_module_576.mlir - runtime: 49.74400000000001
-----------------------------------------------------------
Cache hit (958) for mini_module_574.mlir - runtime: 8.744000000000002
-----------------------------------------------------------
Cache hit (956) for mini_module_572.mlir - runtime: 66.11200000000001
-----------------------------------------------------------
Cache hit (966) for mini_module_570.mlir - runtime: 8.96
-----------------------------------------------------------
Cache hit (952) for mini_module_568.mlir - runtime: 60.824000000000005
-----------------------------------------------------------
Cache hit (950) for mini_module_566.mlir - runtime: 44.77600000000001
-----------------------------------------------------------
Cache hit (948) for mini_module_564.mlir - runtime: 30.672
-----------------------------------------------------------
Cache hit (946) for mini_module_562.mlir - runtime: 9.296000000000001
-----------------------------------------------------------
Cache hit (944) for mini_module_560.mlir - runtime: 96.94400000000002
-----------------------------------------------------------
Cache hit (942) for mini_module_558.mlir - runtime: 9.000000000000002
-----------------------------------------------------------
Cache hit (940) for mini_module_556.mlir - runtime: 70.11200000000001
-----------------------------------------------------------
Cache hit (942) for mini_module_554.mlir - runtime: 9.000000000000002
-----------------------------------------------------------
Cache hit (936) for mini_module_552.mlir - runtime: 86.49600000000001
-----------------------------------------------------------
Cache hit (966) for mini_module_550.mlir - runtime: 8.96
-----------------------------------------------------------
Cache hit (964) for mini_module_548.mlir - runtime: 49.74400000000001
-----------------------------------------------------------
Cache hit (966) for mini_module_546.mlir - runtime: 8.96
-----------------------------------------------------------
Cache hit (964) for mini_module_544.mlir - runtime: 49.74400000000001
-----------------------------------------------------------
Cache hit (958) for mini_module_542.mlir - runtime: 8.744000000000002
-----------------------------------------------------------
Cache hit (956) for mini_module_540.mlir - runtime: 66.11200000000001
-----------------------------------------------------------
Cache hit (966) for mini_module_538.mlir - runtime: 8.96
-----------------------------------------------------------
Cache hit (952) for mini_module_536.mlir - runtime: 60.824000000000005
-----------------------------------------------------------
Cache hit (950) for mini_module_534.mlir - runtime: 44.77600000000001
-----------------------------------------------------------
Cache hit (948) for mini_module_532.mlir - runtime: 30.672
-----------------------------------------------------------
Cache hit (946) for mini_module_530.mlir - runtime: 9.296000000000001
-----------------------------------------------------------
Cache hit (944) for mini_module_528.mlir - runtime: 96.94400000000002
-----------------------------------------------------------
Cache hit (942) for mini_module_526.mlir - runtime: 9.000000000000002
-----------------------------------------------------------
Cache hit (940) for mini_module_524.mlir - runtime: 70.11200000000001
-----------------------------------------------------------
Cache hit (942) for mini_module_522.mlir - runtime: 9.000000000000002
-----------------------------------------------------------
Cache hit (936) for mini_module_520.mlir - runtime: 86.49600000000001
-----------------------------------------------------------
Cache hit (966) for mini_module_518.mlir - runtime: 8.96
-----------------------------------------------------------
Cache hit (964) for mini_module_516.mlir - runtime: 49.74400000000001
-----------------------------------------------------------
Cache hit (966) for mini_module_514.mlir - runtime: 8.96
-----------------------------------------------------------
Cache hit (964) for mini_module_512.mlir - runtime: 49.74400000000001
-----------------------------------------------------------
Cache hit (958) for mini_module_510.mlir - runtime: 8.744000000000002
-----------------------------------------------------------
Cache hit (956) for mini_module_508.mlir - runtime: 66.11200000000001
-----------------------------------------------------------
Cache hit (966) for mini_module_506.mlir - runtime: 8.96
-----------------------------------------------------------
Cache hit (952) for mini_module_504.mlir - runtime: 60.824000000000005
-----------------------------------------------------------
Cache hit (950) for mini_module_502.mlir - runtime: 44.77600000000001
-----------------------------------------------------------
Cache hit (948) for mini_module_500.mlir - runtime: 30.672
-----------------------------------------------------------
Cache hit (946) for mini_module_498.mlir - runtime: 9.296000000000001
-----------------------------------------------------------
Cache hit (944) for mini_module_496.mlir - runtime: 96.94400000000002
-----------------------------------------------------------
Cache hit (942) for mini_module_494.mlir - runtime: 9.000000000000002
-----------------------------------------------------------
Cache hit (940) for mini_module_492.mlir - runtime: 70.11200000000001
-----------------------------------------------------------
Cache hit (942) for mini_module_490.mlir - runtime: 9.000000000000002
-----------------------------------------------------------
Cache hit (936) for mini_module_488.mlir - runtime: 86.49600000000001
-----------------------------------------------------------
Cache hit (966) for mini_module_486.mlir - runtime: 8.96
-----------------------------------------------------------
Cache hit (964) for mini_module_484.mlir - runtime: 49.74400000000001
-----------------------------------------------------------
Cache hit (966) for mini_module_482.mlir - runtime: 8.96
-----------------------------------------------------------
Cache hit (964) for mini_module_480.mlir - runtime: 49.74400000000001
-----------------------------------------------------------
Cache hit (958) for mini_module_478.mlir - runtime: 8.744000000000002
-----------------------------------------------------------
Cache hit (956) for mini_module_476.mlir - runtime: 66.11200000000001
-----------------------------------------------------------
Cache hit (966) for mini_module_474.mlir - runtime: 8.96
-----------------------------------------------------------
Translating MLIR to HLO:
xla-translate --stablehlo-to-hlo-text -o /storage/ice1/5/1/cman8/shared/hespas_workload/output/llama3/500m_4h200/mini_module_472.hlo output/llama3/500m_4h200/mini_module_472.mlir
hlo_runner_main --num_repeats=5 --profile_execution=true --hlo_argument_mode=uninitialized /storage/ice1/5/1/cman8/shared/hespas_workload/output/llama3/500m_4h200/mini_module_472.hlo
------------------------------------------------
Runtime estimate for mini_module_472.mlir - runtime: 59.632000000000005
-----------------------------------------------------------
Translating MLIR to HLO:
xla-translate --stablehlo-to-hlo-text -o /storage/ice1/5/1/cman8/shared/hespas_workload/output/llama3/500m_4h200/mini_module_470.hlo output/llama3/500m_4h200/mini_module_470.mlir
hlo_runner_main --num_repeats=5 --profile_execution=true --hlo_argument_mode=uninitialized /storage/ice1/5/1/cman8/shared/hespas_workload/output/llama3/500m_4h200/mini_module_470.hlo
------------------------------------------------
Runtime estimate for mini_module_470.mlir - runtime: 73.624
-----------------------------------------------------------
Translating MLIR to HLO:
xla-translate --stablehlo-to-hlo-text -o /storage/ice1/5/1/cman8/shared/hespas_workload/output/llama3/500m_4h200/mini_module_468.hlo output/llama3/500m_4h200/mini_module_468.mlir
hlo_runner_main --num_repeats=5 --profile_execution=true --hlo_argument_mode=uninitialized /storage/ice1/5/1/cman8/shared/hespas_workload/output/llama3/500m_4h200/mini_module_468.hlo
------------------------------------------------
Runtime estimate for mini_module_468.mlir - runtime: 248.00799999999998
-----------------------------------------------------------
Translating MLIR to HLO:
xla-translate --stablehlo-to-hlo-text -o /storage/ice1/5/1/cman8/shared/hespas_workload/output/llama3/500m_4h200/mini_module_466.hlo output/llama3/500m_4h200/mini_module_466.mlir
hlo_runner_main --num_repeats=5 --profile_execution=true --hlo_argument_mode=uninitialized /storage/ice1/5/1/cman8/shared/hespas_workload/output/llama3/500m_4h200/mini_module_466.hlo
------------------------------------------------
Runtime estimate for mini_module_466.mlir - runtime: 2269.6960000000004
-----------------------------------------------------------
Translating MLIR to HLO:
xla-translate --stablehlo-to-hlo-text -o /storage/ice1/5/1/cman8/shared/hespas_workload/output/llama3/500m_4h200/mini_module_464.hlo output/llama3/500m_4h200/mini_module_464.mlir
hlo_runner_main --num_repeats=5 --profile_execution=true --hlo_argument_mode=uninitialized /storage/ice1/5/1/cman8/shared/hespas_workload/output/llama3/500m_4h200/mini_module_464.hlo
------------------------------------------------
Runtime estimate for mini_module_464.mlir - runtime: 2067.088
-----------------------------------------------------------
Translating MLIR to HLO:
xla-translate --stablehlo-to-hlo-text -o /storage/ice1/5/1/cman8/shared/hespas_workload/output/llama3/500m_4h200/mini_module_462.hlo output/llama3/500m_4h200/mini_module_462.mlir
hlo_runner_main --num_repeats=5 --profile_execution=true --hlo_argument_mode=uninitialized /storage/ice1/5/1/cman8/shared/hespas_workload/output/llama3/500m_4h200/mini_module_462.hlo
------------------------------------------------
Runtime estimate for mini_module_462.mlir - runtime: 54.080000000000005
-----------------------------------------------------------
Translating MLIR to HLO:
xla-translate --stablehlo-to-hlo-text -o /storage/ice1/5/1/cman8/shared/hespas_workload/output/llama3/500m_4h200/mini_module_460.hlo output/llama3/500m_4h200/mini_module_460.mlir
hlo_runner_main --num_repeats=5 --profile_execution=true --hlo_argument_mode=uninitialized /storage/ice1/5/1/cman8/shared/hespas_workload/output/llama3/500m_4h200/mini_module_460.hlo
------------------------------------------------
Runtime estimate for mini_module_460.mlir - runtime: 96.528
-----------------------------------------------------------
Translating MLIR to HLO:
xla-translate --stablehlo-to-hlo-text -o /storage/ice1/5/1/cman8/shared/hespas_workload/output/llama3/500m_4h200/mini_module_458.hlo output/llama3/500m_4h200/mini_module_458.mlir
hlo_runner_main --num_repeats=5 --profile_execution=true --hlo_argument_mode=uninitialized /storage/ice1/5/1/cman8/shared/hespas_workload/output/llama3/500m_4h200/mini_module_458.hlo
------------------------------------------------
Runtime estimate for mini_module_458.mlir - runtime: 62.648
-----------------------------------------------------------
Cache hit (1662) for mini_module_456.mlir - runtime: 5.704000000000001
-----------------------------------------------------------
Cache hit (946) for mini_module_454.mlir - runtime: 9.296000000000001
-----------------------------------------------------------
Cache hit (944) for mini_module_452.mlir - runtime: 96.94400000000002
-----------------------------------------------------------
Cache hit (942) for mini_module_450.mlir - runtime: 9.000000000000002
-----------------------------------------------------------
Translating MLIR to HLO:
xla-translate --stablehlo-to-hlo-text -o /storage/ice1/5/1/cman8/shared/hespas_workload/output/llama3/500m_4h200/mini_module_448.hlo output/llama3/500m_4h200/mini_module_448.mlir
hlo_runner_main --num_repeats=5 --profile_execution=true --hlo_argument_mode=uninitialized /storage/ice1/5/1/cman8/shared/hespas_workload/output/llama3/500m_4h200/mini_module_448.hlo
------------------------------------------------
Runtime estimate for mini_module_448.mlir - runtime: 110.168
-----------------------------------------------------------
Translating MLIR to HLO:
xla-translate --stablehlo-to-hlo-text -o /storage/ice1/5/1/cman8/shared/hespas_workload/output/llama3/500m_4h200/mini_module_446.hlo output/llama3/500m_4h200/mini_module_446.mlir
hlo_runner_main --num_repeats=5 --profile_execution=true --hlo_argument_mode=uninitialized /storage/ice1/5/1/cman8/shared/hespas_workload/output/llama3/500m_4h200/mini_module_446.hlo
------------------------------------------------
Runtime estimate for mini_module_446.mlir - runtime: 10.952000000000002
-----------------------------------------------------------
Translating MLIR to HLO:
xla-translate --stablehlo-to-hlo-text -o /storage/ice1/5/1/cman8/shared/hespas_workload/output/llama3/500m_4h200/mini_module_444.hlo output/llama3/500m_4h200/mini_module_444.mlir
hlo_runner_main --num_repeats=5 --profile_execution=true --hlo_argument_mode=uninitialized /storage/ice1/5/1/cman8/shared/hespas_workload/output/llama3/500m_4h200/mini_module_444.hlo
------------------------------------------------
Runtime estimate for mini_module_444.mlir - runtime: 195.136
-----------------------------------------------------------
Translating MLIR to HLO:
xla-translate --stablehlo-to-hlo-text -o /storage/ice1/5/1/cman8/shared/hespas_workload/output/llama3/500m_4h200/mini_module_442.hlo output/llama3/500m_4h200/mini_module_442.mlir
hlo_runner_main --num_repeats=5 --profile_execution=true --hlo_argument_mode=uninitialized /storage/ice1/5/1/cman8/shared/hespas_workload/output/llama3/500m_4h200/mini_module_442.hlo
------------------------------------------------
Runtime estimate for mini_module_442.mlir - runtime: 171.872
-----------------------------------------------------------
Cache hit (468) for mini_module_440.mlir - runtime: 248.00799999999998
-----------------------------------------------------------
Cache hit (466) for mini_module_438.mlir - runtime: 2269.6960000000004
-----------------------------------------------------------
Cache hit (464) for mini_module_436.mlir - runtime: 2067.088
-----------------------------------------------------------
Translating MLIR to HLO:
xla-translate --stablehlo-to-hlo-text -o /storage/ice1/5/1/cman8/shared/hespas_workload/output/llama3/500m_4h200/mini_module_434.hlo output/llama3/500m_4h200/mini_module_434.mlir
hlo_runner_main --num_repeats=5 --profile_execution=true --hlo_argument_mode=uninitialized /storage/ice1/5/1/cman8/shared/hespas_workload/output/llama3/500m_4h200/mini_module_434.hlo
------------------------------------------------
Runtime estimate for mini_module_434.mlir - runtime: 91.92
-----------------------------------------------------------
Translating MLIR to HLO:
xla-translate --stablehlo-to-hlo-text -o /storage/ice1/5/1/cman8/shared/hespas_workload/output/llama3/500m_4h200/mini_module_432.hlo output/llama3/500m_4h200/mini_module_432.mlir
hlo_runner_main --num_repeats=5 --profile_execution=true --hlo_argument_mode=uninitialized /storage/ice1/5/1/cman8/shared/hespas_workload/output/llama3/500m_4h200/mini_module_432.hlo
------------------------------------------------
Runtime estimate for mini_module_432.mlir - runtime: 116.35200000000002
-----------------------------------------------------------
Translating MLIR to HLO:
xla-translate --stablehlo-to-hlo-text -o /storage/ice1/5/1/cman8/shared/hespas_workload/output/llama3/500m_4h200/mini_module_430.hlo output/llama3/500m_4h200/mini_module_430.mlir
hlo_runner_main --num_repeats=5 --profile_execution=true --hlo_argument_mode=uninitialized /storage/ice1/5/1/cman8/shared/hespas_workload/output/llama3/500m_4h200/mini_module_430.hlo
------------------------------------------------
Runtime estimate for mini_module_430.mlir - runtime: 94.19200000000001
-----------------------------------------------------------
Translating MLIR to HLO:
xla-translate --stablehlo-to-hlo-text -o /storage/ice1/5/1/cman8/shared/hespas_workload/output/llama3/500m_4h200/mini_module_428.hlo output/llama3/500m_4h200/mini_module_428.mlir
hlo_runner_main --num_repeats=5 --profile_execution=true --hlo_argument_mode=uninitialized /storage/ice1/5/1/cman8/shared/hespas_workload/output/llama3/500m_4h200/mini_module_428.hlo
------------------------------------------------
Runtime estimate for mini_module_428.mlir - runtime: 179.25600000000003
-----------------------------------------------------------
Cache hit (468) for mini_module_426.mlir - runtime: 248.00799999999998
-----------------------------------------------------------
Cache hit (466) for mini_module_424.mlir - runtime: 2269.6960000000004
-----------------------------------------------------------
Cache hit (464) for mini_module_422.mlir - runtime: 2067.088
-----------------------------------------------------------
Cache hit (434) for mini_module_420.mlir - runtime: 91.92
-----------------------------------------------------------
Cache hit (432) for mini_module_418.mlir - runtime: 116.35200000000002
-----------------------------------------------------------
Cache hit (430) for mini_module_416.mlir - runtime: 94.19200000000001
-----------------------------------------------------------
Cache hit (428) for mini_module_414.mlir - runtime: 179.25600000000003
-----------------------------------------------------------
Cache hit (468) for mini_module_412.mlir - runtime: 248.00799999999998
-----------------------------------------------------------
Cache hit (466) for mini_module_410.mlir - runtime: 2269.6960000000004
-----------------------------------------------------------
Cache hit (464) for mini_module_408.mlir - runtime: 2067.088
-----------------------------------------------------------
Cache hit (434) for mini_module_406.mlir - runtime: 91.92
-----------------------------------------------------------
Cache hit (432) for mini_module_404.mlir - runtime: 116.35200000000002
-----------------------------------------------------------
Cache hit (430) for mini_module_402.mlir - runtime: 94.19200000000001
-----------------------------------------------------------
Cache hit (428) for mini_module_400.mlir - runtime: 179.25600000000003
-----------------------------------------------------------
Cache hit (468) for mini_module_398.mlir - runtime: 248.00799999999998
-----------------------------------------------------------
Cache hit (466) for mini_module_396.mlir - runtime: 2269.6960000000004
-----------------------------------------------------------
Cache hit (464) for mini_module_394.mlir - runtime: 2067.088
-----------------------------------------------------------
Cache hit (434) for mini_module_392.mlir - runtime: 91.92
-----------------------------------------------------------
Cache hit (432) for mini_module_390.mlir - runtime: 116.35200000000002
-----------------------------------------------------------
Cache hit (430) for mini_module_388.mlir - runtime: 94.19200000000001
-----------------------------------------------------------
Cache hit (428) for mini_module_386.mlir - runtime: 179.25600000000003
-----------------------------------------------------------
Cache hit (468) for mini_module_384.mlir - runtime: 248.00799999999998
-----------------------------------------------------------
Cache hit (466) for mini_module_382.mlir - runtime: 2269.6960000000004
-----------------------------------------------------------
Cache hit (464) for mini_module_380.mlir - runtime: 2067.088
-----------------------------------------------------------
Cache hit (434) for mini_module_378.mlir - runtime: 91.92
-----------------------------------------------------------
Cache hit (432) for mini_module_376.mlir - runtime: 116.35200000000002
-----------------------------------------------------------
Cache hit (430) for mini_module_374.mlir - runtime: 94.19200000000001
-----------------------------------------------------------
Cache hit (428) for mini_module_372.mlir - runtime: 179.25600000000003
-----------------------------------------------------------
Cache hit (468) for mini_module_370.mlir - runtime: 248.00799999999998
-----------------------------------------------------------
Cache hit (466) for mini_module_368.mlir - runtime: 2269.6960000000004
-----------------------------------------------------------
Cache hit (464) for mini_module_366.mlir - runtime: 2067.088
-----------------------------------------------------------
Cache hit (434) for mini_module_364.mlir - runtime: 91.92
-----------------------------------------------------------
Cache hit (432) for mini_module_362.mlir - runtime: 116.35200000000002
-----------------------------------------------------------
Cache hit (430) for mini_module_360.mlir - runtime: 94.19200000000001
-----------------------------------------------------------
Cache hit (428) for mini_module_358.mlir - runtime: 179.25600000000003
-----------------------------------------------------------
Cache hit (468) for mini_module_356.mlir - runtime: 248.00799999999998
-----------------------------------------------------------
Cache hit (466) for mini_module_354.mlir - runtime: 2269.6960000000004
-----------------------------------------------------------
Cache hit (464) for mini_module_352.mlir - runtime: 2067.088
-----------------------------------------------------------
Cache hit (434) for mini_module_350.mlir - runtime: 91.92
-----------------------------------------------------------
Cache hit (432) for mini_module_348.mlir - runtime: 116.35200000000002
-----------------------------------------------------------
Cache hit (430) for mini_module_346.mlir - runtime: 94.19200000000001
-----------------------------------------------------------
Cache hit (428) for mini_module_344.mlir - runtime: 179.25600000000003
-----------------------------------------------------------
Cache hit (468) for mini_module_342.mlir - runtime: 248.00799999999998
-----------------------------------------------------------
Cache hit (466) for mini_module_340.mlir - runtime: 2269.6960000000004
-----------------------------------------------------------
Cache hit (464) for mini_module_338.mlir - runtime: 2067.088
-----------------------------------------------------------
Cache hit (434) for mini_module_336.mlir - runtime: 91.92
-----------------------------------------------------------
Cache hit (432) for mini_module_334.mlir - runtime: 116.35200000000002
-----------------------------------------------------------
Cache hit (430) for mini_module_332.mlir - runtime: 94.19200000000001
-----------------------------------------------------------
Cache hit (428) for mini_module_330.mlir - runtime: 179.25600000000003
-----------------------------------------------------------
Cache hit (468) for mini_module_328.mlir - runtime: 248.00799999999998
-----------------------------------------------------------
Cache hit (466) for mini_module_326.mlir - runtime: 2269.6960000000004
-----------------------------------------------------------
Cache hit (464) for mini_module_324.mlir - runtime: 2067.088
-----------------------------------------------------------
Cache hit (434) for mini_module_322.mlir - runtime: 91.92
-----------------------------------------------------------
Cache hit (432) for mini_module_320.mlir - runtime: 116.35200000000002
-----------------------------------------------------------
Cache hit (430) for mini_module_318.mlir - runtime: 94.19200000000001
-----------------------------------------------------------
Cache hit (428) for mini_module_316.mlir - runtime: 179.25600000000003
-----------------------------------------------------------
Cache hit (468) for mini_module_314.mlir - runtime: 248.00799999999998
-----------------------------------------------------------
Cache hit (466) for mini_module_312.mlir - runtime: 2269.6960000000004
-----------------------------------------------------------
Cache hit (464) for mini_module_310.mlir - runtime: 2067.088
-----------------------------------------------------------
Cache hit (434) for mini_module_308.mlir - runtime: 91.92
-----------------------------------------------------------
Cache hit (432) for mini_module_306.mlir - runtime: 116.35200000000002
-----------------------------------------------------------
Cache hit (430) for mini_module_304.mlir - runtime: 94.19200000000001
-----------------------------------------------------------
Cache hit (428) for mini_module_302.mlir - runtime: 179.25600000000003
-----------------------------------------------------------
Cache hit (468) for mini_module_300.mlir - runtime: 248.00799999999998
-----------------------------------------------------------
Cache hit (466) for mini_module_298.mlir - runtime: 2269.6960000000004
-----------------------------------------------------------
Cache hit (464) for mini_module_296.mlir - runtime: 2067.088
-----------------------------------------------------------
Cache hit (434) for mini_module_294.mlir - runtime: 91.92
-----------------------------------------------------------
Cache hit (432) for mini_module_292.mlir - runtime: 116.35200000000002
-----------------------------------------------------------
Cache hit (430) for mini_module_290.mlir - runtime: 94.19200000000001
-----------------------------------------------------------
Cache hit (428) for mini_module_288.mlir - runtime: 179.25600000000003
-----------------------------------------------------------
Cache hit (468) for mini_module_286.mlir - runtime: 248.00799999999998
-----------------------------------------------------------
Cache hit (466) for mini_module_284.mlir - runtime: 2269.6960000000004
-----------------------------------------------------------
Cache hit (464) for mini_module_282.mlir - runtime: 2067.088
-----------------------------------------------------------
Cache hit (434) for mini_module_280.mlir - runtime: 91.92
-----------------------------------------------------------
Cache hit (432) for mini_module_278.mlir - runtime: 116.35200000000002
-----------------------------------------------------------
Cache hit (430) for mini_module_276.mlir - runtime: 94.19200000000001
-----------------------------------------------------------
Cache hit (428) for mini_module_274.mlir - runtime: 179.25600000000003
-----------------------------------------------------------
Cache hit (468) for mini_module_272.mlir - runtime: 248.00799999999998
-----------------------------------------------------------
Cache hit (466) for mini_module_270.mlir - runtime: 2269.6960000000004
-----------------------------------------------------------
Cache hit (464) for mini_module_268.mlir - runtime: 2067.088
-----------------------------------------------------------
Cache hit (434) for mini_module_266.mlir - runtime: 91.92
-----------------------------------------------------------
Cache hit (432) for mini_module_264.mlir - runtime: 116.35200000000002
-----------------------------------------------------------
Cache hit (430) for mini_module_262.mlir - runtime: 94.19200000000001
-----------------------------------------------------------
Cache hit (428) for mini_module_260.mlir - runtime: 179.25600000000003
-----------------------------------------------------------
Cache hit (468) for mini_module_258.mlir - runtime: 248.00799999999998
-----------------------------------------------------------
Cache hit (466) for mini_module_256.mlir - runtime: 2269.6960000000004
-----------------------------------------------------------
Cache hit (464) for mini_module_254.mlir - runtime: 2067.088
-----------------------------------------------------------
Cache hit (434) for mini_module_252.mlir - runtime: 91.92
-----------------------------------------------------------
Cache hit (432) for mini_module_250.mlir - runtime: 116.35200000000002
-----------------------------------------------------------
Cache hit (430) for mini_module_248.mlir - runtime: 94.19200000000001
-----------------------------------------------------------
Cache hit (428) for mini_module_246.mlir - runtime: 179.25600000000003
-----------------------------------------------------------
Cache hit (468) for mini_module_244.mlir - runtime: 248.00799999999998
-----------------------------------------------------------
Translating MLIR to HLO:
xla-translate --stablehlo-to-hlo-text -o /storage/ice1/5/1/cman8/shared/hespas_workload/output/llama3/500m_4h200/mini_module_242.hlo output/llama3/500m_4h200/mini_module_242.mlir
hlo_runner_main --num_repeats=5 --profile_execution=true --hlo_argument_mode=uninitialized /storage/ice1/5/1/cman8/shared/hespas_workload/output/llama3/500m_4h200/mini_module_242.hlo
------------------------------------------------
Runtime estimate for mini_module_242.mlir - runtime: 1991.4240000000004
-----------------------------------------------------------
Cache hit (464) for mini_module_240.mlir - runtime: 2067.088
-----------------------------------------------------------
Cache hit (434) for mini_module_238.mlir - runtime: 91.92
-----------------------------------------------------------
Cache hit (432) for mini_module_236.mlir - runtime: 116.35200000000002
-----------------------------------------------------------
Cache hit (430) for mini_module_234.mlir - runtime: 94.19200000000001
-----------------------------------------------------------
Translating MLIR to HLO:
xla-translate --stablehlo-to-hlo-text -o /storage/ice1/5/1/cman8/shared/hespas_workload/output/llama3/500m_4h200/mini_module_232.hlo output/llama3/500m_4h200/mini_module_232.mlir
hlo_runner_main --num_repeats=5 --profile_execution=true --hlo_argument_mode=uninitialized /storage/ice1/5/1/cman8/shared/hespas_workload/output/llama3/500m_4h200/mini_module_232.hlo
------------------------------------------------
Runtime estimate for mini_module_232.mlir - runtime: 153.072
-----------------------------------------------------------
Translating MLIR to HLO:
xla-translate --stablehlo-to-hlo-text -o /storage/ice1/5/1/cman8/shared/hespas_workload/output/llama3/500m_4h200/mini_module_230.hlo output/llama3/500m_4h200/mini_module_230.mlir
hlo_runner_main --num_repeats=5 --profile_execution=true --hlo_argument_mode=uninitialized /storage/ice1/5/1/cman8/shared/hespas_workload/output/llama3/500m_4h200/mini_module_230.hlo
------------------------------------------------
Runtime estimate for mini_module_230.mlir - runtime: 4539.735500000001
-----------------------------------------------------------
Translating MLIR to HLO:
xla-translate --stablehlo-to-hlo-text -o /storage/ice1/5/1/cman8/shared/hespas_workload/output/llama3/500m_4h200/mini_module_228.hlo output/llama3/500m_4h200/mini_module_228.mlir
hlo_runner_main --num_repeats=5 --profile_execution=true --hlo_argument_mode=uninitialized /storage/ice1/5/1/cman8/shared/hespas_workload/output/llama3/500m_4h200/mini_module_228.hlo
------------------------------------------------
Runtime estimate for mini_module_228.mlir - runtime: 637.8800000000001
-----------------------------------------------------------
Translating MLIR to HLO:
xla-translate --stablehlo-to-hlo-text -o /storage/ice1/5/1/cman8/shared/hespas_workload/output/llama3/500m_4h200/mini_module_226.hlo output/llama3/500m_4h200/mini_module_226.mlir
hlo_runner_main --num_repeats=5 --profile_execution=true --hlo_argument_mode=uninitialized /storage/ice1/5/1/cman8/shared/hespas_workload/output/llama3/500m_4h200/mini_module_226.hlo
------------------------------------------------
Runtime estimate for mini_module_226.mlir - runtime: 83.144
-----------------------------------------------------------
Translating MLIR to HLO:
xla-translate --stablehlo-to-hlo-text -o /storage/ice1/5/1/cman8/shared/hespas_workload/output/llama3/500m_4h200/mini_module_224.hlo output/llama3/500m_4h200/mini_module_224.mlir
hlo_runner_main --num_repeats=5 --profile_execution=true --hlo_argument_mode=uninitialized /storage/ice1/5/1/cman8/shared/hespas_workload/output/llama3/500m_4h200/mini_module_224.hlo
------------------------------------------------
Runtime estimate for mini_module_224.mlir - runtime: 100.13600000000001
-----------------------------------------------------------
Translating MLIR to HLO:
xla-translate --stablehlo-to-hlo-text -o /storage/ice1/5/1/cman8/shared/hespas_workload/output/llama3/500m_4h200/mini_module_222.hlo output/llama3/500m_4h200/mini_module_222.mlir
hlo_runner_main --num_repeats=5 --profile_execution=true --hlo_argument_mode=uninitialized /storage/ice1/5/1/cman8/shared/hespas_workload/output/llama3/500m_4h200/mini_module_222.hlo
------------------------------------------------
Runtime estimate for mini_module_222.mlir - runtime: 100.68800000000002
-----------------------------------------------------------
Translating MLIR to HLO:
xla-translate --stablehlo-to-hlo-text -o /storage/ice1/5/1/cman8/shared/hespas_workload/output/llama3/500m_4h200/mini_module_220.hlo output/llama3/500m_4h200/mini_module_220.mlir
hlo_runner_main --num_repeats=5 --profile_execution=true --hlo_argument_mode=uninitialized /storage/ice1/5/1/cman8/shared/hespas_workload/output/llama3/500m_4h200/mini_module_220.hlo
------------------------------------------------
Runtime estimate for mini_module_220.mlir - runtime: 56.93600000000001
-----------------------------------------------------------
Translating MLIR to HLO:
xla-translate --stablehlo-to-hlo-text -o /storage/ice1/5/1/cman8/shared/hespas_workload/output/llama3/500m_4h200/mini_module_218.hlo output/llama3/500m_4h200/mini_module_218.mlir
hlo_runner_main --num_repeats=5 --profile_execution=true --hlo_argument_mode=uninitialized /storage/ice1/5/1/cman8/shared/hespas_workload/output/llama3/500m_4h200/mini_module_218.hlo
------------------------------------------------
Runtime estimate for mini_module_218.mlir - runtime: 2341.496
-----------------------------------------------------------
Translating MLIR to HLO:
xla-translate --stablehlo-to-hlo-text -o /storage/ice1/5/1/cman8/shared/hespas_workload/output/llama3/500m_4h200/mini_module_216.hlo output/llama3/500m_4h200/mini_module_216.mlir
hlo_runner_main --num_repeats=5 --profile_execution=true --hlo_argument_mode=uninitialized /storage/ice1/5/1/cman8/shared/hespas_workload/output/llama3/500m_4h200/mini_module_216.hlo
------------------------------------------------
Runtime estimate for mini_module_216.mlir - runtime: 58.17600000000001
-----------------------------------------------------------
Translating MLIR to HLO:
xla-translate --stablehlo-to-hlo-text -o /storage/ice1/5/1/cman8/shared/hespas_workload/output/llama3/500m_4h200/mini_module_214.hlo output/llama3/500m_4h200/mini_module_214.mlir
hlo_runner_main --num_repeats=5 --profile_execution=true --hlo_argument_mode=uninitialized /storage/ice1/5/1/cman8/shared/hespas_workload/output/llama3/500m_4h200/mini_module_214.hlo
------------------------------------------------
Runtime estimate for mini_module_214.mlir - runtime: 41.70400000000001
-----------------------------------------------------------
Translating MLIR to HLO:
xla-translate --stablehlo-to-hlo-text -o /storage/ice1/5/1/cman8/shared/hespas_workload/output/llama3/500m_4h200/mini_module_212.hlo output/llama3/500m_4h200/mini_module_212.mlir
hlo_runner_main --num_repeats=5 --profile_execution=true --hlo_argument_mode=uninitialized /storage/ice1/5/1/cman8/shared/hespas_workload/output/llama3/500m_4h200/mini_module_212.hlo
------------------------------------------------
Runtime estimate for mini_module_212.mlir - runtime: 81.33600000000001
-----------------------------------------------------------
Cache hit (224) for mini_module_210.mlir - runtime: 100.13600000000001
-----------------------------------------------------------
Cache hit (222) for mini_module_208.mlir - runtime: 100.68800000000002
-----------------------------------------------------------
Cache hit (220) for mini_module_206.mlir - runtime: 56.93600000000001
-----------------------------------------------------------
Cache hit (218) for mini_module_204.mlir - runtime: 2341.496
-----------------------------------------------------------
Cache hit (216) for mini_module_202.mlir - runtime: 58.17600000000001
-----------------------------------------------------------
Cache hit (214) for mini_module_200.mlir - runtime: 41.70400000000001
-----------------------------------------------------------
Cache hit (212) for mini_module_198.mlir - runtime: 81.33600000000001
-----------------------------------------------------------
Cache hit (224) for mini_module_196.mlir - runtime: 100.13600000000001
-----------------------------------------------------------
Cache hit (222) for mini_module_194.mlir - runtime: 100.68800000000002
-----------------------------------------------------------
Cache hit (220) for mini_module_192.mlir - runtime: 56.93600000000001
-----------------------------------------------------------
Cache hit (218) for mini_module_190.mlir - runtime: 2341.496
-----------------------------------------------------------
Cache hit (216) for mini_module_188.mlir - runtime: 58.17600000000001
-----------------------------------------------------------
Cache hit (214) for mini_module_186.mlir - runtime: 41.70400000000001
-----------------------------------------------------------
Cache hit (212) for mini_module_184.mlir - runtime: 81.33600000000001
-----------------------------------------------------------
Cache hit (224) for mini_module_182.mlir - runtime: 100.13600000000001
-----------------------------------------------------------
Cache hit (222) for mini_module_180.mlir - runtime: 100.68800000000002
-----------------------------------------------------------
Cache hit (220) for mini_module_178.mlir - runtime: 56.93600000000001
-----------------------------------------------------------
Cache hit (218) for mini_module_176.mlir - runtime: 2341.496
-----------------------------------------------------------
Cache hit (216) for mini_module_174.mlir - runtime: 58.17600000000001
-----------------------------------------------------------
Cache hit (214) for mini_module_172.mlir - runtime: 41.70400000000001
-----------------------------------------------------------
Cache hit (212) for mini_module_170.mlir - runtime: 81.33600000000001
-----------------------------------------------------------
Cache hit (224) for mini_module_168.mlir - runtime: 100.13600000000001
-----------------------------------------------------------
Cache hit (222) for mini_module_166.mlir - runtime: 100.68800000000002
-----------------------------------------------------------
Cache hit (220) for mini_module_164.mlir - runtime: 56.93600000000001
-----------------------------------------------------------
Cache hit (218) for mini_module_162.mlir - runtime: 2341.496
-----------------------------------------------------------
Cache hit (216) for mini_module_160.mlir - runtime: 58.17600000000001
-----------------------------------------------------------
Cache hit (214) for mini_module_158.mlir - runtime: 41.70400000000001
-----------------------------------------------------------
Cache hit (212) for mini_module_156.mlir - runtime: 81.33600000000001
-----------------------------------------------------------
Cache hit (224) for mini_module_154.mlir - runtime: 100.13600000000001
-----------------------------------------------------------
Cache hit (222) for mini_module_152.mlir - runtime: 100.68800000000002
-----------------------------------------------------------
Cache hit (220) for mini_module_150.mlir - runtime: 56.93600000000001
-----------------------------------------------------------
Cache hit (218) for mini_module_148.mlir - runtime: 2341.496
-----------------------------------------------------------
Cache hit (216) for mini_module_146.mlir - runtime: 58.17600000000001
-----------------------------------------------------------
Cache hit (214) for mini_module_144.mlir - runtime: 41.70400000000001
-----------------------------------------------------------
Cache hit (212) for mini_module_142.mlir - runtime: 81.33600000000001
-----------------------------------------------------------
Cache hit (224) for mini_module_140.mlir - runtime: 100.13600000000001
-----------------------------------------------------------
Cache hit (222) for mini_module_138.mlir - runtime: 100.68800000000002
-----------------------------------------------------------
Cache hit (220) for mini_module_136.mlir - runtime: 56.93600000000001
-----------------------------------------------------------
Cache hit (218) for mini_module_134.mlir - runtime: 2341.496
-----------------------------------------------------------
Cache hit (216) for mini_module_132.mlir - runtime: 58.17600000000001
-----------------------------------------------------------
Cache hit (214) for mini_module_130.mlir - runtime: 41.70400000000001
-----------------------------------------------------------
Cache hit (212) for mini_module_128.mlir - runtime: 81.33600000000001
-----------------------------------------------------------
Cache hit (224) for mini_module_126.mlir - runtime: 100.13600000000001
-----------------------------------------------------------
Cache hit (222) for mini_module_124.mlir - runtime: 100.68800000000002
-----------------------------------------------------------
Cache hit (220) for mini_module_122.mlir - runtime: 56.93600000000001
-----------------------------------------------------------
Cache hit (218) for mini_module_120.mlir - runtime: 2341.496
-----------------------------------------------------------
Cache hit (216) for mini_module_118.mlir - runtime: 58.17600000000001
-----------------------------------------------------------
Cache hit (214) for mini_module_116.mlir - runtime: 41.70400000000001
-----------------------------------------------------------
Cache hit (212) for mini_module_114.mlir - runtime: 81.33600000000001
-----------------------------------------------------------
Cache hit (224) for mini_module_112.mlir - runtime: 100.13600000000001
-----------------------------------------------------------
Cache hit (222) for mini_module_110.mlir - runtime: 100.68800000000002
-----------------------------------------------------------
Cache hit (220) for mini_module_108.mlir - runtime: 56.93600000000001
-----------------------------------------------------------
Cache hit (218) for mini_module_106.mlir - runtime: 2341.496
-----------------------------------------------------------
Cache hit (216) for mini_module_104.mlir - runtime: 58.17600000000001
-----------------------------------------------------------
Cache hit (214) for mini_module_102.mlir - runtime: 41.70400000000001
-----------------------------------------------------------
Cache hit (212) for mini_module_100.mlir - runtime: 81.33600000000001
-----------------------------------------------------------
Cache hit (224) for mini_module_98.mlir - runtime: 100.13600000000001
-----------------------------------------------------------
Cache hit (222) for mini_module_96.mlir - runtime: 100.68800000000002
-----------------------------------------------------------
Cache hit (220) for mini_module_94.mlir - runtime: 56.93600000000001
-----------------------------------------------------------
Cache hit (218) for mini_module_92.mlir - runtime: 2341.496
-----------------------------------------------------------
Cache hit (216) for mini_module_90.mlir - runtime: 58.17600000000001
-----------------------------------------------------------
Cache hit (214) for mini_module_88.mlir - runtime: 41.70400000000001
-----------------------------------------------------------
Cache hit (212) for mini_module_86.mlir - runtime: 81.33600000000001
-----------------------------------------------------------
Cache hit (224) for mini_module_84.mlir - runtime: 100.13600000000001
-----------------------------------------------------------
Cache hit (222) for mini_module_82.mlir - runtime: 100.68800000000002
-----------------------------------------------------------
Cache hit (220) for mini_module_80.mlir - runtime: 56.93600000000001
-----------------------------------------------------------
Cache hit (218) for mini_module_78.mlir - runtime: 2341.496
-----------------------------------------------------------
Cache hit (216) for mini_module_76.mlir - runtime: 58.17600000000001
-----------------------------------------------------------
Cache hit (214) for mini_module_74.mlir - runtime: 41.70400000000001
-----------------------------------------------------------
Cache hit (212) for mini_module_72.mlir - runtime: 81.33600000000001
-----------------------------------------------------------
Cache hit (224) for mini_module_70.mlir - runtime: 100.13600000000001
-----------------------------------------------------------
Cache hit (222) for mini_module_68.mlir - runtime: 100.68800000000002
-----------------------------------------------------------
Cache hit (220) for mini_module_66.mlir - runtime: 56.93600000000001
-----------------------------------------------------------
Cache hit (218) for mini_module_64.mlir - runtime: 2341.496
-----------------------------------------------------------
Cache hit (216) for mini_module_62.mlir - runtime: 58.17600000000001
-----------------------------------------------------------
Cache hit (214) for mini_module_60.mlir - runtime: 41.70400000000001
-----------------------------------------------------------
Cache hit (212) for mini_module_58.mlir - runtime: 81.33600000000001
-----------------------------------------------------------
Cache hit (224) for mini_module_56.mlir - runtime: 100.13600000000001
-----------------------------------------------------------
Cache hit (222) for mini_module_54.mlir - runtime: 100.68800000000002
-----------------------------------------------------------
Cache hit (220) for mini_module_52.mlir - runtime: 56.93600000000001
-----------------------------------------------------------
Cache hit (218) for mini_module_50.mlir - runtime: 2341.496
-----------------------------------------------------------
Cache hit (216) for mini_module_48.mlir - runtime: 58.17600000000001
-----------------------------------------------------------
Cache hit (214) for mini_module_46.mlir - runtime: 41.70400000000001
-----------------------------------------------------------
Cache hit (212) for mini_module_44.mlir - runtime: 81.33600000000001
-----------------------------------------------------------
Cache hit (224) for mini_module_42.mlir - runtime: 100.13600000000001
-----------------------------------------------------------
Cache hit (222) for mini_module_40.mlir - runtime: 100.68800000000002
-----------------------------------------------------------
Cache hit (220) for mini_module_38.mlir - runtime: 56.93600000000001
-----------------------------------------------------------
Cache hit (218) for mini_module_36.mlir - runtime: 2341.496
-----------------------------------------------------------
Cache hit (216) for mini_module_34.mlir - runtime: 58.17600000000001
-----------------------------------------------------------
Cache hit (214) for mini_module_32.mlir - runtime: 41.70400000000001
-----------------------------------------------------------
Cache hit (212) for mini_module_30.mlir - runtime: 81.33600000000001
-----------------------------------------------------------
Cache hit (224) for mini_module_28.mlir - runtime: 100.13600000000001
-----------------------------------------------------------
Cache hit (222) for mini_module_26.mlir - runtime: 100.68800000000002
-----------------------------------------------------------
Cache hit (220) for mini_module_24.mlir - runtime: 56.93600000000001
-----------------------------------------------------------
Cache hit (218) for mini_module_22.mlir - runtime: 2341.496
-----------------------------------------------------------
Cache hit (216) for mini_module_20.mlir - runtime: 58.17600000000001
-----------------------------------------------------------
Cache hit (214) for mini_module_18.mlir - runtime: 41.70400000000001
-----------------------------------------------------------
Cache hit (212) for mini_module_16.mlir - runtime: 81.33600000000001
-----------------------------------------------------------
Cache hit (224) for mini_module_14.mlir - runtime: 100.13600000000001
-----------------------------------------------------------
Translating MLIR to HLO:
xla-translate --stablehlo-to-hlo-text -o /storage/ice1/5/1/cman8/shared/hespas_workload/output/llama3/500m_4h200/mini_module_12.hlo output/llama3/500m_4h200/mini_module_12.mlir
hlo_runner_main --num_repeats=5 --profile_execution=true --hlo_argument_mode=uninitialized /storage/ice1/5/1/cman8/shared/hespas_workload/output/llama3/500m_4h200/mini_module_12.hlo
------------------------------------------------
Runtime estimate for mini_module_12.mlir - runtime: 96.40000000000002
-----------------------------------------------------------
Cache hit (220) for mini_module_10.mlir - runtime: 56.93600000000001
-----------------------------------------------------------
Translating MLIR to HLO:
xla-translate --stablehlo-to-hlo-text -o /storage/ice1/5/1/cman8/shared/hespas_workload/output/llama3/500m_4h200/mini_module_8.hlo output/llama3/500m_4h200/mini_module_8.mlir
hlo_runner_main --num_repeats=5 --profile_execution=true --hlo_argument_mode=uninitialized /storage/ice1/5/1/cman8/shared/hespas_workload/output/llama3/500m_4h200/mini_module_8.hlo
------------------------------------------------
Runtime estimate for mini_module_8.mlir - runtime: 1843.9920000000002
-----------------------------------------------------------
Translating MLIR to HLO:
xla-translate --stablehlo-to-hlo-text -o /storage/ice1/5/1/cman8/shared/hespas_workload/output/llama3/500m_4h200/mini_module_6.hlo output/llama3/500m_4h200/mini_module_6.mlir
hlo_runner_main --num_repeats=5 --profile_execution=true --hlo_argument_mode=uninitialized /storage/ice1/5/1/cman8/shared/hespas_workload/output/llama3/500m_4h200/mini_module_6.hlo
------------------------------------------------
Runtime estimate for mini_module_6.mlir - runtime: 62.52000000000001
-----------------------------------------------------------
Translating MLIR to HLO:
xla-translate --stablehlo-to-hlo-text -o /storage/ice1/5/1/cman8/shared/hespas_workload/output/llama3/500m_4h200/mini_module_4.hlo output/llama3/500m_4h200/mini_module_4.mlir
hlo_runner_main --num_repeats=5 --profile_execution=true --hlo_argument_mode=uninitialized /storage/ice1/5/1/cman8/shared/hespas_workload/output/llama3/500m_4h200/mini_module_4.hlo
------------------------------------------------
Runtime estimate for mini_module_4.mlir - runtime: 460.2080000000001
-----------------------------------------------------------
Translating MLIR to HLO:
xla-translate --stablehlo-to-hlo-text -o /storage/ice1/5/1/cman8/shared/hespas_workload/output/llama3/500m_4h200/mini_module_2.hlo output/llama3/500m_4h200/mini_module_2.mlir
hlo_runner_main --num_repeats=5 --profile_execution=true --hlo_argument_mode=uninitialized /storage/ice1/5/1/cman8/shared/hespas_workload/output/llama3/500m_4h200/mini_module_2.hlo
------------------------------------------------
Runtime estimate for mini_module_2.mlir - runtime: 1492.7600000000002
-----------------------------------------------------------
Translating MLIR to HLO:
xla-translate --stablehlo-to-hlo-text -o /storage/ice1/5/1/cman8/shared/hespas_workload/output/llama3/500m_4h200/mini_module_0.hlo output/llama3/500m_4h200/mini_module_0.mlir
hlo_runner_main --num_repeats=5 --profile_execution=true --hlo_argument_mode=uninitialized /storage/ice1/5/1/cman8/shared/hespas_workload/output/llama3/500m_4h200/mini_module_0.hlo
------------------------------------------------
Runtime estimate for mini_module_0.mlir - runtime: 630.0720000000001
------------------------------------------------------------
Linking chakra traces 4 times for all devices.
Chakra gen done.
Cache hits: 762
Basic block reuse rate: 0.91 (762/834)
Operator reuse factor: 0.66 (7445/11201)
Compute Runtime Estimation: 150018.38 us
Stats: {}
------------------------------------------------------------
Done. Output directory: output/llama3/500m_4h200
Took 178.174s
